slug,cryptolists_name,brand,is_new,vpn_friendly,no_kyc,cryptolists_rating,domain,confidence,live,already_in_pool,title,reason
luckycoin,Lucky Coin Casino,Lucky Coin Casino,yes,no,no,8.40,luckycoin.com,high,yes,no,Lucky Coin: The Casino With Zero to Hide,
blockspins,Blockspins Casino,Blockspins Casino,yes,yes,no,1.75,blockspins.com,high,yes,no,,
luckyanon,Lucky Anon Casino,Lucky Anon Casino,yes,yes,yes,9.20,luckyanon.com,high,yes,no,Lucky Anon Casino - Anonymous Crypto Casino | Official Site,
sagaspins,Saga Spins Casino,Saga Spins Casino,yes,no,no,9.40,landingstool.eu,low,yes,no,SagaSpins Offers,
spinmama,Spin Mama Casino,Spin Mama Casino,yes,no,no,9.25,koraly7.com,low,yes,no,loading...,
reelsio,,Reelsio,yes,yes,no,9.40,rdr-reels.com,low,yes,no,Loading...,
afkspin,AFK Spin Casino,AFK Spin Casino,yes,no,no,9.30,nexono4.com,low,yes,no,loading...,
cryptocasinocc,,Cryptocasinocc,yes,yes,no,9.40,anoncas.xyz,low,yes,no,,
betpanda-io,Bet Panda IO,Bet Panda IO,yes,yes,no,9.50,betpanda.partners,low,yes,no,,
onlyspins,Only Spins Casino,Only Spins Casino,yes,no,no,9.30,7starpartners.com,low,yes,no,7StarsPartners: A multi brand gambling affiliate program,
goldzino,Goldzino,Goldzino,yes,no,no,9.25,cyrazo6.com,low,yes,no,loading...,
winairlines,Win Airlines Casino,Win Airlines Casino,yes,no,no,9.30,kenovia6.com,low,yes,no,loading...,
bcgame,BC Game,BC Game,no,yes,yes,9.50,bcgame-freespin.com,low,yes,no,,
vincispin,Vinci Spin,Vinci Spin,yes,no,no,9.30,bexaiq5.com,low,yes,no,loading...,
betfury,Bet Fury Casino,Bet Fury Casino,no,no,no,9.40,betfury.ac,high,yes,no,BetFury – Crypto Casino & Sportsbook | 590% Bonus & 225 Free Spins,
cryptoleo-homepage,Crypto Leo,Crypto Leo,no,no,no,9.50,plenaco2.com,low,yes,no,loading...,
vawzen,Vawzen Gaming,Vawzen Gaming,yes,no,no,9.20,vawzengaming.com,low,yes,yes,Vawzen Gaming - welcome offer usd,
parimatch,Parimatch Casino,Parimatch Casino,yes,no,no,9.40,parimatch.page,high,yes,no,Parimatch,
billionairespin,Billionaire Spin,Billionaire Spin,yes,no,no,9.20,bexavia3.com,low,yes,no,loading...,
spinogambino,Spino Gambino Casino,Spino Gambino Casino,yes,no,no,9.25,bexazo2.com,low,yes,no,loading...,
dragonslots,Dragon Slots Casino,Dragon Slots Casino,yes,no,no,9.30,dragonslots.com,high,yes,yes,Loading...,
ltc-casino,LTC Casino,LTC Casino,no,yes,no,9.50,ltccas.xyz,high,yes,no,,
roostake,Roo Stake Casino,Roo Stake Casino,yes,no,no,9.25,roostake.com,low,yes,no,RooStake: Best Crypto Casino & Online Casino – Bitcoin Slots & Roo Stake Casino,
thestakehouse,The Stake House,The Stake House,yes,no,no,9.20,thestakehouse.io,high,yes,no,The Stakehouse Online Casino,
goldbet,Gold Bet Casino,Gold Bet Casino,yes,no,no,9.30,promogb.com,low,yes,no,Sign Up for a Goldbet Casino Account,
slotneo,Slot Neo Casino,Slot Neo Casino,yes,no,no,9.20,slotneo-rdr.com,high,yes,no,Loading...,
playmojo,Play Mojo Casino,Play Mojo Casino,yes,no,no,9.30,playmojo.live,high,yes,no,,
bdmbet,BDM Bet,BDM Bet,yes,no,no,9.30,zentrofy2.com,low,yes,no,loading...,
spinspace,Spin Space Casino,Spin Space Casino,yes,no,no,9.30,pizzacamp.org,low,yes,no,Online Casinos in Australia – Fast Payout and Instant Withdrawal Casinos,
eth-casino,,Eth Casino,yes,yes,no,9.25,ethtopcas.xyz,low,yes,no,,
maxcasino,Max Casino,Max Casino,yes,no,yes,9.25,landingstool.eu,low,yes,no,Max Casino Offers,
rollxo,Rollxo Casino,Rollxo Casino,yes,no,no,9.25,rollxo.co,high,yes,no,,
welle,Welle Casino,Welle Casino,yes,yes,yes,9.20,welle.casino,high,yes,no,Welle Casino,
winz-casino-homepage,,Winz Casino Homepage,no,yes,no,9.33,winz1.me,high,yes,no,,
betsiocom,Betsio Casino,Betsio Casino,yes,no,no,9.40,gobets.io,low,yes,no,Online Casino & Sports Betting | Real Money Games at Betsio.com,
betrepublic,Bet Republic,Bet Republic,yes,no,no,9.25,betrepublic1.com,low,yes,no,BetRepublic,
bizzio-canada-reg,Bizzo Casino,Bizzo Casino,no,no,no,9.25,bizzocasino.com,low,yes,yes,Loading...,
flagman,Flagman Casino,Flagman Casino,yes,yes,yes,9.30,flagman-way-six.com,low,yes,no,Welcome,
betospin,Betospin,Betospin,yes,no,no,9.20,bepal.partners,low,yes,no,,
bonanzacity,Bonanza City Casino,Bonanza City Casino,yes,no,no,9.20,visit-bonanzacity.com,high,yes,no,肌ケアをもっと深く知るためのエステ情報,
rocketspin,Rocket Spin Casino,Rocket Spin Casino,yes,no,no,9.25,rocketspin.live,high,yes,no,,
lucky7even,Lucky 7 Even,Lucky 7 Even,yes,no,no,9.10,lucky7even.org,high,yes,no,,
playfina,Playfina Casino,Playfina Casino,yes,no,no,9.25,playfinago.com,high,yes,no,,
paripesa,Paripesa Casino,Paripesa Casino,yes,no,no,9.40,paripesa.com,low,yes,yes,,
justcasino-io,Just Casino IO,Just Casino IO,yes,yes,no,9.50,justcasinoplay.io,low,yes,no,,
felixspin-casino,Felix Spin,Felix Spin,yes,no,no,8.40,lumica5.com,low,yes,no,loading...,
lets777,Lets 777 Casino,Lets 777 Casino,yes,no,no,6.20,lets777.com,high,yes,no,"LETS777 – Online Casino | Slots, Jackpots & Bonuses",
lootrun,,Lootrun,yes,no,no,9.20,loot24.run,low,yes,no,,
fairpari,Fair Pari Casino,Fair Pari Casino,yes,no,no,9.25,fairpari.com:443,low,yes,no,,
weezybet,Weezy Bet,Weezy Bet,yes,no,yes,9.40,weezybet.com,high,yes,yes,Weezybet | Your world of instant wins,
alawin,Ala Win Casino,Ala Win Casino,yes,no,no,9.20,alw01cm.lpmediastorage.com,low,yes,no,,
irwin,Irwin Casino,Irwin Casino,yes,no,no,9.00,rwn-irrs10.com,low,yes,no,Welcome,
realspin,Real Spin,Real Spin,yes,no,no,9.30,realspin.club,low,yes,no,RealSpin,
monrocasino,Monro Casino,Monro Casino,yes,no,no,9.40,monrocasino.life,low,yes,no,Welcome,
bet25,Bet 25,Bet 25,yes,yes,no,9.30,bet25.com,low,yes,no,Welcome to Loyalty Path,
rollchain,Rollchain Casino,Rollchain Casino,yes,no,no,9.10,rollchain.io,high,yes,no,Rollchain: Crypto Casino - Play Directly from Your Wallet,
spin-samurai,Spin Samurai Casino,Spin Samurai Casino,no,no,no,9.30,spinsamurai.com,high,yes,yes,"Spin Samurai Casino Canada – C$5,000 + 150 Free Spins Starter Pack",
casinocat,Casino Cat,Casino Cat,yes,no,no,8.40,casinocat.com,low,yes,no,CasinoCat - VPN Access,
satoshihero,Satoshi Hero Casino,Satoshi Hero Casino,no,no,no,9.30,satoshihero.com,high,yes,yes,"Satoshi Hero — Bitcoin & Crypto Casino, 5,000+ Games",
rollero,Rollero Casino,Rollero Casino,yes,no,no,9.40,rollero.live,high,yes,no,,
foxslots,Fox Slots Casino,Fox Slots Casino,yes,no,no,9.25,foxslots.com,high,yes,no,FoxSlots Casino: Play Best Online Crypto Casino with Bitcoin (BTC) | Foxslots,
slotlounge,Slot Lounge Casino,Slot Lounge Casino,yes,no,no,9.50,slotlounge.live,low,yes,no,,
coolzino,Coolzino Casino,Coolzino Casino,yes,no,no,9.10,clarira8.com,low,yes,no,loading...,
bravoplay,Bravo Play Casino,Bravo Play Casino,yes,no,no,9.25,brav0play11.casino,low,yes,no,Sign Up | BravoPlay,
spingreen,Spin Green Casino,Spin Green Casino,no,no,no,9.10,spingreen3.casino,high,yes,no,SpinGreen Casino: Online Casino with Top Slots & Bonuses,
spinbetter,Spin Better Casino,Spin Better Casino,yes,no,no,9.20,velzom.com,low,yes,no,Loading...,
megapari,Megapari Casino,Megapari Casino,no,no,no,9.00,8543209mp.pro,low,yes,no,,
spinsup,Spins Up Casino,Spins Up Casino,yes,no,no,9.30,spinsup.live,high,yes,no,,
betmac,Bet Mac Casino,Bet Mac Casino,yes,no,no,8.80,betmac3.com,low,yes,no,Betmac Casino | Fast Withdrawals - Official site 2025,
wildroll-freespins,Wild Roll Casino,Wild Roll Casino,yes,no,no,9.10,wildroll.com,low,yes,yes,Register now & Get 100 Free Spins,
starzspins,Starz Spins Casino,Starz Spins Casino,yes,no,no,9.25,starzspins.com,high,yes,no,Starzspins,
betkudos,Bet Kudos,Bet Kudos,yes,no,no,7.25,betkudos.com,low,yes,no,Casino | BetKudos.com,
snatchcasino,Snatch Casino,Snatch Casino,yes,no,no,9.42,snatchcasino.io,low,yes,no,,
korucasino,Koru Casino,Koru Casino,yes,no,no,9.00,korucasino.live,low,yes,no,,
evobet,Evo Bet Casino,Evo Bet Casino,yes,no,no,9.30,landingstool.eu,low,yes,no,Evobet Landings,
goldexcasino,Goldex Casino,Goldex Casino,yes,no,no,9.20,goldexcasino.live,low,yes,no,,
spinwinera,Spin Winera Casino,Spin Winera Casino,yes,no,no,9.25,koraex2.com,low,yes,no,loading...,
milkyway,Milky Way Casino,Milky Way Casino,no,no,no,9.25,milkyway8.casino,high,yes,no,"MilkyWay Casino - the best online casino, a great selection of slots, mobile casino",
roosterbet,Rooster Bet,Rooster Bet,yes,no,no,9.40,rooster-bet.win,high,yes,no,,
blitzbet,Blitz Casino,Blitz Casino,yes,no,no,9.25,blitz.playtraff.com,high,yes,no,Casino - Play Online Casino Games | Blitz,
magneticslots,Magnetic Slots Casino,Magnetic Slots Casino,yes,no,no,9.10,crypva6.com,low,yes,no,loading...,
gizbo,Gizbo Casino,Gizbo Casino,yes,no,no,9.20,gizbo-way-eight.com,low,yes,no,Welcome,
lamabet-casino,Lama Bet Casino,Lama Bet Casino,yes,no,no,9.50,lama.playtraff.com,high,yes,no,Online Casino | Weekly Cashback up to 15% | VIP Program | Lamabet,
playbet,Playbet Casino,Playbet Casino,yes,yes,yes,9.30,playbetiolayer.io,high,yes,no,,
casin0x,Casin0x,Casin0x,yes,no,no,9.10,casin0x.com,high,yes,no,Casin0x - #1 Crypto Casino | Instant Withdrawals & Provably Fair Games,
spinando,Spinando Casino -,Spinando Casino -,yes,no,no,9.20,regspindo.com,low,yes,no,,
oscarspin,Oscar Spin Casino,Oscar Spin Casino,yes,no,no,9.20,crypco6.com,low,yes,no,loading...,
ubet,UBet Casino,UBet Casino,yes,no,yes,9.10,ubet.io,high,yes,yes,UBET.io — Fast Crypto Casino Games & Instant Deposits,
corgibet,Corgi Bet,Corgi Bet,yes,no,no,3.00,kenoro7.com,low,yes,no,loading...,
wild-io,Wild IO Casino,Wild IO Casino,yes,no,no,1.04,wild.io,low,yes,yes,Wild.io Crypto Casino | Crypto Slots | Bitcoin Games,
luckyvibe,Lucky Vibe Casino,Lucky Vibe Casino,yes,no,no,9.30,lucky-vibe.io,high,yes,no,,
zenobet,Zenobet,Zenobet,yes,no,no,6.20,zenobet.io,low,yes,no,Zenobet,
betsio,Bets.io Casino,Bets.io Casino,no,no,no,9.10,gobets.io,low,yes,no,Online Casino & Sports Betting | Real Money Games at Betsio.com,
luckykong,Lucky Kong Casino,Lucky Kong Casino,yes,no,no,9.20,cdn.aff.gold,low,yes,no,,
purecasino,Pure Casino,Pure Casino,no,no,no,9.25,cashpurecasino.co,low,yes,no,Home,
spinjo,Spinjo Casino,Spinjo Casino,yes,no,no,8.90,spinjo.live,high,yes,no,,
funkyjackpot,Funky Jackpot,Funky Jackpot,no,no,no,9.20,promotions.funkyjackpot.com,low,yes,no,Casino NonUK-Funkyjackpot,
respin-casino-crypto,Respin Casino,Respin Casino,yes,no,no,8.25,respin.bet,low,yes,no,Respin Casino,
casinowinner,Casino Winner,Casino Winner,yes,no,no,8.80,casinowinner.live,low,yes,no,"CasinoWinner — Online Slots, Live Casino & Euro Cashier | casinowinner.live",
casinoist,Casinoist,Casinoist,yes,no,no,8.90,bigwinpromos.com,low,yes,no,Casinoist Offers,
zizobet,Zizo Bet,Zizo Bet,yes,no,no,8.90,zizobet.com,high,yes,yes,,
xsbets,XS Bets,XS Bets,yes,no,no,8.60,xsbets.com,high,yes,no,XsBets.com: 🚀 Best Crypto & Bitcoin Casino for Online Gambling,
nine-casino-homepage,Nine Casino,Nine Casino,no,no,no,9.42,invofy5.com,low,yes,no,loading...,
spinbit,Spinbit,Spinbit,yes,no,no,9.10,spinbit.com,high,yes,no,SpinBit Online Casino,
casinoorca,Casino Orca,Casino Orca,yes,no,no,9.30,casinoorca1.com,high,yes,no,Casino Orca - Play Top Online Casino Games & Win Big!,
national-casino,National Casino,National Casino,no,no,no,6.50,nationalcasinolp.com,low,yes,no,Best Online Casino • Play with €/$100 Bonus at the National Casino,
wolfio,Wolf IO Casino,Wolf IO Casino,yes,no,no,7.90,wolf.io,high,yes,no,Wolf.io: The Best Bitcoin & Crypto Casino for 2026,
fortuneplay,Fortune Play,Fortune Play,yes,no,no,9.30,fortuneplay.co,high,yes,no,,
jeetcity,Jeet City Casino,Jeet City Casino,yes,no,no,9.50,jtct.live,low,yes,no,,
coinbets,,Coinbets,yes,no,no,8.90,coinbets777.com,high,yes,no,Coinbets777 Casino - Best Online Casino,
slotoro,Slotoro Casino,Slotoro Casino,yes,no,no,8.80,redirect-promo.com,low,yes,no,< Slotoro > Loading...,
f7-casino,,F7 Casino,yes,no,no,9.25,orbino4.com,low,yes,no,loading...,
sportuna,Sportuna,Sportuna,no,no,no,8.40,sptn01cm.lpmediastorage.com,low,yes,no,,
herculescasino,Hercules Casino,Hercules Casino,yes,no,no,9.50,herculescasino.com,high,yes,yes,,
masterplay,Master Play,Master Play,yes,no,no,9.30,mrrlist.com,low,yes,no,New Online Casino,
onlinecasinogames,Online Casino Games,Online Casino Games,no,no,no,7.00,play.onlinecasinogames.com,low,yes,no,,
winmega,Win Mega Casino,Win Mega Casino,yes,no,no,9.10,win1mega.com,low,yes,no,WinMega,
betovix,Betovix -,Betovix -,yes,no,no,9.00,betovix.com,high,yes,no,,
prismcasino,Prism Casino,Prism Casino,yes,no,no,8.50,prismcampaignpro.com,low,yes,no,25 Free Spins,
tiktokcasino,Tik Tok Casino,Tik Tok Casino,yes,no,no,9.25,ttcpromos.com,low,yes,no,,
avocasino,Avo Casino,Avo Casino,no,no,no,9.40,avocasino37.com,high,yes,no,Avocasino,
ampm,AMPM Casino,AMPM Casino,no,no,no,9.10,ampm7.casino,high,yes,no,"The best online casino, a large selection of slots, mobile casino",
betwhaleag,Bet Whale Casino Uncapped,Bet Whale Casino Uncapped,no,no,no,9.00,l.betwhale.ag,low,yes,no,Betwhale | 250% Casino Bonus,
rockstar-win,Rockstar Win Casino,Rockstar Win Casino,yes,no,no,9.00,rockstarwin.com,low,yes,yes,,
limewin,Lime Win Casino,Lime Win Casino,no,no,no,9.25,limewin.online,high,yes,no,Online Casino Games & Slots - Experience Premium Gaming | LimeWin,
betwinner,Bet Winner,Bet Winner,no,no,no,9.20,bwredir.com,low,yes,no,Loading...,
dreamscasino,Dreams Casino,Dreams Casino,no,no,no,8.60,dreamscampaigns.com,low,yes,no,Dreams - 25 FREE CHIP,
jackpot-raider,Jackpot Raider,Jackpot Raider,yes,no,no,9.10,travico9.com,low,yes,no,loading...,
bitkingz,Bit Kingz,Bit Kingz,no,no,no,8.83,bitkingzredirect.com,low,yes,no,,
royalen,Royalen,Royalen,yes,no,no,6.70,royalen.io,high,yes,no,,
cactuscasino,Cactus Casino,Cactus Casino,yes,no,no,9.20,laclasificacionlydia.xyz,low,yes,no,Cactus Casino,
31bets,31 Bets Casino,31 Bets Casino,no,no,no,9.20,betride.com,low,yes,no,,
7bet-casino,7 Bet,7 Bet,yes,no,no,9.00,7.bet,low,yes,no,,
billy-billion-casino,Billy Billion Casino,Billy Billion Casino,yes,no,no,5.00,billy.bfplay.link,high,yes,no,Billy Billion Online Casino | Billy Billion,
theclubhousecasino,The Clubhouse Casino,The Clubhouse Casino,yes,no,no,9.20,theclubhousecasino4.com,low,yes,no,Best Online Casino Australia | $5000 Welcome Bonus | The Clubhouse Casino,
willbet,Willbet Casino,Willbet Casino,yes,no,yes,9.40,web.willbet.io,low,yes,no,"WillBet: Sports, Casino & Crypto Games - Global Online Entertainment",
yourwin24,Your Win 24,Your Win 24,yes,yes,no,9.30,yourwin24.info,low,yes,no,"YourWin24 — Official Site | Online Slots, Live Casino & Sportsbook",
cosmobet,Cosmo Bet Casino,Cosmo Bet Casino,no,no,yes,9.30,atlasrouteops.com,low,yes,no,Home | AtlasRoute Operations,
rake-com,Rake Casino,Rake Casino,no,no,no,9.20,rake.com,high,yes,no,Rake.com - Best Online Casino & Sportsbook 2025 | Instant Crypto Withdrawals | Casino Game,
richprize,Rich Prize Casino,Rich Prize Casino,no,no,no,3.00,rp494.casino,low,yes,no,Rich Prize Casino,
romancasino,Roman Casino,Roman Casino,yes,no,no,9.30,cryply5.com,low,yes,no,loading...,
imperialwins,Imperial Wins,Imperial Wins,yes,no,no,9.30,imperialwins.com,low,yes,no,Imperial Wins,
spinbet,Spin Bet Casino,Spin Bet Casino,yes,no,no,9.20,spinbetcasino.com,high,yes,no,SpinBet Casino | SpinBet Login & Official Online Slots,
kinghillsgb,Kinghills Casino,Kinghills Casino,yes,no,no,9.00,kinara4.com,low,yes,no,loading...,
brokerstorm,Broker Storm - Sports,Broker Storm - Sports,no,no,no,8.60,app.brokerstorm.com,low,yes,no,Brokerstorm,
glorbet,Glorbet Casino,Glorbet Casino,yes,no,no,6.10,glorbet.com,low,yes,no,Glorbet - No KYC Crypto Casino,
shinywilds,Shiny Wilds Casino,Shiny Wilds Casino,yes,no,no,5.60,shinywilds.com,high,yes,no,,
spinarium,Spinarium Casino,Spinarium Casino,yes,no,no,5.40,spinarium4.com,high,yes,no,Online Casino | Play Casino for Real Money at Spinarium,
sapphirebet,Sapphire Bet Casino,Sapphire Bet Casino,no,no,no,5.10,sapphirebet.com:443,low,yes,no,,
20bet-crypto-english,20 Bet Casino,20 Bet Casino,no,no,no,5.10,20winlp.com,low,yes,no,PLAY CASINO GAMES WITH CRYPTOCURRENCIES | 20BET,
slotrush,Slot Rush Casino,Slot Rush Casino,yes,no,no,4.10,slot.playlink.me,high,yes,no,Casino - Play Online Casino Games | Slotrush 1,
casinobello,Casino Bello,Casino Bello,no,no,no,9.00,casinobello.info,low,yes,no,Bello,
art-casino-homepage,Art Casino,Art Casino,yes,yes,no,3.20,artcasino3.io,high,yes,no,ArtCasino.io - The Art of Winning!,
satospins,Sato Spins Casino -,Sato Spins Casino -,yes,no,no,6.00,casino.satospins.com,low,yes,no,,
rollspace,,Rollspace,yes,no,no,3.00,rollspace.com,low,yes,no,,
fatfruit-casino,Fat Fruit Casino,Fat Fruit Casino,yes,no,no,9.30,fatfruit.io,high,yes,no,,
retrobet,Retro Bet -,Retro Bet -,no,no,no,5.00,retrobet.co,low,yes,no,,
freespinza,Free Spinza Casino,Free Spinza Casino,yes,no,no,9.20,bigwinpromos.com,low,yes,no,FreeSpinza Offers,
pubs,Pubs Casino,Pubs Casino,yes,no,no,9.40,pubs.com,low,yes,no,"PUBS.com | Crypto Casino, Slots & Online Sportsbook",
beturo,Beturo Casino,Beturo Casino,yes,no,no,9.10,beturo.com,low,yes,yes,Beturo - welcome offer usd,
blazespins,Blaze Spins Casino,Blaze Spins Casino,yes,no,no,8.40,blazespins.com,high,yes,no,Blaze Spins,
happyluke,Happy Luke Casino -,Happy Luke Casino -,yes,no,no,9.00,happylukepromo.com,low,yes,no,"Happyluke – Casino Trực Tuyến | Slot, Live Casino & Khuyến Mãi Lớn",
spingrande,Spin Grande Casino -,Spin Grande Casino -,no,no,no,6.90,spin3grande.com,high,yes,no,SpinGrande | Your Online Casino for Big Wins,
spinfever,Spin Fever Casino,Spin Fever Casino,yes,no,no,9.50,spinfever.live,low,yes,no,,
shambalacasino,Shambala Casino,Shambala Casino,yes,no,no,9.25,shambalacasino.media,low,yes,no,shambalacasino.media,
slots-gallery-btc-bonus,,Slots Gallery Btc Bonus,yes,no,no,0.12,sgcasinopromo.com,low,yes,no,Slots Gallery Casino,
letslucky,Lets Lucky Casino,Lets Lucky Casino,yes,no,no,9.25,letslucky.casino,high,yes,no,,
luckyones,Lucky Ones Casino -,Lucky Ones Casino -,yes,no,no,9.30,luckyones.online,high,yes,no,,
asinocom,Asino Casino,Asino Casino,yes,no,no,9.20,asinoplay.com,low,yes,no,,
betsofa,BetSofa Crypto Bonus,BetSofa Crypto Bonus,no,no,no,9.30,preloadup.com,low,yes,no,Redirecting...,
luckyreels,Lucky Reels,Lucky Reels,yes,no,no,9.25,kpochatc.com,low,yes,no,Best Fast Withdrawal Online Casino Australia 2026,
dicebet,Dice Bet,Dice Bet,yes,no,no,9.20,dicebet.com,low,yes,yes,Dicebet,
metaspins-new,Metaspins Welcome offer is,Metaspins Welcome offer is,no,yes,no,9.25,metaspinscasino.live,low,yes,no,,
woo-casino,Woo Casino,Woo Casino,no,no,no,9.25,wooreg.com,low,yes,no,Online Casino | Best Casino Site to Play for Real Money | WooCasino,
gospin,GoSpin Casino,GoSpin Casino,yes,no,no,9.10,spinupload.online,low,yes,no,,
21bit,21 Bit Casino,21 Bit Casino,yes,no,no,0.00,21bit.com,low,yes,yes,21Bit,
goldenstar-casino,Golden Star Casino,Golden Star Casino,no,no,no,9.25,gs.aff2go.link,low,yes,no,Casino Online | Welcome Bonus | Top casino | GoldenStar Casino,
betti,Betti Casino,Betti Casino,no,no,no,8.75,betti1.com,low,yes,no,"Sportsbook & Casino Online | Betting, Live Casino, 3000+ Slots",
50crowns,50 Crowns Casino,50 Crowns Casino,yes,no,no,9.25,50crowns.com,high,yes,no,,
booi-reg,Booi Casino,Booi Casino,no,no,no,9.25,booi.com,low,yes,yes,Access to the website is restricted in your country,
vegazcasino,Vegaz Casino,Vegaz Casino,no,no,no,9.00,promo.vegazcasino.com,low,yes,no,Vegaz Casino Promo - 300% + 25FS,
casinorocket,Casino Rocket,Casino Rocket,no,no,no,9.30,casinorocket.com,low,yes,no,Rocket,
solcasino-homepage,,Solcasino Homepage,no,no,no,8.80,solcasino.life,low,yes,no,Welcome,
0xbet,,0Xbet,no,no,no,8.75,xbet.playtraff.com,high,yes,no,Safest Online Casino 0x.bet 🎖️ Fast Withdrawal & Safe Online Casino,
bigwins,Big Wins Casino,Big Wins Casino,yes,no,no,9.08,pelikaani.com,low,yes,no,Pelikaani | Lennokas kasino ilman rekisteröitymistä,
gangstacasino,Gangsta Casino,Gangsta Casino,yes,yes,no,9.30,gangstacasino777.com,low,yes,no,Redirecting,
rickycasino,Ricky Casino,Ricky Casino,no,no,no,9.25,therickycasino.com,high,yes,no,,
jozz-casino,Jozz Casino,Jozz Casino,no,no,no,9.00,jozz.com,low,yes,yes,,
luckydreams,Lucky Dreams Casino,Lucky Dreams Casino,no,no,no,9.25,luckydreams.io,high,yes,no,,
betibet,Beti Bet,Beti Bet,no,no,no,9.41,beti.playtraff.com,high,yes,no,Best Online Casino Site ⭐ Daily Cashback up to 20% | BetiBet,
casino4u,Casino 4U,Casino 4U,no,no,no,0.00,casino4u.tech,high,yes,no,,
dundeeslots,Dundee Slots,Dundee Slots,yes,no,no,9.00,dundeeslotz.com,low,yes,no,,
bohocasino,Boho Casino,Boho Casino,yes,no,no,9.41,gobohocasino.com,high,yes,no,-> Bohocasino,
zotabet,Zota Bet,Zota Bet,yes,no,no,9.40,zota.playtraff.com,high,yes,no,ZotaBet Online Casino ✔️ Best Casino Site 2026 | ZotaBet,
cryptowins,Crypto Wins Casino,Crypto Wins Casino,yes,no,no,9.20,cryptowins.com,high,yes,no,CryptoWins: Hundreds of Premium Online Slots,
revolution-casino,Revolution Casino,Revolution Casino,yes,no,no,9.10,m.revolutionaffiliates.com,low,yes,no,,
playfortuna,Play Fortuna,Play Fortuna,no,no,no,9.00,playfortuna.com,low,yes,yes,,
zeslots,Zeslots Casino,Zeslots Casino,yes,no,no,5.10,zeslots.info,low,yes,no,"Zeslots Online Casino — Slots, Live Dealers & Fun Play Demos | zeslots.info",
vave,Vave Casino,Vave Casino,yes,no,no,9.17,vavelp.com,low,yes,no,Vave Online Casino | Online Slots & BTC Games,
royspins,,Royspins,yes,no,no,8.90,1royspins1.com,high,yes,no,Royspins Online Casino,
vegasaces,Vegas Aces,Vegas Aces,no,no,no,9.10,vegasaces.com,low,yes,no,VegasAces,
winaday-25-usd-free,,Winaday 25 Usd Free,no,no,no,8.41,winadaycasino.eu,low,yes,no,Claim $25 FREE at Winaday Casino Now!,
slotsparadise,Slots Paradise,Slots Paradise,no,no,no,9.00,slotsparadise.com,low,yes,no,SlotsParadise,
vegasplus,WinVegasPlus Casino,WinVegasPlus Casino,yes,no,no,8.60,a4.winvegasplus-line.com,high,yes,no,Win Vegas Plus,
luckytreasure,Lucky Treasure,Lucky Treasure,yes,no,no,8.90,luckytreasurecampaign.com,low,yes,no,Lucky Treasure,
iwild-casino-homepage,iWild Casino,iWild Casino,no,no,no,8.75,iwildcasino3.io,low,yes,no,,
cobbercasino	,Cobber Casino,Cobber Casino,yes,no,no,8.67,cobber-casino.tech,high,yes,no,,
joo-casino-crypto-lp,Joo Casino,Joo Casino,no,no,no,9.10,joocasino.live,low,yes,no,,
dolfwincasinoca,Dolf Win Casino,Dolf Win Casino,yes,no,no,9.30,offers.dolfwin.com,low,yes,no,WELCOME CASINO BONUS,
woopwin,Woop Win,Woop Win,yes,no,no,9.00,aff-ads.woopaffiliates.com,low,yes,no,Gofiliate Administration Platform,
casoo,Casoo Casino,Casoo Casino,no,no,no,9.20,casoo46.com,high,yes,no,Casoo | Online Casino. A Galaxy of Fun Awaits,
fastpaycasino,Fast Pay Casino,Fast Pay Casino,no,no,no,9.25,fastpay-acess.com,low,yes,no,,
1bet-ie,1Bet Casino,1Bet Casino,no,no,no,9.25,wl1bet.adsrv.eacdn.com,low,yes,no,,
mediaqueenspins,Queen Spins Casino,Queen Spins Casino,no,no,no,9.10,thequeenspins.com,low,yes,no,,
slots-empire-crypto-bonus,Slots Empire,Slots Empire,no,no,no,7.90,slotsempirebonuses.com,low,yes,no,,
slotland,Slotland,Slotland,no,no,no,8.80,slotland.eu,low,yes,no,Claim $25 FREE at Slotland Now!,
bons,Bons Casino,Bons Casino,no,no,no,8.25,get2me.pro,low,yes,no,get2me.pro,
dripcasino-reg,Drip Casino,Drip Casino,yes,no,no,9.30,dripcasino.life,low,yes,no,Welcome,
slotastic-homepage,Slotastic,Slotastic,no,no,no,7.90,slotastic.ag,high,yes,no,Slotastic - Home of SLOTASTIC CASINO,
axe-casino-homepage,Axe Casino,Axe Casino,no,no,no,9.33,playaxecasino.com,low,yes,no,,
grandevegas,Grande Vegas Casino,Grande Vegas Casino,no,no,no,8.75,grandevegascasino.com,high,yes,no,Home,
bigboost-ca,Big Boost Casino,Big Boost Casino,yes,no,no,9.25,bigboost.com,low,yes,yes,,
zodiac-casino-homepage,Zodiac Bet Casino,Zodiac Bet Casino,no,no,no,8.20,zodiac1bet.com,low,yes,no,ZodiacBet,
mond-casino-homepage,Mond Casino,Mond Casino,no,yes,no,9.25,mond1casino.com,high,yes,no,Mond Casino: Online Casino & Sports Betting,
bluechip,Bluechip Casino,Bluechip Casino,no,no,no,9.42,bluechip.io,low,yes,no,Create Account | BlueChip,
winbig21,Win Big 21 Casino,Win Big 21 Casino,no,no,no,7.90,get.winbig21.com,low,yes,no,winbig21.com,
n1bet,N1 Bet Casino,N1 Bet Casino,no,no,no,0.00,n1bet.live,low,yes,no,,
america777,America 777,America 777,yes,no,no,9.20,exclusive.america777.com,low,yes,no,20fs1 – america777com,
godbunny-casino,Godbunny Casino,Godbunny Casino,yes,no,no,9.30,godbunny.com,high,yes,yes,GodBunny,
gomblingo,Gomblingo Casino,Gomblingo Casino,yes,no,no,8.20,gomblingo.casino,high,yes,no,Redirecting...,
casinodays-ca,Casino Days,Casino Days,no,no,no,9.20,casinokhajana.com,low,yes,yes,,
simsino,Simsino Casino,Simsino Casino,yes,no,no,8.30,simsinos.com,low,yes,no,Simsinos: Online Casino & Sports Betting - Wager Free Bonuses,
hell888,Hell Spin Casino,Hell Spin Casino,no,no,no,8.10,hellspin222.com,high,yes,no,Loading...,
oshicasino,Oshi Casino,Oshi Casino,no,no,no,9.20,oshiplay.com,low,yes,no,,
yyy-casino-arabic,YYY Casino,YYY Casino,yes,no,no,8.60,land3.yyy-net.com,low,yes,no,"YYY Casino - Live Casino, Slots Get 50$ Bonus - No deposit",
ivibet,Ivibet Casino,Ivibet Casino,no,no,no,6.70,ivibetx.com,high,yes,no,Ivibet,
vegasland,VegasLand Casino,VegasLand Casino,yes,no,no,6.00,offers.vegasland.com,low,yes,no,VegasLand,
amok-casino,Amok Casino -,Amok Casino -,no,no,no,6.00,amokcasino.io,high,yes,no,"Amok Casino > 100 Free Spins > 3,000+ Games",
slotsroom,Slots Room Casino,Slots Room Casino,no,no,no,4.50,slotsroom.com,high,yes,no,SlotsRoom,
betandyou,Bet And You,Bet And You,no,no,no,7.00,cryptolists.com,low,yes,no,Log In - CryptoLists.com,
rocketplay-crypto,Rocket Play Casino,Rocket Play Casino,no,no,no,5.20,promo.rocketplay-bonuses.club,low,yes,no,Rocket Play,
pelican-casino,Pelican Casino,Pelican Casino,no,no,no,5.10,pelicancasino10.games,high,yes,no,Pelican Casino: Online Casino with Top Slots & Bonuses,
hachislot,Hachi Slot,Hachi Slot,no,no,no,4.00,jpgame77.com,low,yes,no,アジアで最大のライブカジノ,
winawinplay,Win a Win Casino,Win a Win Casino,yes,no,no,0.01,winawinplay.com,high,yes,no,,
mystino,Mystino Casino,Mystino Casino,no,no,no,3.50,play.mystino-1.net,low,yes,no,Mystino | The Best Online Casino & Sportsbook in Japan,
cryptoloko,Crypto Loko,Crypto Loko,yes,no,no,3.20,lokocampaign.com,low,yes,no,Crypto Loko,
casinopurple,Casino Purple,Casino Purple,no,no,no,3.20,casinopurple.info,low,yes,no,CasinoPurple — Play Online Slots & Live Casino Games | casinopurple.info,
dazardcasino,Dazard Casino,Dazard Casino,no,no,no,3.20,dzrd.bfplay.link,low,yes,no,Play Dazard online casino live blackjack and slots in Canada or AU,
luckybonanza,Lucky Bonanza Casino,Lucky Bonanza Casino,yes,no,no,6.75,luckybonanza.ag,high,yes,no,Lucky Bonanza Casino | Play Top Slots & Casino Games Online,
spinch,Spinch,Spinch,yes,no,no,3.10,spstrd.com,low,yes,no,Spinch Online Casino | Up to 20% cashback daily | Spinch.com,
rockwin-casino,Rockwin Casino,Rockwin Casino,yes,yes,no,4.25,rockwingo.com,low,yes,no,,
onluck,OnLuck Casino,OnLuck Casino,yes,no,no,5.60,onrdrct.com,low,yes,no,Online Casino & Sports Betting – 120% Bonus up to €3000,
livecasinohouse,Live Casino House,Live Casino House,no,no,no,9.10,livecasinohouse.shop,low,yes,no,Live Casino House – Casino Trực Tuyến | Live Dealer & Khuyến Mãi Lớn,
b7casino,B7 Casino,B7 Casino,yes,no,no,0.00,dynaco3.com,low,yes,no,loading...,
pribet-casino-homepage,Pribet Casino,Pribet Casino,no,no,no,5.00,pribet.club,low,yes,no,PriBet,
1red-casino,1Red Casino,1Red Casino,no,no,no,6.10,1rrdrct.com,low,yes,no,1RED Casino,
neospin-homepage,Neospin Casino,Neospin Casino,yes,no,no,3.00,neo.playlink.me,high,yes,no,Neospin Online Casino | Up to 20% cashback daily | Neospin.com,
gunsbet-casino,GunsBet Casino,GunsBet Casino,no,no,no,3.00,guns.playlink.me,high,yes,no,"Online Casino | 335% up to €1,675 | Play Casino Online",
tombriches,Tomb Riches,Tomb Riches,yes,no,no,3.90,trredir.com,low,yes,no,Loading...,
fortunemobilecasino,Fortune Mobile Casino,Fortune Mobile Casino,no,no,no,3.00,games.fortunemobilecasino.co.uk,low,yes,no,Fortune Mobile Casino,
freshcasino,Fresh Casino,Fresh Casino,no,no,no,3.00,fresh-sfgjhyrt02.com,low,yes,no,Welcome,
stardacasino,Starda Casino,Starda Casino,yes,no,no,3.00,stardacasino.life,low,yes,no,Welcome,
memocasino,Memo Casino,Memo Casino,yes,no,no,3.00,zonexa3.com,low,yes,no,loading...,
koningbet,Koningbet Casino,Koningbet Casino,yes,no,no,9.20,koning.playtraff.com,high,yes,no,By using our website you are accepting our Cookie Policy.,
bitsler-casino-homepage,Bitsler,Bitsler,no,yes,yes,8.25,bitsler.com,high,yes,yes,Crypto Casino & Sportsbook | 200% Offers | 7000+ Slots,
jokabet,Joka Bet,Joka Bet,yes,no,no,9.25,clarizo4.com,low,yes,no,loading...,
betsixty-nl,Bet Sixty,Bet Sixty,no,no,no,9.10,lexafy6.com,low,yes,no,loading...,
vulkanspiele,Vulkan Spiele,Vulkan Spiele,yes,no,no,9.00,redirect-fieryplay.com,low,yes,no,Fieryplay Loading...,
ninewin,Nine Win Casino,Nine Win Casino,yes,no,no,9.20,zentroex7.com,low,yes,no,loading...,
candyspinz,Candy Spinz Casino,Candy Spinz Casino,yes,no,no,9.30,linktocandyspinz.com,low,yes,no,loading...,
theonlinecasino,The Online Casino,The Online Casino,no,no,no,9.30,theonlinecasino.com,high,yes,no,Best Online Casino Games for Real Money | TheOnlineCasino,
hiddenjack,Hidden Jack Casino,Hidden Jack Casino,yes,no,no,9.30,jacky-net.co,low,yes,no,,
