licence,token,company,type,company_reg,issued,expires,revoked_on,status
OGL/2024/251/0130,130,Geeker Technology N.V.,B2C,156493,"February 28, 2026","August 28, 2026",,active
OGL/2024/1274/0819,819,Anden Online N.V.,B2C,138316,"February 27, 2026","August 27, 2026",,active
OGL/2024/2287/1195,1195,JetTon Games B.V.,B2C,168122,"February 26, 2026","August 26, 2026",,active
OGL/2024/1382/0969,969,WUNGroup B.V.,B2C,160576,"February 22, 2026","August 22, 2026",,active
OGL/2024/535/0922,922,Opo-Net N.V.,B2C,157050,"February 22, 2026","August 22, 2026",,active
OGL/2024/1261/0718,718,978 Tech N.V.,B2C,156923,"February 22, 2026","August 22, 2026",,active
OGL/2024/689/0696,696,Great Star N.V.,B2C,122623,"February 22, 2026","August 22, 2026",,active
OGL/2024/1054/0509,509,Forwell Investments B.V.,B2C,136125,"February 21, 2026","August 21, 2026",,active
OGL/2024/545/0588,588,Violet Fortune Tech Limited N.V.,B2C,158923,"February 21, 2026","August 21, 2026",,active
OGL/2024/216/0606,606,AE Group B.V.,B2C,143574,"February 21, 2026","August 21, 2026",,active
OGL/2024/1303/1172,1172,Meta Bliss Group B.V.,B2C,159718,"February 20, 2026","August 20, 2026",,active
OGL/2024/922/0638,638,W&C N.V.,B2C,145637,"February 19, 2026","August 19, 2026",,active
OGL/2024/1370/0893,893,Pexcellent Services Ltd B.V.,B2C,163042,"February 19, 2026","August 19, 2026",,active
OGL/2024/1592/0901,901,Get Zapped Gaming N.V.,B2C,166344,"February 19, 2026","August 19, 2026",,active
OGL/2024/2327/1196,1196,Softclub N.V.,B2C,154530,"February 14, 2026","August 14, 2026",,active
OGL/2024/1135/0484,484,Windward Circle B.V.,B2C,150466,"February 14, 2026","August 14, 2026",,active
OGL/2024/368/0697,697,Innova Hub B.V.,B2C,161538,"February 13, 2026","August 13, 2026",,active
OGL/2024/1336/1047,1047,MuchGaming B.V.,B2C,153126,"February 13, 2026","August 13, 2026",,active
OGL/2024/221/0534,534,Inovaplay B.V.,B2C,160168,"February 12, 2026","August 12, 2026",,active
OGL/2024/194/0642,642,Faro Entertainment N.V.,B2C,139031,"February 12, 2026","August 12, 2026",,active
OGL/2024/1698/0936,936,MCG Technologies N.V.,B2C,166630,"February 12, 2026","August 12, 2026",,active
OGL/2024/1723/0940,940,Island Lukkly B.V.,B2C,166711,"February 12, 2026","August 12, 2026",,active
OGL/2024/1844/1064,1064,Parker B.V.,B2C,167263,"February 12, 2026","August 12, 2026",,active
OGL/2024/1060/0472,472,Atlantic Management B.V.,B2C,139089,"February 12, 2026","August 12, 2026",,active
OGL/2024/1381/0615,615,Slotbox N.V.,B2C,155357,"February 12, 2026","August 12, 2026",,active
OGL/2024/420/0675,675,Final Enterprises N.V.,B2C,137397,"February 8, 2026","August 8, 2026",,active
OGL/2024/1367/1045,1045,Riviera Entertainment N.V.,B2C,156650,"February 4, 2026","August 4, 2026",,active
OGL/2024/296/1093,1093,Game2Net B.V.,B2C,163111,"February 2, 2026","August 2, 2026",,active
OGL/2024/1539/0808,808,Come On Curacao N.V.,B2C,118819,"February 2, 2026","August 2, 2026",,active
OGL/2024/2354/1208,1208,Balkan International B.V.,B2B,165051,"February 1, 2026","August 1, 2026",,active
OGL/2024/1349/0997,997,Yentel Investments B.V.,B2C,155915,"February 1, 2026","August 1, 2026",,active
OGL/2024/1110/0512,512,Media Entertainment N.V.,B2C,108625,"February 1, 2026","August 1, 2026",,active
OGL/2024/799/0255,255,Trivico B.V.,B2C,166069,"January 31, 2026","July 31, 2026",,active
OGL/2024/1494/0942,942,Universe B Games B.V.,B2C,155126,"January 31, 2026","July 31, 2026",,active
OGL/2024/657/0248,248,Delphin Blue Ocean B.V.,B2C,154523,"January 31, 2026","July 31, 2026",,active
OGL/2024/1358/1233,1233,Ole Group International B.V.,B2C,150383,"January 25, 2026","July 25, 2026",,active
OGL/2024/842/0350,350,Sefiarray B.V.,B2C,155219,"January 25, 2026","July 25, 2026",,active
OGL/2024/453/0439,439,Gambulls N.V.,B2C,165076,"January 25, 2026","July 25, 2026",,active
OGL/2024/1113/0517,517,Progress Path Co N.V.,B2C,164185,"January 24, 2026","July 24, 2026",,active
OGL/2024/1856/1063,1063,Green Forest Group N.V.,B2C,166599,"January 23, 2026","July 23, 2026",,active
OGL/2024/1562/1139,1139,Data Link Digital B.V.,B2C,164124,"January 23, 2026","July 23, 2026",,active
OGL/2024/196/0574,574,Axum B.V.,B2C,159207,"January 22, 2026","July 22, 2026",,active
OGL/2024/2082/1136,1136,Aftermath B.V.,B2C,166859,"January 22, 2026","July 22, 2026",,active
OGL/2024/524/0355,355,Umiiumii B.V.,B2C,154512,"January 22, 2026","July 22, 2026",,active
OGL/2024/1739/0965,965,Prism Sentinel N.V.,B2C,146440,"January 22, 2026","July 22, 2026",,active
OGL/2024/638/1159,1159,Dragon Money N.V.,B2C,159443,"January 16, 2026","July 16, 2026",,active
OGL/2024/670/0711,711,Arbol Media B.V.,B2C,145739,"January 14, 2026","July 14, 2026",,active
OGL/2024/1834/1057,1057,Spade and Scepter N.V.,B2B,167034,"January 14, 2026","July 14, 2026",,active
OGL/2024/676/0726,726,Ridley Media N.V.,B2C,140544,"January 14, 2026","July 14, 2026",,active
OGL/2024/255/0331,331,Brasiltech N.V.,B2B,155732,"January 14, 2026","July 14, 2026",,active
OGL/2024/571/0919,919,iMoon B.V.,B2B,158383,"January 14, 2026","July 14, 2026",,active
OGL/2024/120/0295,295,Fournine Technology N.V.,B2C,162404,"January 14, 2026","July 14, 2026",,active
OGL/2024/2064/1132,1132,VoltEnt B.V.,B2B,167000,"January 14, 2026","July 14, 2026",,active
OGL/2024/1220/0573,573,Nova Data Solutions B.V.,B2C,165847,"January 5, 2026","July 5, 2026",,active
OGL/2024/1745/0962,962,Oyster Media N.V.,B2C,142417,"January 5, 2026","July 5, 2026",,active
OGL/2024/199/0868,868,Godbunny B.V.,B2C,157145,"January 3, 2026","July 3, 2026",,active
OGL/2024/2225/1166,1166,Speed Platform B.V.,B2B,168177,"January 3, 2026","July 3, 2026",,active
OGL/2024/792/0305,305,Topc B.V.,B2C,163568,"January 3, 2026","July 3, 2026",,active
OGL/2024/1839/1071,1071,Cura Casino B.V.,B2C,167325,"January 1, 2026","July 1, 2026",,active
OGL/2024/636/0578,578,B2Bseven B.V.,B2C,152184,"January 1, 2026","July 1, 2026",,active
OGL/2024/675/0939,939,JMS Investment Group N.V.,B2C,139753,"January 1, 2026","July 1, 2026",,active
OGL/2024/995/0478,478,Entertainment Art B.V.,B2C,127327,"January 1, 2026","July 1, 2026",,active
OGL/2024/1356/0991,991,Triple Bet B.V.,B2B,153154,"January 1, 2026","July 1, 2026",,active
OGL/2024/1572/1027,1027,Eight Central Limited N.V.,B2C,142943,"December 18, 2025","June 18, 2026",,active
OGL/2024/860/0410,410,Peak Interactive N.V.,B2C,105847,"December 17, 2025","June 17, 2026",,active
OGL/2024/1294/0537,537,Interactive Global Entertainment B.V.,B2B,153827,"December 17, 2025","June 17, 2026",,active
OGL/2024/1214/0712,712,Bitx Operations N.V.,B2C,161842,"December 17, 2025","June 17, 2026",,active
OGL/2024/336/0676,676,MTech Ventures B.V.,B2C,164270,"December 17, 2025","June 17, 2026",,active
OGL/2024/1585/0822,822,Throne Entertainment B.V.,B2C,150615,"December 16, 2025","June 16, 2026",,active
OGL/2024/741/0852,852,White Fox N.V.,B2B,142472,"December 16, 2025","June 16, 2026",,active
OGL/2024/985/0430,430,BlackSands B.V.,B2C,162520,"December 16, 2025","June 16, 2026",,active
OGL/2024/780/0367,367,Volt Entertainment B.V.,B2B,136003,"December 16, 2025","June 16, 2026",,active
OGL/2024/314/1090,1090,Blueinic B.V.,B2C,140279,"December 16, 2025","June 16, 2026",,active
OGL/2024/630/1003,1003,Island Odyssey Ventures B.V.,B2C,165285,"December 13, 2025","June 13, 2026",,active
OGL/2024/1586/0788,788,GMFY Tech N.V.,B2C,148776,"December 11, 2025","June 11, 2026",,active
OGL/2024/485/0344,344,Newlinetec B.V.,B2C,144486,"December 11, 2025","June 11, 2026",,active
OGL/2024/1360/1085,1085,Nuxgen B.V.,B2B,153051,"December 11, 2025","June 11, 2026",,active
OGL/2024/170/0193,193,418Services B.V.,B2C,157255,"December 11, 2025","June 11, 2026",,active
OGL/2024/285/0330,330,CW Investments N.V.,B2C,160959,"December 9, 2025","June 9, 2026",,active
OGL/2024/2413/1228,1228,Rocket Play B.V.,B2C,168766,"December 9, 2025","June 9, 2026",,active
OGL/2024/1409/0649,649,New Age N.V.,B2C,161385,"December 6, 2025","June 6, 2026",,active
OGL/2024/431/0231,231,Bridge Technologies B.V.,B2C,160264,"December 6, 2025","June 6, 2026",,active
OGL/2024/2386/1215,1215,Byterivers N.V.,B2B,164516,"December 6, 2025","June 6, 2026",,active
OGL/2024/1185/0721,721,Black Ocean B.V.,B2C,153155,"December 6, 2025","June 6, 2026",,active
OGL/2024/1234/0896,896,NewGenx N.V.,B2C,143068,"December 6, 2025","June 6, 2026",,active
OGL/2024/1340/0996,996,Swervy International B.V.,B2C,144876,"December 6, 2025","June 6, 2026",,active
OGL/2024/1838/1074,1074,Cura Gaming B.V.,B2B,167324,"December 4, 2025","June 4, 2026",,active
OGL/2024/1641/1039,1039,Verse Corp B.V.,B2C,162608,"December 4, 2025","June 4, 2026",,active
OGL/2024/1384/0627,627,Velorum Corporation N.V.,B2C,127675,"December 4, 2025","June 4, 2026",,active
OGL/2024/2086/1138,1138,Spinola ventures B.V.,B2C,167425,"December 4, 2025","June 4, 2026",,active
OGL/2024/494/0671,671,Luckland Group B.V.,B2C,136509,"December 4, 2025","June 4, 2026",,active
OGL/2024/635/0818,818,Advanced Sports Entertainment N.V.,B2C,140543,"December 4, 2025","June 4, 2026",,active
OGL/2024/677/0722,722,Paloma Media B.V.,B2C,146988,"December 4, 2025","June 4, 2026",,active
OGL/2024/2260/1194,1194,Half Space Entertainment N.V.,B2C,166129,"December 4, 2025","June 4, 2026",,active
OGL/2024/935/0390,390,Ultrasoft N.V.,B2B,159485,"December 4, 2025","June 4, 2026",,active
OGL/2024/1404/0617,617,Play UK Internet N.V.,B2C,95091,"December 4, 2025","June 4, 2026",,active
OGL/2024/355/0587,587,JX Group B.V.,B2B,157247,"December 4, 2025","June 4, 2026",,active
OGL/2024/1597/0825,825,Yao Entertainment N.V.,B2C,158554,"December 4, 2025","June 4, 2026",,active
OGL/2024/1625/0862,862,Soft Entertainment N.V.,B2C,166637,"December 4, 2025","June 4, 2026",,active
OGL/2024/719/0211,211,Goodfly N.V.,B2C,163359,"December 4, 2025","June 4, 2026",,active
OGL/2024/558/0973,973,Omega Entertainment N.V.,B2C,145632,"December 4, 2025","June 4, 2026",,active
OGL/2023/155/0098,98,Famagousta B.V.,B2C,152449,"December 4, 2025","June 4, 2026",,active
OGL/2024/1673/0915,915,FairGame G.P. N.V.,B2C,141938,"December 4, 2025","June 4, 2026",,active
OGL/2024/661/0277,277,SilverDeer B.V.,B2C,160269,"December 4, 2025","June 4, 2026",,active
OGL/2024/570/0396,396,Carrer N.V.,B2C,150421,"December 2, 2025","June 2, 2026",,active
OGL/2024/259/0309,309,GIT Operations N.V.,B2C,148532,"November 27, 2025","May 27, 2026",,active
OGL/2024/1273/1142,1142,DG Innovations B.V.,B2C,164111,"November 25, 2025","May 25, 2026",,active
OGL/2024/1290/0515,515,Winholding B.V.,B2C,155334,"November 25, 2025","May 25, 2026",,active
OGL/2024/659/0586,586,Trigonon Group N.V.,B2C,142028,"November 23, 2025","May 23, 2026",,active
OGL/2024/833/1005,1005,Arena Sports Entertainment N.V.,B2C,137157,"November 23, 2025","May 23, 2026",,active
OGL/2024/1248/0716,716,ZConsulting B.V.,B2C,142723,"November 23, 2025","May 23, 2026",,active
OGL/2024/300/0596,596,Favorit United N.V.,B2C,121466,"November 23, 2025","May 23, 2026",,active
OGL/2024/328/0599,599,Halcyon Super Holdings B.V.,B2C,148526,"November 23, 2025","May 23, 2026",,active
OGL/2024/228/0604,604,Sprut Group B.V.,B2C,149459,"November 23, 2025","May 23, 2026",,active
OGL/2024/907/0376,376,Mandarin Gaming N.V.,B2C,95911,"November 23, 2025","May 23, 2026",,active
OGL/2024/1278/0497,497,Casiworx N.V.,B2C,163922,"November 23, 2025","May 23, 2026",,active
OGL/2024/1277/0496,496,Exedra N.V.,B2C,139149,"November 23, 2025","May 23, 2026",,active
OGL/2024/900/0372,372,Combobed N.V.,B2B,157143,"November 23, 2025","May 23, 2026",,active
OGL/2024/1053/0486,486,One Internet B.V.,B2C,163352,"November 23, 2025","May 23, 2026",,active
OGL/2024/1260/0494,494,Bull Gaming N.V.,B2C,157086,"November 23, 2025","May 23, 2026",,active
OGL/2024/1325/0745,745,GameArt CU B.V.,B2B,161733,"November 23, 2025","May 23, 2026",,active
OGL/2024/1341/0995,995,SureWin B.V.,B2C,153149,"November 23, 2025","May 23, 2026",,active
OGL/2024/1368/0895,895,Purple Bay B.V.,B2C,157944,"November 23, 2025","May 23, 2026",,active
OGL/2024/1334/1038,1038,Misterio Vacio B.V.,B2C,151211,"November 23, 2025","May 23, 2026",,active
OGL/2024/1410/0814,814,Versus Odds B.V.,B2C,147011,"November 23, 2025","May 23, 2026",,active
OGL/2024/748/0203,203,New Entertainment Development N.V.,B2C,162581,"November 23, 2025","May 23, 2026",,active
OGL/2024/1676/0905,905,Latcas B.V.,B2C,165403,"November 19, 2025","May 19, 2026",,active
OGL/2024/418/0821,821,Sunstar Impact N.V.,B2C,152448,"November 19, 2025","May 19, 2026",,active
OGL/2024/1230/1099,1099,IBC Broker B.V.,B2C,148161,"November 19, 2025","May 19, 2026",,active
OGL/2024/767/0360,360,Intelligent Innovations N.V.,B2C,142065,"November 19, 2025","May 19, 2026",,active
OGL/2024/769/0571,571,KE International Limited N.V.,B2C,162340,"November 19, 2025","May 19, 2026",,active
OGL/2024/2223/1165,1165,Kahuna Services B.V.,B2B,163860,"November 19, 2025","May 19, 2026",,active
OGL/2024/138/0289,289,Plustar N.V.,B2C,161618,"November 19, 2025","May 19, 2026",,active
OGL/2024/805/0287,287,AG Group B.V.,B2C,166231,"November 19, 2025","May 19, 2026",,active
OGL/2024/102/0932,932,Brictec B.V.,B2C,164938,"November 19, 2025","May 19, 2026",,active
OGL/2024/132/1011,1011,Black Hawk Technology B.V.,B2C,164452,"November 19, 2025","May 19, 2026",,active
OGL/2024/1132/0522,522,Thot Management B.V.,B2C,125803,"November 19, 2025","May 19, 2026",,active
OGL/2024/1272/1143,1143,Amadeus Technology B.V,B2C,164694,"November 18, 2025","May 18, 2026",,active
OGL/2024/211/0595,595,K.I.K. Corporation B.V.,B2C,151667,"November 17, 2025","May 17, 2026",,active
OGL/2024/1569/0782,782,Cartwheel B.V.,B2C,165562,"November 17, 2025","May 17, 2026",,active
OGL/2024/1209/0631,631,Free Games B.V.,B2C,138968,"November 10, 2025","May 10, 2026",,active
OGL/2024/1635/0968,968,Lucifer N.V.,B2C,162537,"November 9, 2025","May 9, 2026",,active
OGL/2024/183/0195,195,AzRa678 N.V.,B2C,149501,"November 9, 2025","May 9, 2026",,active
OGL/2024/567/0911,911,LGE Entertainment Limited N.V.,B2C,157708,"November 9, 2025","May 9, 2026",,active
OGL/2024/932/0388,388,Softmetrix N.V.,B2B,154750,"November 9, 2025","May 9, 2026",,active
OGL/2024/487/0459,459,PlayDOM B.V.,B2C,145097,"November 9, 2025","May 9, 2026",,active
OGL/2024/886/0978,978,Winlink B.V.,B2C,154346,"November 9, 2025","May 9, 2026",,active
OGL/2024/818/0448,448,TwiceDice N.V.,B2C,154842,"November 9, 2025","May 9, 2026",,active
OGL/2024/1304/0813,813,Mirage Corporation N.V.,B2C,132869,"November 9, 2025","May 9, 2026",,active
OGL/2024/1671/0916,916,NovaGaming N.V.,B2C,164322,"November 9, 2025","May 9, 2026",,active
OGL/2024/236/0117,117,Turn1 B.V.,B2C,163898,"November 9, 2025","May 9, 2026",,active
OGL/2024/1050/0453,453,Joyful Leisure B.V.,B2C,165402,"November 9, 2025","May 9, 2026",,active
OGL/2024/888/0438,438,Betrust Entertainment B.V.,B2C,141214,"November 9, 2025","May 9, 2026",,active
OGL/2024/1496/0934,934,Genco Pura B.V.,B2C,163609,"November 9, 2025","May 9, 2026",,active
OGL/2024/910/0664,664,Switch It N.V.,B2B,135879,"November 5, 2025","May 5, 2026",,active
OGL/2024/1161/044,44,Bluewave Interactive N.V.,B2C,164592,"November 5, 2025","May 5, 2026",,active
OGL/2024/592/0492,492,Triumphbet Company N.V.,B2C,140804,"November 5, 2025","May 5, 2026",,active
OGL/2024/1740/0971,971,Sendosa B.V.,B2B,166829,"November 5, 2025","May 5, 2026",,active
OGL/2024/1127/0766,766,Venus International B.V.,B2C,164106,"October 29, 2025","April 29, 2026",,active
OGL/2024/1093/0504,504,EastPoint Operations B.V.,B2C,160230,"October 28, 2025","April 28, 2026",,active
OGL/2024/1064/0761,761,BetU Curacao B.V.,B2C,158488,"October 28, 2025","April 28, 2026",,active
OGL/2024/544/0557,557,Great BDG Randon Entertainment N.V.,B2C,146093,"October 28, 2025","April 28, 2026",,active
OGL/2024/1560/0833,833,DMG Solutions B.V.,B2C,148273,"October 28, 2025","April 28, 2026",,active
OGL/2024/604/0267,267,Snowdunes B.V.,B2C,159380,"October 28, 2025","April 28, 2026",,active
OGL/2024/1055/0507,507,Frontier Gaming B.V.,B2C,165948,"October 24, 2025","April 24, 2026",,active
OGL/2024/552/0560,560,Riotech N.V.,B2C,135400,"October 24, 2025","April 24, 2026",,active
OGL/2024/1372/0659,659,Royal Assa N.V.,B2C,157430,"October 23, 2025","April 23, 2026",,active
OGL/2024/1331/0742,742,HGCU B.V.,B2B,146613,"October 23, 2025","April 23, 2026",,active
OGL/2024/543/0614,614,Starlink International N.V.,B2C,157051,"October 23, 2025","April 23, 2026",,active
OGL/2024/1658/0931,931,H2 Sports N.V.,B2C,161955,"October 21, 2025","April 21, 2026",,active
OGL/2024/1104/1169,1169,Hongda Information Technology B.V.,B2C,165304,"October 21, 2025","April 21, 2026",,active
OGL/2024/785/0229,229,Alt.Bet. Exchange B.V.,B2C,140039,"October 21, 2025","April 21, 2026",,active
OGL/2024/1067/0640,640,R. Bostock Enterprises B.V.,B2C,159489,"October 21, 2025","April 21, 2026",,active
OGL/2024/1780/1110,1110,FaDa B.V.,B2B,165302,"October 21, 2025","April 21, 2026",,active
OGL/2024/927/1070,1070,Bet n Play Solution B.V.,B2C,163749,"October 21, 2025","April 21, 2026",,active
OGL/2024/1326/0684,684,GP Holding B.V.,B2C,159281,"October 17, 2025","April 17, 2026",,active
OGL/2024/367/0690,690,Globonet B.V.,B2C,146296,"October 17, 2025","April 17, 2026",,active
OGL/2024/1258/0552,552,Bamla Limited N.V.,B2C,164689,"October 16, 2025","April 16, 2026",,active
OGL/2024/457/0562,562,Atlas Tech Solutions B.V.,B2C,163110,"October 16, 2025","April 16, 2026",,active
OGL/2024/1653/0930,930,Techwave B.V.,B2C,165594,"October 16, 2025","April 16, 2026",,active
OGL/2024/830/0751,751,Crayon B.V.,B2C,165207,"October 16, 2025","April 16, 2026",,active
OGL/2024/323/0466,466,Beagle Tech N.V.,B2B,145021,"October 16, 2025","April 16, 2026",,active
OGL/2024/1480/0730,730,Sailfour Services N.V.,B2B,165691,"October 16, 2025","April 16, 2026",,active
OGL/2024/1701/0924,924,Lone Rock Holdings N.V.,B2B,148107,"October 16, 2025","April 16, 2026",,active
OGL/2024/1057/0701,701,Evoplay Entertainment B.V.,B2B,146580,"October 16, 2025","April 16, 2026",,active
OGL/2024/1229/0678,678,Quanta N.V.,B2B,161049,"October 16, 2025","April 16, 2026",,active
OGL/2024/1276/0583,583,Osmila N.V.,B2C,102267,"October 15, 2025","April 15, 2026",,active
OGL/2024/899/0371,371,Comeback N.V.,B2C,165023,"October 15, 2025","April 15, 2026",,active
OGL/2024/1657/1069,1069,BG8 Entertainment N.V.,B2C,160023,"October 14, 2025","April 14, 2026",,active
OGL/2024/210/0198,198,Nonce Gaming B.V.,B2C,161858,"October 14, 2025","April 14, 2026",,active
OGL/2024/596/0252,252,Altan N.V.,B2C,147038,"October 14, 2025","April 14, 2026",,active
OGL/2024/589/0556,556,GBL Solutions N.V.,B2C,155090,"October 14, 2025","April 14, 2026",,active
OGL/2024/148/0616,616,Taktonum Group N.V.,B2C,159208,"October 14, 2025","April 14, 2026",,active
OGL/2024/201/0270,270,Bitplay Global B.V.,B2C,164372,"October 14, 2025","April 14, 2026",,active
OGL/2024/755/0908,908,Selector Group N.V.,B2C,162987,"October 14, 2025","April 14, 2026",,active
OGL/2024/222/0540,540,Techcore Holding B.V.,B2C,151612,"October 14, 2025","April 14, 2026",,active
OGL/2024/298/0109,109,A2F B.V.,B2C,151745,"October 14, 2025","April 14, 2026",,active
OGL/2024/488/0787,787,Rapture B.V.,B2C,156074,"October 14, 2025","April 14, 2026",,active
OGL/2024/173/0199,199,Victorywillbeours N.V.,B2C,134627,"October 14, 2025","April 14, 2026",,active
OGL/2024/590/0758,758,TechSolutions Group B.V.,B2C,144920,"October 14, 2025","April 14, 2026",,active
OGL/2024/186/0194,194,Alpha Games B.V.,B2C,149502,"October 14, 2025","April 14, 2026",,active
OGL/2024/686/0183,183,Wiraon B.V.,B2C,146886,"October 14, 2025","April 14, 2026",,active
OGL/2024/817/0708,708,Udwin B.V.,B2C,147117,"October 14, 2025","April 14, 2026",,active
OGL/2024/1363/0705,705,Nixxe B.V.,B2C,147116,"October 14, 2025","April 14, 2026",,active
OGL/2024/688/0234,234,River Entertainment B.V.,B2C,158146,"October 14, 2025","April 14, 2026",,active
OGL/2024/822/0338,338,Whitebox B.V.,B2C,155412,"October 14, 2025","April 14, 2026",,active
OGL/2024/2162/1156,1156,Overseas Gaming Management B.V.,B2C,167066,"October 14, 2025","April 14, 2026",,active
OGL/2024/1231/0565,565,Bet Pegasus B.V.,B2C,149092,"October 14, 2025","April 14, 2026",,active
OGL/2024/1497/0884,884,Luckywayz Limited B.V.,B2C,161054,"October 14, 2025","April 14, 2026",,active
OGL/2024/1733/1081,1081,Exertus N.V.,B2C,161167,"October 14, 2025","April 14, 2026",,active
OGL/2024/648/0172,172,Panbet Curacao N.V.,B2C,118257,"October 14, 2025","April 14, 2026",,active
OGL/2024/1264/1125,1125,Green Stream Technology B.V.,B2C,164141,"October 9, 2025","April 9, 2026",,active
OGL/2024/1046/0451,451,Centrum Global B.V.,B2C,127056,"October 9, 2025","April 9, 2026",,active
OGL/2024/2063/1128,1128,Mitratech Curaçao B.V.,B2B,146806,"October 3, 2025","April 3, 2026",,active
OGL/2024/649/0442,442,Play Smart ENT B.V.,B2C,155275,"October 3, 2025","April 3, 2026",,active
OGL/2024/1242/0772,772,Gleneagles B.V.,B2C,158256,"October 3, 2025","April 3, 2026",,active
OGL/2024/746/0204,204,Victoria Games Solutions B.V.,B2C,163425,"October 3, 2025","April 3, 2026",,active
OGL/2024/2173/1161,1161,Gaminara N.V.,B2C,167847,"October 3, 2025","April 3, 2026",,active
OGL/2024/231/0633,633,Big Wonderland N.V.,B2B,162462,"October 2, 2025","April 2, 2026",,active
OGL/2024/1226/0898,898,Forward Solutions B.V.,B2C,156891,"October 2, 2025","April 2, 2026",,active
OGL/2024/1183/0869,869,Moonrail Limited B.V.,B2C,148182,"September 30, 2025","March 30, 2026",,active
OGL/2024/634/0590,590,Swivel B.V.,B2C,164460,"September 30, 2025","March 30, 2026",,active
OGL/2024/1144/0972,972,50 Gold B.V.,B2C,163883,"September 30, 2025","March 30, 2026",,active
OGL/2024/1511/0764,764,Interseal B.V.,B2C,163945,"September 29, 2025","March 29, 2026",,active
OGL/2024/586/0786,786,Orakum N.V.,B2C,141651,"September 28, 2025","March 28, 2026",,active
OGL/2024/341/0759,759,Prevailer B.V.,B2C,149548,"September 28, 2025","March 28, 2026",,active
OGL/2024/2289/1184,1184,Arrow Wood N.V.,B2C,149320,"September 28, 2025","March 28, 2026",,active
OGL/2024/1296/0547,547,Superstars Entertainment B.V.,B2C,163508,"September 28, 2025","March 28, 2026",,active
OGL/2024/2362/1207,1207,Olistek N.V.,B2C,168693,"September 27, 2025","March 27, 2026",,active
OGL/2024/1481/0768,768,F3 Markets N.V.,B2C,153970,"September 27, 2025","March 27, 2026",,active
OGL/2024/938/1131,1131,Edge Five Entertainment B.V.,B2C,164520,"September 27, 2025","March 27, 2026",,active
OGL/2024/983/0575,575,Seguri N.V.,B2C,153142,"September 27, 2025","March 27, 2026",,active
OGL/2024/971/0703,703,Kanggiten B.V.,B2C,147119,"September 26, 2025","March 26, 2026",,active
OGL/2024/969/1019,1019,Pointissimo B.V.,B2C,164649,"September 26, 2025","March 26, 2026",,active
OGL/2024/1130/0520,520,Superjogos N.V.,B2C,157878,"September 26, 2025","March 26, 2026",,active
OGL/2024/2241/1178,1178,Flybergom B.V.,B2C,167086,"September 26, 2025","March 26, 2026",,active
OGL/2024/1675/0903,903,Raging Rhino N.V.,B2C,148106,"September 26, 2025","March 26, 2026",,active
OGL/2024/566/0462,462,Magic Stones N.V.,B2C,155186,"September 26, 2025","March 26, 2026",,active
OGL/2024/421/0223,223,Evolut Interactive N.V.,B2C,161541,"September 26, 2025","March 26, 2026",,active
OGL/2024/1674/0902,902,Ngame N.V.,B2C,151672,"September 26, 2025","March 26, 2026",,active
OGL/2024/1208/0715,715,Continental Solutions Limited B.V.,B2C,148806,"September 26, 2025","March 26, 2026",,active
OGL/2024/428/0397,397,TGI Entertainment N.V.,B2C,135296,"September 26, 2025","March 26, 2026",,active
OGL/2024/1510/0839,839,Media4 Curaçao N.V.,B2C,164617,"September 26, 2025","March 26, 2026",,active
OGL/2024/2186/1164,1164,Agarinia N.V.,B2C,167085,"September 26, 2025","March 26, 2026",,active
OGL/2024/1126/0521,521,Terdersoft B.V.,B2C,164860,"September 26, 2025","March 26, 2026",,active
OGL/2024/345/0210,210,Elsikora N.V.,B2C,160190,"September 26, 2025","March 26, 2026",,active
OGL/2024/968/0753,753,Playvision Group B.V.,B2C,164518,"September 25, 2025","March 25, 2026",,active
OGL/2024/1070/0502,502,Bright Win Limited B.V.,B2C,165363,"September 25, 2025","March 25, 2026",,active
OGL/2024/1197/0563,563,Zoomba B.V.,B2C,164519,"September 24, 2025","March 24, 2026",,active
OGL/2024/923/0383,383,Complete Technologies N.V.,B2C,133283,"September 24, 2025","March 24, 2026",,active
OGL/2024/599/0274,274,Boom Line B.V.,B2C,159576,"September 24, 2025","March 24, 2026",,active
OGL/2024/669/0816,816,Torero Media B.V.,B2C,145737,"September 24, 2025","March 24, 2026",,active
OGL/2024/1324/0750,750,Nexus International Entertainment N.V.,B2C,162180,"September 24, 2025","March 24, 2026",,active
OGL/2024/597/0249,249,Bizbon N.V.,B2C,141081,"September 23, 2025","March 23, 2026",,active
OGL/2024/913/0609,609,Golden Frog N.V.,B2C,164683,"September 23, 2025","March 23, 2026",,active
OGL/2024/1699/1163,1163,Bettor IO N.V.,B2C,157065,"September 23, 2025","March 23, 2026",,active
OGL/2024/1111/0488,488,Orange Entertainment B.V.,B2C,158249,"September 18, 2025","March 18, 2026",,active
OGL/2024/943/0431,431,Faraday Online N.V.,B2C,161910,"September 17, 2025","March 17, 2026",,active
OGL/2024/363/0741,741,Starfish Media N.V.,B2B,125528,"September 17, 2025","March 17, 2026",,active
OGL/2024/1062/0475,475,Betelgeuse Entertainment B.V.,B2C,161954,"September 17, 2025","March 17, 2026",,active
OGL/2024/1696/1055,1055,Cyber Labs B.V.,B2C,166785,"September 13, 2025","March 13, 2026",,active
OGL/2024/1320/0958,958,PR Entertainment N.V.,B2C,163398,"September 13, 2025","March 13, 2026",,active
OGL/2024/920/0382,382,Coinbar N.V.,B2C,148533,"September 13, 2025","March 13, 2026",,active
OGL/2024/662/1015,1015,Caribbean Vista Media B.V.,B2B,165560,"September 13, 2025","March 13, 2026",,active
OGL/2024/1181/0851,851,Gammix STS B.V.,B2B,125471,"September 12, 2025","March 12, 2026",,active
OGL/2024/1832/1171,1171,99 Services B.V.,B2C,166791,"September 12, 2025","March 12, 2026",,active
OGL/2024/1323/0734,734,Galactic Investments B.V.,B2C,157483,"September 12, 2025","March 12, 2026",,active
OGL/2024/1618/0998,998,Oddcraze N.V.,B2C,163263,"September 12, 2025","March 12, 2026",,active
OGL/2024/1191/0663,663,HNA Gaming B.V.,B2C,162383,"September 12, 2025","March 12, 2026",,active
OGL/2024/1514/1226,1226,Recomby B.V.,B2B,166584,"September 12, 2025","March 12, 2026",,active
OGL/2024/2331/1197,1197,NetGame Entertainment N.V.,B2B,127096,"September 12, 2025","March 12, 2026",,active
OGL/2024/898/0783,783,GT Holding B.V.,B2C,156734,"September 12, 2025","March 12, 2026",,active
OGL/2024/806/0275,275,Tech Synergy B.V.,B2C,165620,"September 12, 2025","March 12, 2026",,active
OGL/2024/244/0341,341,JarvisDelivery B.V.,B2C,154900,"September 12, 2025","March 12, 2026",,active
OGL/2024/999/0482,482,Deck Entertainment B.V.,B2C,144851,"September 12, 2025","March 12, 2026",,active
OGL/2024/1397/0784,784,Grrr Tech B.V.,B2B,166739,"September 12, 2025","March 12, 2026",,active
OGL/2024/232/0307,307,Shapefy B.V.,B2C,155580,"September 10, 2025","March 10, 2026",,active
OGL/2024/1619/0872,872,Superbet88 International N.V.,B2C,161859,"September 9, 2025","March 9, 2026",,active
OGL/2024/385/0332,332,Bonus Operations N.V.,B2C,161022,"September 9, 2025","March 9, 2026",,active
OGL/2024/825/1106,1106,OnlineGaming Soft B.V.,B2C,152926,"September 7, 2025","March 7, 2026",,active
OGL/2024/2161/1158,1158,Religa B.V.,B2B,168011,"September 7, 2025","March 7, 2026",,active
OGL/2024/620/0878,878,Equinox Holding N.V.,B2C,164926,"September 7, 2025","March 7, 2026",,active
OGL/2024/665/0201,201,Bittech B.V.,B2C,153870,"September 7, 2025","March 7, 2026",,active
OGL/2024/181/0181,181,New Era B.V.,B2C,157707,"September 7, 2025","March 7, 2026",,active
OGL/2024/774/0362,362,Owl In N.V.,B2C,151201,"September 7, 2025","March 7, 2026",,active
OGL/2024/815/0653,653,Poligon Entertainment N.V.,B2C,132517,"September 7, 2025","March 7, 2026",,active
OGL/2024/1443/0692,692,Mystech Entertainment B.V.,B2C,157894,"September 7, 2025","March 7, 2026",,active
OGL/2024/107/0914,914,YouGMedia B.V.,B2C,153269,"September 7, 2025","March 7, 2026",,active
OGL/2024/190/0180,180,PP Solutions N.V.,B2B,164235,"September 7, 2025","March 7, 2026",,active
OGL/2024/751/0208,208,Creative Active Technology N.V.,B2C,165799,"September 7, 2025","March 7, 2026",,active
OGL/2024/1581/0803,803,Temple Holdings N.V.,B2C,159511,"September 7, 2025","March 7, 2026",,active
OGL/2024/587/0621,621,1Win N.V.,B2C,147039,"September 6, 2025","March 6, 2026",,active
OGL/2024/401/0680,680,Zeno Club B.V.,B2C,154987,"September 5, 2025","March 5, 2026",,active
OGL/2024/884/0471,471,Webmedia Development N.V.,B2C,130645,"September 5, 2025","March 5, 2026",,active
OGL/2024/1968/1134,1134,Inaxis N.V.,B2C,166861,"September 5, 2025","March 5, 2026",,active
OGL/2024/1312/0525,525,Digibet N.V.,B2C,158812,"September 3, 2025","March 3, 2026",,active
OGL/2024/1969/1113,1113,SparkTech N.V.,B2C,166173,"September 3, 2025","March 3, 2026",,active
OGL/2024/1347/0683,683,S3 Tech N.V.,B2C,154961,"September 3, 2025","March 3, 2026",,active
OGL/2024/1383/0619,619,Vivardo N.V.,B2C,149436,"September 3, 2025","March 3, 2026",,active
OGL/2024/1681/0917,917,Twins Games N.V.,B2C,165516,"September 3, 2025","March 3, 2026",,active
OGL/2024/1313/0727,727,Dynamik Marketing B.V.,B2C,154613,"September 3, 2025","March 3, 2026",,active
OGL/2024/1052/0508,508,Gravity Unleashed B.V.,B2C,165275,"September 2, 2025","March 2, 2026",,active
OGL/2023/187/0094,94,Pegasus 19 B.V.,B2C,155305,"September 2, 2025","March 2, 2026",,active
OGL/2024/1638/1028,1028,Genius Touch B.V.,B2C,160903,"August 28, 2025","February 28, 2026",,active
OGL/2024/795/0241,241,CyberFusion B.V.,B2C,166089,"August 28, 2025","February 28, 2026",,active
OGL/2024/1328/0739,739,Happyluck B.V.,B2C,147343,"August 27, 2025","February 27, 2026",,active
OGL/2024/2279/1202,1202,Keep On Entertainment N.V.,B2C,168271,"August 22, 2025","February 22, 2026",,active
OGL/2024/2252/1179,1179,Raining Games N.V.,B2C,160905,"August 22, 2025","February 22, 2026",,active
OGL/2024/793/0757,757,Leopard B.V.,B2C,166227,"August 22, 2025","February 22, 2026",,active
OGL/2024/1184/1010,1010,WiselnNet Technologies B.V.,B2C,165591,"August 22, 2025","February 22, 2026",,active
OGL/2024/478/0152,152,West End Gaming B.V.,B2C,161730,"August 13, 2025","February 13, 2026",,active
OGL/2024/1194/0723,723,Globis N.V.,B2C,155962,"August 12, 2025","February 12, 2026",,active
OGL/2024/547/0446,446,NovaWave Technology N.V.,B2C,162293,"August 12, 2025","February 12, 2026",,active
OGL/2024/1578/0800,800,Maxi Technology N.V.,B2C,162443,"August 12, 2025","February 12, 2026",,active
OGL/2024/1293/0543,543,SM Tech B.V.,B2C,151006,"August 12, 2025","February 12, 2026",,active
OGL/2024/956/0417,417,Legacy Eight Curacao N.V.,B2C,142227,"August 7, 2025","February 7, 2026",,active
OGL/2024/821/1033,1033,Clubhouse Media N.V.,B2C,145680,"August 5, 2025","February 5, 2026",,active
OGL/2024/1491/0943,943,Geminilab N.V.,B2B,161235,"August 4, 2025","February 4, 2026",,active
OGL/2024/941/0391,391,Fitzgerald Industries Group N.V.,B2C,124213,"August 1, 2025","February 1, 2026",,active
OGL/2024/1441/0693,693,Losartez B.V.,B2C,165583,"July 31, 2025","January 31, 2026",,active
OGL/2024/197/0481,481,Palau Holdings N.V.,B2C,140044,"July 24, 2025","January 24, 2026",,active
OGL/2024/758/0228,228,Goodwin N.V.,B2C,151353,"July 24, 2025","January 24, 2026",,active
OGL/2024/1650/0921,921,Double Entertainment N.V.,B2C,161218,"July 23, 2025","January 23, 2026",,active
OGL/2024/1339/0864,864,Media 21 B.V.,B2C,157422,"July 22, 2025","January 22, 2026",,active
OGL/2024/867/0414,414,Skysea Tech N.V.,B2C,144211,"July 22, 2025","January 22, 2026",,active
OGL/2024/1594/0956,956,Amaterasu N.V.,B2C,163940,"July 22, 2025","January 22, 2026",,active
OGL/2024/1534/0834,834,Audeo N.V.,B2C,127564,"July 22, 2025","January 22, 2026",,active
OGL/2024/1743/0960,960,Raeen Exchange N.V.,B2C,155342,"July 22, 2025","January 22, 2026",,active
OGL/2024/295/0600,600,Highbet B.V.,B2C,148202,"July 21, 2025","January 21, 2026",,assessment in progress
OGL/2024/601/0623,623,Pinbit N.V.,B2C,143584,"July 17, 2025","January 17, 2026",,assessment in progress
OGL/2024/551/0622,622,Moonlight N.V.,B2C,143585,"July 17, 2025","January 17, 2026",,assessment in progress
OGL/2024/762/0569,569,Apex Analytica N.V.,B2C,149969,"July 17, 2025","January 17, 2026",,assessment in progress
OGL/2024/1121/1020,1020,IntellogixSoft B.V.,B2C,164650,"July 16, 2025","January 16, 2026",,assessment in progress
OGL/2024/225/0601,601,Optim Development B.V.,B2C,154511,"July 16, 2025","January 16, 2026",,assessment in progress
OGL/2024/240/0682,682,Common Square N.V.,B2C,164744,"July 14, 2025","January 14, 2026",,assessment in progress
OGL/2024/894/1037,1037,Codex B.V.,B2C,160873,"July 14, 2025","January 14, 2026",,assessment in progress
OGL/2024/1600/0861,861,Glory Multimedia B.V.,B2C,158655,"July 14, 2025","January 14, 2026",,assessment in progress
OGL/2024/600/0262,262,JER-Team N.V.,B2C,160979,"July 14, 2025","January 14, 2026",,assessment in progress
OGL/2024/398/0495,495,Kallila N.V.,B2C,163871,"July 14, 2025","January 14, 2026",,assessment in progress
OGL/2024/651/0285,285,Torrero Platform N.V.,B2B,162912,"July 14, 2025","January 14, 2026",,assessment in progress
OGL/2024/303/300,300,Lotostorm B.V.,B2C,163910,"July 14, 2025","January 14, 2026",,assessment in progress
OGL/2024/234/0315,315,Marcentra Corporation N.V.,B2C,151335,"July 14, 2025","January 14, 2026",,assessment in progress
OGL/2024/511/0630,630,Gameplay International B.V.,B2C,148409,"July 14, 2025","January 14, 2026",,assessment in progress
OGL/2024/1580/0801,801,Mic Group Entertainment N.V.,B2C,160504,"July 14, 2025","January 14, 2026",,assessment in progress
OGL/2024/1087/0807,807,Winna B.V.,B2C,163884,"July 14, 2025","January 14, 2026",,assessment in progress
OGL/2024/372/0322,322,Seven Investments America N.V.,B2C,152581,"July 14, 2025","January 14, 2026",,assessment in progress
OGL/2024/1603/0850,850,Joyeux B.V.,B2C,166782,"July 9, 2025","January 9, 2026",,assessment in progress
OGL/2024/369/0568,568,Hazarion N.V.,B2C,140326,"July 9, 2025","January 9, 2026",,assessment in progress
OGL/2024/905/0374,374,Abudantia B.V.,B2C,126608,"July 7, 2025","January 7, 2026",,assessment in progress
OGL/2024/625/0719,719,Connaught Media B.V.,B2C,145098,"July 7, 2025","January 7, 2026",,assessment in progress
OGL/2024/1123/0641,641,Y Enterprises B.V.,B2C,158266,"July 3, 2025","January 3, 2026",,active
OGL/2024/1149/0634,634,AMNM B.V.,B2C,159446,"July 3, 2025","January 3, 2026",,active
OGL/2024/1186/1127,1127,Encode Digital B.V.,B2C,158289,"July 3, 2025","January 3, 2026",,active
OGL/2024/1944/1124,1124,Horizonix Corp N.V.,B2C,166811,"July 3, 2025","January 3, 2026",,active
OGL/2024/940/0485,485,Momo Entertainment B.V.,B2C,160871,"July 3, 2025","January 3, 2026",,active
OGL/2024/1748/0967,967,Cosmos Interactive Entertainment N.V.,B2C,161708,"July 3, 2025","January 3, 2026",,active
OGL/2024/2065/1133,1133,Halfsquare B.V.,B2B,166999,"July 1, 2025","January 1, 2026",,active
OGL/2024/1346/1000,1000,Slicemedia B.V.,B2C,145203,"July 1, 2025","January 1, 2026",,active
OGL/2024/668/0844,844,Disrupt Entertainment Limited N.V.,B2C,140327,"July 1, 2025","January 1, 2026",,active
OGL/2024/823/0990,990,Betplay B.V.,B2B,147087,"July 1, 2025","January 1, 2026",,active
OGL/2024/1329/0629,629,Castianes B.V.,B2C,159965,"June 27, 2025","December 27, 2025",,assessment in progress
OGL/2024/674/0714,714,Caravan Media B.V.,B2C,146989,"June 27, 2025","December 27, 2025",,assessment in progress
OGL/2024/1994/1120,1120,UnityBet B.V.,B2C,166841,"June 27, 2025","December 27, 2025",,assessment in progress
OGL/2024/334/0243,243,Complex Technologies B.V.,B2C,153939,"June 24, 2025","December 24, 2025",,assessment in progress
OGL/2024/375/0657,657,Cre8 B.V.,B2C,162294,"June 24, 2025","December 24, 2025",,assessment in progress
OGL/2024/1162/0455,455,Sonne N.V.,B2C,163610,"June 24, 2025","December 24, 2025",,assessment in progress
OGL/2024/698/0579,579,Brindisa Media N.V.,B2C,135958,"June 24, 2025","December 24, 2025",,assessment in progress
OGL/2024/139/0125,125,Trickless N.V,B2C,160941,"June 24, 2025","December 24, 2025",,assessment in progress
OGL/2024/750/0202,202,Fun Fusion N.V.,B2C,156583,"June 24, 2025","December 24, 2025",,assessment in progress
OGL/2024/903/0373,373,Green Platform N.V.,B2B,162074,"June 24, 2025","December 24, 2025",,assessment in progress
OGL/2024/376/0148,148,CW Marketing B.V.,B2C,143854,"June 24, 2025","December 24, 2025",,assessment in progress
OGL/2024/863/0412,412,Pomadorro N.V.,B2C,131629,"June 24, 2025","December 24, 2025",,assessment in progress
OGL/2024/865/0413,413,Pretense Flip N.V.,B2C,160797,"June 24, 2025","December 24, 2025",,assessment in progress
OGL/2024/1281/0536,536,Humble Interactive Services N.V.,B2C,159312,"June 24, 2025","December 24, 2025",,assessment in progress
OGL/2024/1630/1008,1008,Investan N.V.,B2C,153108,"June 24, 2025","December 24, 2025",,assessment in progress
OGL/2024/1385/0658,658,Greenwich N.V.,B2C,160325,"June 24, 2025","December 24, 2025",,assessment in progress
OGL/2024/390/0122,122,Beastone N.V.,B2C,160218,"June 24, 2025","December 24, 2025",,assessment in progress
OGL/2024/1467/0728,728,Ascend Entertainment N.V.,B2C,165293,"June 24, 2025","December 24, 2025",,assessment in progress
OGL/2024/361/0119,119,Far Up Entertainment N.V.,B2C,163294,"June 24, 2025","December 24, 2025",,assessment in progress
OGL/2024/1354/0882,882,Perfect Storm B.V.,B2C,150536,"June 24, 2025","December 24, 2025",,assessment in progress
OGL/2024/948/0661,661,Red777 N.V.,B2C,159999,"June 24, 2025","December 24, 2025",,assessment in progress
OGL/2024/252/0153,153,Vavada B.V.,B2C,143168,"June 24, 2025","December 24, 2025",,assessment in progress
OGL/2024/1335/0780,780,Modern World Entertainment B.V.,B2C,163861,"June 24, 2025","December 24, 2025",,assessment in progress
OGL/2024/351/0124,124,Blue Pepper B.V.,B2C,146398,"June 24, 2025","December 24, 2025",,assessment in progress
OGL/2024/1068/0572,572,Aspera Operations B.V.,B2C,166061,"June 24, 2025","December 24, 2025",,assessment in progress
OGL/2024/452/0687,687,WoT N.V.,B2C,129742,"June 24, 2025","December 24, 2025",,assessment in progress
OGL/2024/1216/0465,465,Wainsworth Ludomatics N.V.,B2C,146549,"June 24, 2025","December 24, 2025",,assessment in progress
OGL/2024/1415/0636,636,Prolific Trade N.V.,B2C,150731,"June 24, 2025","December 24, 2025",,assessment in progress
OGL/2024/944/0433,433,Hermes Consulting Company N.V.,B2C,145995,"June 24, 2025","December 24, 2025",,assessment in progress
OGL/2024/976/0894,894,Mamba Edge B.V.,B2C,166370,"June 24, 2025","December 24, 2025",,assessment in progress
OGL/2024/481/0169,169,Njord Ventures B.V.,B2C,154649,"June 24, 2025","December 24, 2025",,assessment in progress
OGL/2024/1720/0980,980,Ex Lux N.V.,B2C,164858,"June 24, 2025","December 24, 2025",,assessment in progress
OGL/2024/738/0549,549,Zerone B.V.,B2C,165212,"June 24, 2025","December 24, 2025",,assessment in progress
OGL/2024/1455/0790,790,Brightstar N.V.,B2C,163122,"June 24, 2025","December 24, 2025",,assessment in progress
OGL/2024/846/0501,501,SUVYD B.V.,B2C,164492,"June 24, 2025","December 24, 2025",,assessment in progress
OGL/2024/2267/1181,1181,Middle Kang B.V.,B2C,168291,"June 24, 2025","December 24, 2025",,assessment in progress
OGL/2024/1385/0685,685,Noah Time B.V.,B2C,161327,"June 24, 2025","December 24, 2025",,assessment in progress
OGL/2024/383/0654,654,Leontodo N.V.,B2C,163471,"June 24, 2025","December 24, 2025",,assessment in progress
OGL/2024/1546/0828,828,Caishxn Holding B.V.,B2C,162826,"June 24, 2025","December 24, 2025",,assessment in progress
OGL/2024/486/0261,261,Code Harbor N.V.,B2C,165641,"June 24, 2025","December 24, 2025",,assessment in progress
OGL/2024/1164/0643,643,Tixi Multimedia B.V.,B2C,161662,"June 24, 2025","December 24, 2025",,assessment in progress
OGL/2024/891/0830,830,Felicas B.V.,B2C,163070,"June 24, 2025","December 24, 2025",,assessment in progress
OGL/2024/1769/1016,1016,Innovex B.V.,B2C,165563,"June 24, 2025","December 24, 2025",,assessment in progress
OGL/2024/574/0913,913,Sport Tech N.V.,B2C,163475,"June 24, 2025","December 24, 2025",,assessment in progress
OGL/2024/639/1018,1018,IT Management Santora B.V.,B2C,144578,"June 24, 2025","December 24, 2025",,assessment in progress
OGL/2024/1672/0923,923,Monotech Solutions B.V.,B2C,166758,"June 24, 2025","December 24, 2025",,assessment in progress
OGL/2024/953/0416,416,Viral Technology N.V.,B2B,123604,"June 24, 2025","December 24, 2025",,assessment in progress
OGL/2024/1452/0706,706,Bluestream N.V.,B2C,164234,"June 24, 2025","December 24, 2025",,assessment in progress
OGL/2024/1563/0831,831,Bespinex N.V.,B2C,165689,"June 24, 2025","December 24, 2025",,assessment in progress
OGL/2024/655/0239,239,EveryMatrix N.V.,B2B,108354,"June 24, 2025","December 24, 2025",,assessment in progress
OGL/2024/916/0436,436,Lowell & Pruitt N.V.,B2C,144786,"June 24, 2025","December 24, 2025",,assessment in progress
OGL/2024/1332/0669,669,Continent Gaming N.V.,B2C,159857,"June 24, 2025","December 24, 2025",,assessment in progress
OGL/2024/227/0112,112,Alisium B.V.,B2C,161507,"June 24, 2025","December 24, 2025",,assessment in progress
OGL/2024/391/0299,299,Breakout Group B.V.,B2C,143362,"June 24, 2025","December 24, 2025",,assessment in progress
OGL/2024/561/0554,554,Pelican Entertainment B.V.,B2C,134359,"June 24, 2025","December 24, 2025",,assessment in progress
OGL/2024/427/1022,1022,Iridium Group N.V.,B2C,153995,"June 24, 2025","December 24, 2025",,assessment in progress
OGL/2024/402/0624,624,Galazia B.V.,B2C,162941,"June 24, 2025","December 24, 2025",,assessment in progress
OGL/2024/1532/0829,829,Majesti Star N.V.,B2C,164098,"June 24, 2025","December 24, 2025",,assessment in progress
OGL/2024/1255/0476,476,Global Software Solutions N.V.,B2B,121022,"June 24, 2025","December 24, 2025",,assessment in progress
OGL/2024/1394/0725,725,Novisoft N.V.,B2C,163608,"June 24, 2025","December 24, 2025",,assessment in progress
OGL/2024/565/0553,553,Aspro N.V.,B2C,140802,"June 24, 2025","December 24, 2025",,assessment in progress
OGL/2024/1221/0500,500,LBC Enterprises B.V.,B2C,164426,"June 24, 2025","December 24, 2025",,assessment in progress
OGL/2024/1262/0493,493,Caecus N.V.,B2C,163779,"June 24, 2025","December 24, 2025",,assessment in progress
OGL/2024/316/0598,598,Geosix B.V.,B2C,163931,"June 24, 2025","December 24, 2025",,assessment in progress
OGL/2024/1567/0779,779,Infusion Tech B.V.,B2C,120001,"June 24, 2025","December 24, 2025",,assessment in progress
OGL/2024/1593/0817,817,Velatus N.V.,B2C,163778,"June 24, 2025","December 24, 2025",,assessment in progress
OGL/2024/1446/0700,700,Equlino N.V.,B2C,165124,"June 24, 2025","December 24, 2025",,assessment in progress
OGL/2024/1371/0694,694,Luckyroo N.V.,B2C,163606,"June 24, 2025","December 24, 2025",,assessment in progress
OGL/2024/1507/0838,838,Liquid Entertainment N.V.,B2C,153298,"June 24, 2025","December 24, 2025",,assessment in progress
OGL/2024/575/0625,625,AGG Soft N.V.,B2B,163474,"June 24, 2025","December 24, 2025",,assessment in progress
OGL/2024/560/0635,635,Primary Media B.V.,B2B,153138,"June 24, 2025","December 24, 2025",,assessment in progress
OGL/2024/609/0253,253,XZ Solutions B.V.,B2C,159328,"June 24, 2025","December 24, 2025",,assessment in progress
OGL/2024/810/0298,298,TTM Gaming N.V.,B2C,165900,"June 24, 2025","December 24, 2025",,assessment in progress
OGL/2024/647/0435,435,Thelxia N.V.,B2C,163924,"June 24, 2025","December 24, 2025",,assessment in progress
OGL/2024/1790/1062,1062,Novatech Solutions N.V.,B2C,154984,"June 24, 2025","December 24, 2025",,assessment in progress
OGL/2024/901/0685,685,Plexian Network N.V.,B2C,162289,"June 24, 2025","December 24, 2025",,assessment in progress
OGL/2024/277/0308,308,Blue Sapphire N.V.,B2C,149875,"June 24, 2025","December 24, 2025",,assessment in progress
OGL/2024/315/0489,489,Numereto B.V.,B2C,163869,"June 24, 2025","December 24, 2025",,assessment in progress
OGL/2024/1468/1024,1024,TH Gambling N.V.,B2C,146982,"June 24, 2025","December 24, 2025",,assessment in progress
OGL/2024/169/0146,146,Galaktika N.V.,B2C,140803,"June 24, 2025","December 24, 2025",,assessment in progress
OGL/2024/537/0691,691,Interactive Betting N.V.,B2C,142759,"June 24, 2025","December 24, 2025",,assessment in progress
OGL/2024/308/0138,138,MyMoon N.V.,B2B,161880,"June 24, 2025","December 24, 2025",,assessment in progress
OGL/2024/1444/0665,665,Universal Software Solutions N.V.,B2B,128575,"June 24, 2025","December 24, 2025",,assessment in progress
OGL/2024/781/0368,368,Webforce Entertainment N.V.,B2C,140886,"June 24, 2025","December 24, 2025",,assessment in progress
OGL/2024/921/0845,845,Evelnex B.V.,B2C,164180,"June 24, 2025","December 24, 2025",,assessment in progress
OGL/2024/1280/0498,498,Alea Overseas N.V.,B2B,131334,"June 24, 2025","December 24, 2025",,assessment in progress
OGL/2024/1015/0870,870,Doubled B.V.,B2C,166107,"June 24, 2025","December 24, 2025",,assessment in progress
OGL/2024/456/0257,257,Playora B.V.,B2C,164245,"June 24, 2025","December 24, 2025",,assessment in progress
OGL/2024/937/0857,857,Krevetka B.V.,B2C,166108,"June 24, 2025","December 24, 2025",,assessment in progress
OGL/2024/1513/0837,837,Five Star Entertainment N.V.,B2C,162059,"June 24, 2025","December 24, 2025",,assessment in progress
OGL/2024/309/0142,142,Groove Technologies N.V.,B2B,154475,"June 24, 2025","December 24, 2025",,assessment in progress
OGL/2024/113/0114,114,WP Consulting N.V.,B2B,156492,"June 24, 2025","December 24, 2025",,assessment in progress
OGL/2024/1519/0809,809,Zozo Technology B.V.,B2C,165255,"June 24, 2025","December 24, 2025",,assessment in progress
OGL/2024/834/0422,422,Cupwin B.V.,B2C,164533,"June 24, 2025","December 24, 2025",,assessment in progress
OGL/2024/697/0197,197,Navy Blue Ventures N.V.,B2C,162825,"June 24, 2025","December 24, 2025",,assessment in progress
OGL/2024/1337/0628,628,Natural Nine B.V.,B2C,160998,"June 24, 2025","December 24, 2025",,assessment in progress
OGL/2024/470/0175,175,Win Pro Games B.V.,B2C,164229,"June 24, 2025","December 24, 2025",,assessment in progress
OGL/2024/887/0618,618,Digitain Curaçao B.V.,B2B,162596,"June 24, 2025","December 24, 2025",,assessment in progress
OGL/2024/639/0224,224,IT Management Santora B.V.,B2C,144578,"June 24, 2025","December 24, 2025",,assessment in progress
OGL/2024/1506/0854,854,Betsala B.V.,B2C,149818,"June 24, 2025","December 24, 2025",,assessment in progress
OGL/2024/559/0555,555,Highflier B.V.,B2B,149996,"June 24, 2025","December 24, 2025",,assessment in progress
OGL/2024/555/0737,737,Snowbark N.V.,B2B,155264,"June 24, 2025","December 24, 2025",,assessment in progress
OGL/2024/378/0652,652,Gladia N.V.,B2C,163761,"June 24, 2025","December 24, 2025",,assessment in progress
OGL/2024/1718/0938,938,MIBS N.V.,B2C,162031,"June 24, 2025","December 24, 2025",,assessment in progress
OGL/2024/175/0182,182,Breckenridge Curaçao B.V.,B2C,149132,"June 24, 2025","December 24, 2025",,assessment in progress
OGL/2024/979/0426,426,The Elite Turf Club N.V.,B2C,86733,"June 24, 2025","December 24, 2025",,assessment in progress
OGL/2024/991/0875,875,Poinder B.V.,B2C,166111,"June 24, 2025","December 24, 2025",,assessment in progress
OGL/2024/1063/0437,437,Metaspins N.V.,B2C,160102,"June 24, 2025","December 24, 2025",,assessment in progress
OGL/2024/301/0477,477,Seventoria B.V.,B2C,163919,"June 24, 2025","December 24, 2025",,assessment in progress
OGL/2024/1012/0866,866,Chubarito B.V.,B2C,166280,"June 24, 2025","December 24, 2025",,assessment in progress
OGL/2024/564/0626,626,Envision Digital N.V.,B2C,140286,"June 24, 2025","December 24, 2025",,assessment in progress
OGL/2024/997/0945,945,Mystic Glitter B.V.,B2C,166110,"June 24, 2025","December 24, 2025",,assessment in progress
OGL/2024/832/0423,423,Betquest B.V.,B2C,164560,"June 24, 2025","December 24, 2025",,assessment in progress
OGL/2024/304/0398,398,Royal Bonanza B.V.,B2C,163792,"June 24, 2025","December 24, 2025",,assessment in progress
OGL/2024/936/0874,874,Inbotler B.V.,B2C,166326,"June 24, 2025","December 24, 2025",,assessment in progress
OGL/2024/986/0876,876,Torsher B.V.,B2C,166106,"June 24, 2025","December 24, 2025",,assessment in progress
OGL/2024/1038/0879,879,Yungmetro B.V.,B2C,166109,"June 24, 2025","December 24, 2025",,assessment in progress
OGL/2024/1020/0873,873,Ferito Group B.V.,B2C,166186,"June 24, 2025","December 24, 2025",,assessment in progress
OGL/2024/256/0304,304,Green Point Technology N.V.,B2C,163399,"June 24, 2025","December 24, 2025",,assessment in progress
OGL/2024/1533/0769,769,High Seas N.V.,B2C,157373,"June 24, 2025","December 24, 2025",,assessment in progress
OGL/2024/419/0348,348,TC Entertainment N.V.,B2C,133780,"June 24, 2025","December 24, 2025",,assessment in progress
OGL/2024/529/0346,346,Niollo B.V.,B2C,156491,"June 24, 2025","December 24, 2025",,assessment in progress
OGL/2024/987/0597,597,G2 Tech B.V.,B2C,162012,"June 24, 2025","December 24, 2025",,assessment in progress
OGL/2024/1100/0505,505,Entretenimiento Rojo B.V.,B2C,152924,"June 24, 2025","December 24, 2025",,assessment in progress
OGL/2024/845/0407,407,Livetech Software Solutions N.V.,B2C,149683,"June 24, 2025","December 24, 2025",,assessment in progress
OGL/2024/1291/0548,548,Wise Global B.V.,B2B,158411,"June 24, 2025","December 24, 2025",,assessment in progress
OGL/2024/424/1065,1065,Smein Hosting N.V.,B2C,141727,"June 24, 2025","December 24, 2025",,assessment in progress
OGL/2024/522/0354,354,Seventip N.V.,B2C,159055,"June 24, 2025","December 24, 2025",,assessment in progress
OGL/2024/274/0420,420,Notica B.V.,B2C,163750,"June 24, 2025","December 24, 2025",,assessment in progress
OGL/2024/433/0399,399,Alasia Soft B.V.,B2C,163748,"June 24, 2025","December 24, 2025",,assessment in progress
OGL/2024/692/0303,303,Zaptorica B.V.,B2C,163921,"June 24, 2025","December 24, 2025",,assessment in progress
OGL/2024/1279/0531,531,Elfy Interactive B.V.,B2C,165789,"June 24, 2025","December 24, 2025",,assessment in progress
OGL/2024/788/0550,550,Rail Solutions Group B.V.,B2C,165284,"June 24, 2025","December 24, 2025",,assessment in progress
OGL/2024/1286/0529,529,City Limit B.V.,B2C,158410,"June 24, 2025","December 24, 2025",,assessment in progress
OGL/2024/1305/0545,545,Sort Services B.V.,B2C,164182,"June 24, 2025","December 24, 2025",,assessment in progress
OGL/2024/1288/0542,542,Novi B.V.,B2C,155510,"June 24, 2025","December 24, 2025",,assessment in progress
OGL/2024/1282/0539,539,Mill Interactive B.V.,B2C,162366,"June 24, 2025","December 24, 2025",,assessment in progress
OGL/2024/777/0365,365,SXM Management N.V.,B2C,138661,"June 24, 2025","December 24, 2025",,assessment in progress
OGL/2024/114/0135,135,GB Tech Services N.V.,B2C,163346,"June 24, 2025","December 24, 2025",,assessment in progress
OGL/2024/1041/0856,856,Borondoso B.V.,B2C,166281,"June 24, 2025","December 24, 2025",,assessment in progress
OGL/2024/313/0337,337,Kromstex B.V.,B2C,163966,"June 24, 2025","December 24, 2025",,assessment in progress
OGL/2024/189/0118,118,Next to You B.V.,B2C,145738,"June 24, 2025","December 24, 2025",,assessment in progress
OGL/2024/1240/0473,473,Esti Technologies N.V.,B2C,157981,"June 24, 2025","December 24, 2025",,assessment in progress
OGL/2024/1516/0841,841,Carlitta N.V.,B2C,162777,"June 24, 2025","December 24, 2025",,assessment in progress
OGL/2024/1143/0865,865,Centrald B.V.,B2C,166369,"June 24, 2025","December 24, 2025",,assessment in progress
OGL/2024/358/0707,707,Luminect Limited B.V.,B2C,165187,"June 24, 2025","December 24, 2025",,assessment in progress
OGL/2024/503/0352,352,Deep Dive Tech B.V.,B2C,154314,"June 24, 2025","December 24, 2025",,assessment in progress
OGL/2024/1283/0530,530,Daintree Interactive B.V.,B2B,162262,"June 24, 2025","December 24, 2025",,assessment in progress
OGL/2024/214/1009,1009,Fast Lane B.V.,B2C,159063,"June 24, 2025","December 24, 2025",,assessment in progress
OGL/2024/1292/0546,546,Stella Tech B.V.,B2C,129958,"June 24, 2025","December 24, 2025",,assessment in progress
OGL/2024/284/0863,863,"ABC Interactive N.V,",B2C,153994,"June 24, 2025","December 24, 2025",,assessment in progress
OGL/2024/911/0710,710,123 Global Media B.V.,B2C,162530,"June 24, 2025","December 24, 2025",,assessment in progress
OGL/2023/174/0082,82,Dama N.V.,B2C,152125,"June 24, 2025","December 24, 2025",,assessment in progress
OGL/2024/1800/1049,1049,Ryker B.V.,B2C,154186,"June 24, 2025","December 24, 2025",,assessment in progress
OGL/2024/1798/1048,1048,Santeda International B.V.,B2C,151296,"June 24, 2025","December 24, 2025",,assessment in progress
OGL/2024/364/0157,157,Chancier B.V.,B2C,147277,"June 24, 2025","December 24, 2025",,assessment in progress
OGL/2024/164/0246,246,Just Entertainment B.V.,B2C,160603,"June 24, 2025","December 24, 2025",,assessment in progress
OGL/2024/1756/0979,979,Gladiator Holding N.V.,B2C,161721,"June 24, 2025","December 24, 2025",,assessment in progress
OGL/2024/1469/0855,855,Entertainment Planets B.V.,B2C,166486,"June 24, 2025","December 24, 2025",,assessment in progress
OGL/2024/1601/0909,909,Oxilium N.V.,B2C,165075,"June 24, 2025","December 24, 2025",,assessment in progress
OGL/2024/325/0187,187,Meta Tech Innovations B.V.,B2C,165381,"June 24, 2025","December 24, 2025",,assessment in progress
OGL/2024/687/0427,427,Raw Entertainment B.V.,B2C,157205,"June 24, 2025","December 24, 2025",,assessment in progress
OGL/2024/1297/0532,532,Feel So Good B.V.,B2C,155643,"June 24, 2025","December 24, 2025",,assessment in progress
OGL/2024/835/0400,400,Azung B.V.,B2C,163067,"June 24, 2025","December 24, 2025",,assessment in progress
OGL/2024/1487/0729,729,Fruity Entertainment N.V.,B2C,163862,"June 24, 2025","December 24, 2025",,assessment in progress
OGL/2024/836/0401,401,Better World N.V.,B2C,132488,"June 24, 2025","December 24, 2025",,assessment in progress
OGL/2024/598/0357,357,Westward Way Tech N.V.,B2C,158203,"June 24, 2025","December 24, 2025",,assessment in progress
OGL/2023/162/0096,96,Topchik N.V.,B2B,152124,"June 24, 2025","December 24, 2025",,assessment in progress
OGL/2024/790/0272,272,Neroblanko Tech N.V.,B2C,164789,"June 24, 2025","December 24, 2025",,assessment in progress
OGL/2024/154/0133,133,SA Technology N.V.,B2B,162463,"June 24, 2025","December 24, 2025",,assessment in progress
OGL/2024/1541/0763,763,Silvertech N.V.,B2C,165464,"June 24, 2025","December 24, 2025",,assessment in progress
OGL/2024/1788/1030,1030,Axenora Strategic Services N.V.,B2C,164834,"June 24, 2025","December 24, 2025",,assessment in progress
OGL/2024/917/0380,380,Blackrock N.V.,B2C,165463,"June 24, 2025","December 24, 2025",,assessment in progress
OGL/2024/640/0176,176,Gatepost N.V.,B2C,163081,"June 24, 2025","December 24, 2025",,assessment in progress
OGL/2024/1287/0535,535,Grace Bay B.V.,B2C,151254,"June 24, 2025","December 24, 2025",,assessment in progress
OGL/2024/1445/0666,666,Hasel N.V.,B2C,134176,"June 24, 2025","December 24, 2025",,assessment in progress
OGL/2023/176/0095,95,Hollycorn N.V.,B2C,144359,"June 24, 2025","December 24, 2025",,assessment in progress
OGL/2024/1417/0637,637,Longterm Interactive N.V.,B2C,132296,"June 24, 2025","December 24, 2025",,assessment in progress
OGL/2024/930/0387,387,Oyine N.V.,B2C,144430,"June 24, 2025","December 24, 2025",,assessment in progress
OGL/2024/650/0284,284,BMBIT N.V.,B2C,156146,"June 24, 2025","December 24, 2025",,assessment in progress
OGL/2024/1178/0479,479,Bets Entertainment N.V.,B2C,155648,"June 24, 2025","December 24, 2025",,assessment in progress
OGL/2024/1307/0748,748,Scores55 Tech N.V.,B2C,162990,"June 24, 2025","December 24, 2025",,assessment in progress
OGL/2024/450/0238,238,Crowntech N.V.,B2C,164246,"June 24, 2025","December 24, 2025",,assessment in progress
OGL/2024/1295/0544,544,Socas International B.V.,B2C,151253,"June 24, 2025","December 24, 2025",,assessment in progress
OGL/2024/163/0190,190,Latiform B.V.,B2C,160604,"June 24, 2025","December 24, 2025",,assessment in progress
OGL/2024/664/0280,280,Satoshi Gaming Group N.V.,B2C,151832,"June 24, 2025","December 24, 2025",,assessment in progress
OGL/2024/408/0128,128,Cetus Technology N.V.,B2C,160923,"June 24, 2025","December 24, 2025",,assessment in progress
OGL/2024/131/0296,296,Blackbelt N.V.,B2C,162196,"June 24, 2025","December 24, 2025",,assessment in progress
OGL/2024/161/0191,191,Stable Tech N.V.,B2C,160129,"June 24, 2025","December 24, 2025",,assessment in progress
OGL/2024/112/0974,974,Fortuna Games N.V.,B2C,162413,"June 24, 2025","December 24, 2025",,assessment in progress
OGL/2024/137/0132,132,Platinum Technology N.V.,B2C,163348,"June 24, 2025","December 24, 2025",,assessment in progress
OGL/2023/110/0072,72,MBet Solutions N.V.,B2C,129230,"June 24, 2025","December 24, 2025",,assessment in progress
OGL/2024/1232/0584,584,GEM Solutions B.V.,B2C,165473,"June 24, 2025","December 24, 2025",,assessment in progress
OGL/2024/165/0185,185,Gareton B.V.,B2C,160656,"June 24, 2025","December 24, 2025",,assessment in progress
OGL/2023/111/0069,69,Moon Technologies B.V.,B2C,152185,"June 24, 2025","December 24, 2025",,assessment in progress
OGL/2023/109/0075,75,Altacore N.V.,B2C,151002,"June 24, 2025","December 24, 2025",,assessment in progress
OGL/2023/115/0092,92,Medial N.V.,B2C,156005,"June 24, 2025","December 24, 2025",,assessment in progress
OGL/2024/250/0115,115,GTW B.V.,B2C,165433,"June 24, 2025","December 24, 2025",,assessment in progress
OGL/2024/129/0131,131,130Group N.V.,B2C,161333,"June 24, 2025","December 24, 2025",,assessment in progress
OGL/2024/611/0233,233,Promotech N.V.,B2C,165167,"June 24, 2025","December 24, 2025",,assessment in progress
OGL/2024/802/0282,282,Radon B.V.,B2C,126922,"June 24, 2025","December 24, 2025",,assessment in progress
OGL/2024/1298/0527,527,ASL Interactive B.V.,B2C,141593,"June 24, 2025","December 24, 2025",,assessment in progress
OGL/2024/580/0570,570,Carletta N.V.,B2C,142346,"June 24, 2025","December 24, 2025",,assessment in progress
OGL/2024/400/0824,824,Jazz Business Solutions B.V.,B2C,152056,"June 24, 2025","December 24, 2025",,assessment in progress
OGL/2024/198/0418,418,Sunflower Seed B.V.,B2C,157063,"June 24, 2025","December 24, 2025",,assessment in progress
OGL/2024/909/0378,378,Nextgate N.V.,B2C,107101,"June 24, 2025","December 24, 2025",,assessment in progress
OGL/2024/379/0174,174,SG International N.V.,B2C,137028,"June 24, 2025","December 24, 2025",,assessment in progress
OGL/2024/135/0139,139,NewEra Information Technology N.V.,B2C,163214,"June 24, 2025","December 24, 2025",,assessment in progress
OGL/2024/123/0137,137,Maltech Technology N.V.,B2C,162504,"June 24, 2025","December 24, 2025",,assessment in progress
OGL/2024/1647/0892,892,Willx N.V.,B2C,161182,"June 24, 2025","December 24, 2025",,assessment in progress
OGL/2023/105/0084,84,Ragnarok Corporation N.V.,B2C,79358,"June 24, 2025","December 24, 2025",,active
OGL/2023/166/0071,71,Ninetynine N.V.,B2C,149345,"June 24, 2025","December 24, 2025",,assessment in progress
OGL/2024/906/0375,375,Boost Gaming N.V.,B2C,164839,"June 24, 2025","December 24, 2025",,assessment in progress
OGL/2024/168/0127,127,RSP Entertainment N.V.,B2C,101703,"June 24, 2025","December 24, 2025",,assessment in progress
OGL/2023/104/0059,59,Geeka Corporation N.V.,B2C,159077,"June 24, 2025","December 24, 2025",,assessment in progress
OGL/2023/121/0086,86,Games & More B.V.,B2C,149948,"June 24, 2025","December 24, 2025",,assessment in progress
OGL/2023/134/0063,63,Zenith Crest B.V.,B2C,165208,"June 24, 2025","December 24, 2025",,assessment in progress
OGL/2023/147/0081,81,Kika Technology B.V.,B2C,164980,"June 24, 2025","December 24, 2025",,assessment in progress
OGL/2023/159/0076,76,White Star B.V.,B2C,153150,"June 24, 2025","December 24, 2025",,assessment in progress
OGL/2024/362/0674,674,Bullish Entertainment B.V.,B2C,162815,"June 24, 2025","December 24, 2025",,assessment in progress
OGL/2024/1851/1121,1121,Peak Progress Partners N.V.,B2C,167287,"June 18, 2025","December 18, 2025",,active
OGL/2024/919/0589,589,Sector Media N.V.,B2C,101979,"June 16, 2025","December 16, 2025",,active
OGL/2024/1089/0487,487,Clover Leaf B.V.,B2C,165739,"June 16, 2025","December 16, 2025",,active
OGL/2024/1119/0593,593,ILP Trading B.V.,B2C,164645,"June 11, 2025","December 11, 2025",,active
OGL/2024/1790/1174,1174,Novatech Solutions N.V.,B2B,154984,"June 11, 2025","December 11, 2025",,active
OGL/2024/507/0541,541,Edjowa-Gaming N.V.,B2C,148723,"June 9, 2025","December 9, 2025",,active
OGL/2024/1451/0918,918,Medium Rare N.V.,B2C,145353,"June 9, 2025","December 9, 2025",,active
OGL/2024/1338/0704,704,Nextor B.V.,B2C,147115,"June 4, 2025","December 4, 2025",,active
OGL/2024/1056/0702,702,Inextro B.V.,B2C,146616,"June 4, 2025","December 4, 2025",,active
OGL/2024/2224/1167,1167,Special Consolidator B.V.,B2B,168176,"June 4, 2025","December 4, 2025",,active
OGL/2024/1118/0773,773,Jay Services B.V.,B2C,156659,"June 4, 2025","December 4, 2025",,active
OGL/2024/1065/0847,847,Red Lane B.V.,B2C,149962,"June 4, 2025","December 4, 2025",,active
OGL/2024/496/0781,781,Topxgo N.V.,B2C,165952,"May 23, 2025","November 23, 2025",,active
OGL/2024/434/0469,469,SKY Sports N.V.,B2C,161419,"May 19, 2025","November 19, 2025",,active
OGL/2024/1267/0760,760,Uno Digital Media B.V.,B2C,157147,"May 9, 2025","November 9, 2025",,active
OGL/2024/1670/1153,1153,Pistis Trade N.V.,B2C,162576,"May 9, 2025","November 9, 2025",,active
OGL/2024/1309/0602,602,Agenics N.V.,B2C,149347,"May 9, 2025","November 9, 2025",,active
OGL/2024/1124/0444,444,Mirth B.V.,B2C,163936,"May 9, 2025","November 9, 2025",,active
OGL/2024/1103/0981,981,Salon Prive B.V.,B2C,163361,"July 22, 2025",,"January 20, 2026",revoked
OGL/2024/340/0480,480,Curisle N.V.,B2C,150895,"November 19, 2025",,"January 9, 2026",revoked
OGL/2024/1416/0660,660,MSD Tech B.V.,B2C,163405,"November 5, 2025",,"January 6, 2026",revoked
OGL/2024/770/0226,226,Loka IT Solutions N.V.,B2C,162694,"September 13, 2025",,"January 9, 2026",revoked
OGL/2024/1108/0511,511,Jack’s House B.V.,B2C,163817,"August 20, 2025",,"December 30, 2025",revoked
OGL/2024/882/0440,440,Twino Trading N.V.,B2C,135818,"August 1, 2025",,"December 3, 2025",revoked
OGL/2024/1275/0771,771,Red Digital N.V.,B2C,159202,"June 27, 2025",,"January 13, 2026",revoked
OGL/2024/1515/0853,853,BetMax Entertain N.V.,B2C,163731,"June 24, 2025",,"February 5, 2026",revoked
OGL/2024/607/0254,254,Unlimited Solutions B.V.,B2C,158180,"June 24, 2025",,,revoked
OGL/2023/142/0073,73,Adda Entertainment NV,B2C,158784,"June 24, 2025",,"December 8, 2025",revoked
OGL/2024/826/0339,339,WCG B.V.,B2C,152285,"June 24, 2025",,"September 15, 2025",revoked
OGL/2024/1042/0564,564,Interstellar Entertainment N.V.,B2C,166178,"June 24, 2025",,,revoked
OGL/2024/495/0689,689,Hit Entertainment B.V.,B2C,145060,"June 4, 2025",,"January 9, 2026",revoked
OGL/2024/608/0269,269,X-Time Team B.V.,B2C,159753,"June 4, 2025",,"December 8, 2025",revoked
OGL/2024/908/0377,377,Media Gate N.V.,B2C,135910,"May 23, 2025",,"October 13, 2025",revoked
OGL/2024/883/0467,467,Unigad Trading N.V.,B2C,145327,"May 23, 2025",,"December 3, 2025",revoked
OGL/2024/245/0104,104,F12 Gaming N.V.,B2C,159643,"May 19, 2025",,"November 27, 2025",revoked
OGL/2024/764/0571,571,Cutter Five N.V.,B2C,148455,"May 19, 2025",,"December 3, 2025",revoked
OGL/2024/406/0343,343,Mountberg N.V.,B2C,154841,"May 19, 2025","October 28, 2025",,active
OGL/2024/1044/0452,452,Go East B.V.,B2C,153264,"May 5, 2025",,"December 30, 2025",revoked
OGL/2024/356/0288,288,Moonlite N.V.,B2C,140186,"December 12, 2024",,"November 10, 2025",revoked
OGL/2024/761/0221,221,Aposta N.V.,B2C,163901,"November 14, 2024",,"November 10, 2025",revoked
OGL/2024/521/0358,358,Eastern Way Tech B.V.,B2C,162441,"July 29, 2024",,"October 30, 2024",revoked
OGL/2024/365/0580,580,Studiowin N.V.,B2C,126290,"July 16, 2024",,"October 12, 2025",revoked
OGL/2024/106/0170,170,InterStorm (Curaçao) N.V,B2C,137453,"June 7, 2024",,"December 8, 2025",revoked
OGL/2023/158/0074,74,Adonio N.V.,B2C,156480,"May 13, 2024",,"February 6, 2024",revoked
