recipient_domain,verdict,detail,mail_server,addresses,address_count,brands
10x.win,accepts mail,1 mail server(s),mail.10x.win,support@10x.win,1,Home 10xwin
13aff.com,accepts mail,5 mail server(s),aspmx.l.google.com,affiliates@13aff.com,1,13Spins | Gangsta Online Casino
1b4w.partners,accepts mail,5 mail server(s),eforward3.registrar-servers.com,affiliate@1b4w.partners,1,betwin
1xcasino.com,accepts mail,5 mail server(s),aspmx.l.google.com,info@1xcasino.com support-en@1xcasino.com,2,xcasinoar | xcasinoasia | xcasinobangladesh | xcasinokr
22betpartners.com,accepts mail,5 mail server(s),aspmx.l.google.com,support@22betpartners.com,1,casino | betlabel | Safecasino
22bit.com,accepts mail,1 mail server(s),smtp.google.com,support-en@22bit.com,1,bit
369wins.com,accepts mail,1 mail server(s),mail.369wins.com,support@369wins.com,1,369Wins
380.partners,accepts mail,5 mail server(s),aspmx.l.google.com,support@380.partners,1,ᐈ Boomzino
3rdwaveaffiliates.com,accepts mail,5 mail server(s),aspmx.l.google.com,partners@3rdwaveaffiliates.com,1,Metaspins Welcome offer is
7k.partners,accepts mail,9 mail server(s),aspmx.l.google.com,info@7k.partners,1,Bet7k
7ladies.com,accepts mail,5 mail server(s),smtp.google.com,affiliates@7ladies.com,1,ᐈ Felixspin | ᐈ Casino Online and Mobile
7spin.com,accepts mail,1 mail server(s),smtp.google.com,service@7spin.com,1,7SPIN
8bmf8.com,accepts mail,1 mail server(s),smtp.google.com,support@8bmf8.com,1,Games Lobby
9winz.com,accepts mail,5 mail server(s),aspmx.l.google.com,aff@9winz.com,1,winz
a360.bet,accepts mail,1 mail server(s),smtp.google.com,support-en@a360.bet,1,a
a5labs.co,accepts mail,6 mail server(s),aspmx.l.google.com,rakesh.sharma@a5labs.co,1,Poker King
affarea.com,accepts mail,3 mail server(s),sendercow.com,affiliate@affarea.com,1,Online Casino
affgems.com,accepts mail,1 mail server(s),smtp.google.com,affiliates@affgems.com,1,ᐈ Rolldorado
affiliatecapital.com,accepts mail,1 mail server(s),7etjtgr9qc8m.mail-manager-smtp.eu-central-1.on.aws,support@affiliatecapital.com,1,Slotastic
affiliates-paradise.com,accepts mail,2 mail server(s),mail.affiliates-paradise.com,affiliates@affiliates-paradise.com,1,Weezybet
affiliateslots.com,accepts mail,7 mail server(s),aspmx.l.google.com,info@affiliateslots.com,1,America 777
affilistars.com,accepts mail,1 mail server(s),affilistars-com.mail.protection.outlook.com,support@affilistars.com,1,Casino Midas
affpartnergroup.com,accepts mail,3 mail server(s),mx10.antispam.mailspamprotection.com,info@affpartnergroup.com,1,vegazcasino
affshares.com,accepts mail,1 mail server(s),affshares-com.mail.protection.outlook.com,support@affshares.com,1,Gomblingo Casino
affter.com,accepts mail,1 mail server(s),smtp.google.com,support@affter.com,1,Parimatch Casino
afkspin.com,accepts mail,7 mail server(s),aspmx.l.google.com,support@afkspin.com,1,ᐈ AFKspin
africa-bizbet.com,accepts mail,1 mail server(s),smtp.google.com,support-en@africa-bizbet.com,1,BizBet Africa
afrislots.net,accepts mail,5 mail server(s),eforward3.registrar-servers.com,legal@afrislots.net,1,AfriSlots
air1bet.com,"accepts (A record, no MX)",5.182.208.156,,support@air1bet.com,1,air1bet
aldex.com,"accepts (A record, no MX)",170.33.12.185,,support@aldex.com,1,Aldex Win
angelspin.com,accepts mail,1 mail server(s),smtp.google.com,support@angelspin.com,1,Angelspin
anonymous-casino.com,accepts mail,5 mail server(s),aspmx.l.google.com,affiliate@anonymous-casino.com,1,Anonymous Casino
appleicasino.com,accepts mail,2 mail server(s),in1-smtp.messagingengine.com,playersupport@appleicasino.com,1,AppleiCasino
apuesto.com,accepts mail,1 mail server(s),services.chacrunamarketing.com,soporte@apuesto.com,1,apuesto
arba777.com,accepts mail,1 mail server(s),smtp.google.com,support@arba777.com,1,Arba777
arcanebet.com,accepts mail,5 mail server(s),aspmx.l.google.com,affiliates@arcanebet.com,1,casinovibes
arena.com,accepts mail,5 mail server(s),aspmx.l.google.com,affiliates@arena.com,1,Metawin
aryanbet.com,accepts mail,5 mail server(s),smtp.google.com,info@aryanbet.com,1,Aryanbet
atlantivegassupport.com,accepts mail,1 mail server(s),smtp.google.com,support@atlantivegassupport.com,1,Atlantivegas
avocasino.com,accepts mail,5 mail server(s),aspmx.l.google.com,support@avocasino.com,1,Avo Casino
baltent.com,accepts mail,6 mail server(s),smtp.google.com,partners@baltent.com,1,Hello There!
batcasino.bet,accepts mail,1 mail server(s),smtp.google.com,support@batcasino.bet,1,Batcasino
baterypartners.com,accepts mail,1 mail server(s),emx.mail.ru,support@baterypartners.com,1,batery | baterybet
bayspin.com,accepts mail,4 mail server(s),in1-smtp.messagingengine.com,marketing@bayspin.com,1,Bayspin
beastone.co,accepts mail,5 mail server(s),aspmx.l.google.com,general@beastone.co,1,Beastone
bet-40.vip,accepts mail,1 mail server(s),smtp.google.com,support@bet-40.vip,1,bet
bet-ibc.com,accepts mail,2 mail server(s),betibc-com0i.mail.protection.outlook.com,support@bet-ibc.com,1,betibc
bet10bet.com,accepts mail,1 mail server(s),bet10bet.emailzones.com,info@bet10bet.com,1,Bet10bet
bet808.com,accepts mail,1 mail server(s),mail.bet808.com,support@bet808.com,1,Bet808
betbabaaffiliates.com,accepts mail,1 mail server(s),smtp.google.com,partners@betbabaaffiliates.com,1,Betbaba
betbanksy.com,accepts mail,3 mail server(s),mx.zoho.eu,affiliate@betbanksy.com,1,Betbanksy
betbeto.com,accepts mail,2 mail server(s),mx1.privateemail.com,support@betbeto.com,1,Betbeto
betet77.com,accepts mail,1 mail server(s),mail.betet77.com,support@betet77.com,1,Sports
betfal.com,accepts mail,1 mail server(s),mail.betfal.com,info@betfal.com,1,Home
betflash24.com,accepts mail,1 mail server(s),betflash24-com.mail.protection.outlook.com,info@betflash24.com,1,betflash
betfriday.com,accepts mail,5 mail server(s),aspmx.l.google.com,support@betfriday.com,1,BetFriday
betfury.com,accepts mail,5 mail server(s),aspmx.l.google.com,affiliate@betfury.com,1,Bet Fury Casino
betida.com,accepts mail,1 mail server(s),mail.betida.com,partner@betida.com,1,BETIDA
betitor.com,accepts mail,1 mail server(s),smtp.google.com,support@betitor.com,1,Betitor
betivoaffiliates.com,accepts mail,1 mail server(s),smtp.google.com,partners@betivoaffiliates.com,1,Betivo
betjuve.com,accepts mail,2 mail server(s),smtp.google.com,destek@betjuve.com,1,Betjuve
betkudos.com,accepts mail,1 mail server(s),smtp.google.com,partners@betkudos.com,1,Bet Kudos
betlike.com,accepts mail,1 mail server(s),pmg.mategailway.com,support@betlike.com,1,Betlike
betmartini.com,accepts mail,1 mail server(s),mail.betmartini.com,affiliates@betmartini.com,1,Scommesse online e scommesse da casinò
betmenaffiliates.com,accepts mail,5 mail server(s),aspmx.l.google.com,hello@betmenaffiliates.com,1,ᐈ Vincispin
betmexico.mx,accepts mail,5 mail server(s),aspmx.l.google.com,partners@betmexico.mx,1,Betmexico
betmonks.com,accepts mail,1 mail server(s),smtp.google.com,support@betmonks.com,1,Betmonks
betnella.com,accepts mail,7 mail server(s),aspmx.l.google.com,support@betnella.com,1,ᐈ Betnella
betongame.partners,accepts mail,5 mail server(s),aspmx.l.google.com,support@betongame.partners,1,betongame
betorspin.com,accepts mail,2 mail server(s),in1-smtp.messagingengine.com,affiliates@betorspin.com,1,Betorspin global
betpari.com,accepts mail,5 mail server(s),aspmx.l.google.com,support-tr@betpari.com,1,betpari
betphoenix.ag,accepts mail,1 mail server(s),mail.betphoenix.ag,promoters@betphoenix.ag,1,Betphoenix
betpir.com,accepts mail,2 mail server(s),mx1.privateemail.com,affiliate@betpir.com,1,Betpir
betsala.com,accepts mail,5 mail server(s),aspmx.l.google.com,soporte@betsala.com,1,betsala
betsamuro.com,accepts mail,3 mail server(s),smtp.google.com,support@betsamuro.com,1,ᐈ Betsamuro
betsmove.com,accepts mail,1 mail server(s),mx.yandex.net,support@betsmove.com,1,Betsmove
betssen.com,accepts mail,6 mail server(s),aspmx.l.google.com,partners@betssen.com,1,BETSSEN
betti1.com,accepts mail,6 mail server(s),aspmx.l.google.com,support@betti1.com,1,Sportsbook & Casino Online
betticket.com,accepts mail,1 mail server(s),pmg.mategailway.com,support@betticket.com,1,Betticket
bettogames.com,accepts mail,1 mail server(s),smtp.google.com,support@bettogames.com,1,Bettogames
betturkey.com,accepts mail,2 mail server(s),in1-smtp.messagingengine.com,marketing@betturkey.com,1,Betturkey
betwinneraffiliates.com,accepts mail,5 mail server(s),aspmx.l.google.com,support@betwinneraffiliates.com,1,BetWinner | betwinner
betwiz.com,"accepts (A record, no MX)",3.174.230.48,,info@betwiz.com,1,betwiz
betzillocasino.com,accepts mail,7 mail server(s),eforward2.registrar-servers.com,info@betzillocasino.com,1,Online Casino for Real Money
bhaicasino.com,accepts mail,1 mail server(s),bhaicasino-com.mail.protection.outlook.com,support@bhaicasino.com,1,BhaiCasino
bitsler.com,accepts mail,2 mail server(s),bitsler-com.mail.protection.outlook.com,partners@bitsler.com,1,Crypto Casino & Sportsbook
bitstarz.com,accepts mail,5 mail server(s),aspmx.l.google.com,affiliates@bitstarz.com,1,Bitcoin Casino
bitzamo-casino.org,accepts mail,1 mail server(s),inbound-smtp.eu-west-1.amazonaws.com,support@bitzamo-casino.org,1,bitzamocasino
bizbet-biz.com,accepts mail,1 mail server(s),smtp.google.com,support-en@bizbet-biz.com,1,Bizbet Biz
bizbet.partners,accepts mail,5 mail server(s),aspmx.l.google.com,support@bizbet.partners,1,Bizbet
blaze.com,accepts mail,5 mail server(s),aspmx.l.google.com,partners@blaze.com,1,Blaze
blazeaffiliates.com,accepts mail,1 mail server(s),smtp.google.com,partners@blazeaffiliates.com,1,Blaze Spins Casino
blitz-casino.biz,accepts mail,1 mail server(s),inbound-smtp.eu-west-1.amazonaws.com,support@blitz-casino.biz,1,blitzcasino
blitzaffiliates.com,unknown,lookup failed: ESERVFAIL,,info@blitzaffiliates.com,1,Casino Bello
blockdag.co,accepts mail,5 mail server(s),aspmx.l.google.com,commercials@blockdag.co,1,BlockDAG
bluebetz.com,accepts mail,1 mail server(s),bluebetz-com.mail.protection.outlook.com,support@bluebetz.com,1,Bluebetz
bluechip.partners,accepts mail,5 mail server(s),aspmx.l.google.com,hello@bluechip.partners,1,Bluechip Casino
bolt-casino.com,accepts mail,5 mail server(s),aspmx.l.google.com,contact@bolt-casino.com,1,Bolt
bonkersbet.com,accepts mail,1 mail server(s),bonkersbet-com.mail.protection.outlook.com,support@bonkersbet.com,1,BonkersBet.com
bons.partners,accepts mail,5 mail server(s),aspmx.l.google.com,support@bons.partners,1,Region restrictions
boostwin.com,accepts mail,1 mail server(s),smtp.google.com,support@boostwin.com,1,BoostWin
booty.casino,accepts mail,1 mail server(s),smtp.google.com,support@booty.casino,1,Booty
bounty-casino.info,accepts mail,1 mail server(s),inbound-smtp.eu-west-1.amazonaws.com,support@bounty-casino.info,1,bountycasino
bovbet.com,accepts mail,1 mail server(s),bovbet-com.mail.protection.outlook.com,support@bovbet.com,1,Bovbet Resmi Giriş
brillx-casino.com,accepts mail,1 mail server(s),inbound-smtp.eu-west-1.amazonaws.com,support@brillx-casino.com,1,brillxcasino
brofist.partners,accepts mail,5 mail server(s),aspmx.l.google.com,affiliates@brofist.partners,1,dazard
bumbet.com,accepts mail,2 mail server(s),de-smtp-inbound-1.mimecast.com,suporte@bumbet.com,1,bumbet
candyspinz.com,accepts mail,7 mail server(s),aspmx.l.google.com,support@candyspinz.com,1,ᐈ Candyspinz
caponetwork.com,accepts mail,1 mail server(s),smtp.google.com,affiliates@caponetwork.com,1,ᐈ Capospin
case-battle.com,accepts mail,2 mail server(s),mx2.privateemail.com,support@case-battle.com,1,Case
casimba-affiliates.com,accepts mail,1 mail server(s),casimbaaffiliates-com01i.mail.protection.outlook.com,info@casimba-affiliates.com,1,SPINNI Casino
casinityx.com,accepts mail,1 mail server(s),smtp.google.com,support@casinityx.com,1,casinityx
casino007.com,accepts mail,5 mail server(s),aspmx.l.google.com,affiliate@casino007.com,1,Casino007
casinocrypto.io,accepts mail,5 mail server(s),aspmx.l.google.com,affiliates@casinocrypto.io,1,CasinoCrypto
casinoglory.com,"accepts (A record, no MX)",188.114.96.3,,support@casinoglory.com,1,Casino Glory
casinokhajana.com,accepts mail,1 mail server(s),smtp.google.com,support@casinokhajana.com,1,casinokhajana
casinolevant.com,accepts mail,2 mail server(s),smtp.google.com,info@casinolevant.com,1,Casinolevant Güncel Giriş Adresi 2026
casinonavy.com,accepts mail,5 mail server(s),aspmx.l.google.com,support@casinonavy.com,1,Homepage
casinosecretgroup.com,accepts mail,1 mail server(s),casinosecretgroup-com.mail.protection.outlook.com,affiliates@casinosecretgroup.com,1,CasinoSecret
casiworx.partners,accepts mail,1 mail server(s),mail.casiworx.partners,affiliates@casiworx.partners,1,norsewin
casoo.com,accepts mail,5 mail server(s),aspmx.l.google.com,help@casoo.com,1,Casoo Casino
castle.com,accepts mail,5 mail server(s),aspmx.l.google.com,partners@castle.com,1,Castle
cat2bet.com,accepts mail,5 mail server(s),aspmx.l.google.com,sac@cat2bet.com,1,Cat2Bet
celtabet.com,accepts mail,2 mail server(s),mail.protonmail.ch,destek@celtabet.com,1,Celtabet Türkiye
chinchinpartners.com,accepts mail,5 mail server(s),aspmx.l.google.com,affiliates@chinchinpartners.com,1,ᐈ Honeybetz | ᐈ Liraspin | ᐈ Spinsahara
cloudbet.com,accepts mail,5 mail server(s),aspmx.l.google.com,affiliates@cloudbet.com,1,Cloudbet
clubaffiliates.com,accepts mail,2 mail server(s),smtp.google.com,partners@clubaffiliates.com,1,Place.bet Partners
cocobet.com,accepts mail,5 mail server(s),aspmx.l.google.com,affiliate@cocobet.com,1,cocobet
coinbets777.com,accepts mail,2 mail server(s),mail.casinocontroller.com,affiliates@coinbets777.com,1,Coinbets
coldbet.partners,accepts mail,1 mail server(s),smtp.google.com,support@coldbet.partners,1,coldbet
combopartners.online,WILL BOUNCE,domain does not exist,,affiliates@combopartners.online,1,CryptoBoss
cooked.com,accepts mail,5 mail server(s),aspmx.l.google.com,support@cooked.com,1,Cooked
coolaff.com,accepts mail,5 mail server(s),aspmx.l.google.com,affiliates@coolaff.com,1,ᐈ Magneticslots
corgipartners.com,accepts mail,1 mail server(s),,affiliate@corgipartners.com,1,CorgiSlot
cosmoracasinos.com,accepts mail,1 mail server(s),cosmoracasinos-com.mail.protection.outlook.com,support@cosmoracasinos.com,1,Cosmoracasinos
cowboyspin.com,accepts mail,7 mail server(s),smtp.google.com,support@cowboyspin.com,1,ᐈ Cowboyspin
cwinz.com,accepts mail,1 mail server(s),cwinz-com.mail.protection.outlook.com,support@cwinz.com,1,Cwinz
deeplogic.partners,accepts mail,5 mail server(s),aspmx.l.google.com,affiliates@deeplogic.partners,1,Spin Fever Casino
degen.com,accepts mail,3 mail server(s),mx.zoho.eu,support@degen.com,1,Degen
degencity.com,accepts mail,1 mail server(s),smtp.google.com,support@degencity.com,1,DegenCity
dicebet.com,accepts mail,1 mail server(s),inbound-smtp.eu-west-1.amazonaws.com,partners@dicebet.com,1,Dicebet
dicey.com,accepts mail,2 mail server(s),mxb.global.inbound.cf-emailsecurity.net,contact@dicey.com,1,Play
dixy.com,accepts mail,5 mail server(s),ckrrqki32.mx.service.one,support@dixy.com,1,Best CSGO Gaming Site
dodobetglobal.com,accepts mail,5 mail server(s),aspmx.l.google.com,marketing@dodobetglobal.com,1,Dodobet global
dodonpartners.com,accepts mail,5 mail server(s),aspmx.l.google.com,support@dodonpartners.com,1,カジノジャンボリー リアルカジノ感覚、高速出金のオンラインカジノ | ジパングカジノ｜24時間日本語サポートのオンラインカジノ
dolfwin.com,accepts mail,1 mail server(s),dolfwin-com.mail.protection.outlook.com,affiliates@dolfwin.com,1,Dolf Win Casino
dragoon.dev,accepts mail,5 mail server(s),eforward2.registrar-servers.com,support@dragoon.dev,1,Vegasking
drazze.casino,accepts mail,1 mail server(s),mail.drazzewin.com,partners@drazze.casino,1,Drazze
dustbit.com,accepts mail,1 mail server(s),smtp.google.com,support@dustbit.com,1,Dustbit
egb.com,accepts mail,5 mail server(s),aspmx.l.google.com,roman@egb.com,1,Побеждай с EGB
egbaffiliates.com,accepts mail,5 mail server(s),aspmx.l.google.com,support@egbaffiliates.com,1,"Rush the Game, Win with EGB"
elvisluck.net,accepts mail,1 mail server(s),parkmail.dynadot.com,hello@elvisluck.net,1,ElvisLuck
email.com,accepts mail,2 mail server(s),mx01.mail.com,you@email.com,1,GrailDraw
energiekasino.com,accepts mail,5 mail server(s),aspmx.l.google.com,support_de@energiekasino.com,1,EnergieKasino
enomocasino.com,accepts mail,1 mail server(s),smtp.google.com,support@enomocasino.com,1,Еномо Казино
eternalslots.com,accepts mail,1 mail server(s),mail.eternalslots.com,affiliate@eternalslots.com,1,Eternalslots
evetabi.com,accepts mail,1 mail server(s),mail.mailaza.com,info@evetabi.com,1,EvetAbi
evospin.com,accepts mail,5 mail server(s),aspmx.l.google.com,support@evospin.com,1,evospin
ezcash.casino,accepts mail,2 mail server(s),mx2.privateemail.com,support@ezcash.casino,1,EZCASH
f7casino.com,accepts mail,7 mail server(s),aspmx.l.google.com,support@f7casino.com,1,ᐈ F7casino
fairpari.partners,accepts mail,5 mail server(s),aspmx.l.google.com,support@fairpari.partners,1,fairpari | Fair Pari Casino
fanpartners.bet,accepts mail,2 mail server(s),mail.techmaildomain.com,info@fanpartners.bet,1,fansport
fastpari.partners,accepts mail,5 mail server(s),aspmx.l.google.com,support@fastpari.partners,1,fastpari
fastpay-casino.com,accepts mail,2 mail server(s),mx1.privateemail.com,affiliates@fastpay-casino.com,1,Casino 4U | Cobber Casino
fenixbet.online,accepts mail,3 mail server(s),mx3.zoho.com,support@fenixbet.online,1,FenixBet
fireball.casino,accepts mail,5 mail server(s),aspmx.l.google.com,support@fireball.casino,1,fireball
firstclass.partners,accepts mail,2 mail server(s),mail.firstclass.partners,partners@firstclass.partners,1,ᐈ Slotrize
fixbet.com,accepts mail,3 mail server(s),mx.zoho.com,destek@fixbet.com,1,Fixbet
fixplay.pe,accepts mail,3 mail server(s),smtp.secureserver.net,soporte@fixplay.pe,1,Betting website
fortislots.com,accepts mail,1 mail server(s),_dc-mx.4ff8e39df159.fortislots.com,support@fortislots.com,1,Fortislots
fortunate.partners,accepts mail,5 mail server(s),aspmx.l.google.com,info@fortunate.partners,1,Lets Lucky Casino | Lucky Ones Casino - | Lucky Dreams Casino
fortunazone.com,accepts mail,5 mail server(s),aspmx.l.google.com,support@fortunazone.com,1,Fortunazone Slots
fortunehub.io,accepts mail,3 mail server(s),mx1-hosting.jellyfish.systems,support@fortunehub.io,1,Fortune HUB
fortuzino.com,accepts mail,7 mail server(s),aspmx.l.google.com,support@fortuzino.com,1,ᐈ Fortuzino
forzabet.live,accepts mail,1 mail server(s),smtp.google.com,support@forzabet.live,1,Forza.Bet
foxslots.com,accepts mail,1 mail server(s),smtp.google.com,affiliates@foxslots.com,1,Fox Slots Casino
freakybillion.com,accepts mail,1 mail server(s),_dc-mx.29afd9d65f80.freakybillion.com,support@freakybillion.com,1,freakybillion
friends-casino.vg,accepts mail,1 mail server(s),inbound-smtp.eu-west-1.amazonaws.com,support@friends-casino.vg,1,friendscasino
fruitypartners.com,accepts mail,1 mail server(s),smtp.google.com,contact@fruitypartners.com,1,Tervetuloa Kaahaus Kasinolle | Spinnaus Kasino
ftdgallery.com,accepts mail,5 mail server(s),aspmx.l.google.com,affiliates@ftdgallery.com,1,ᐈ Billionairespin | ᐈ Spinogambino | ᐈ Spinania
funbahis.com,accepts mail,5 mail server(s),aspmx.l.google.com,destek@funbahis.com,1,Funbahis
funbet.me,accepts mail,5 mail server(s),aspmx.l.google.com,reach.us@funbet.me,1,Funbet
funnz.partners,accepts mail,5 mail server(s),aspmx.l.google.com,affiliates@funnz.partners,1,CasinoFriday
funpari.partners,accepts mail,5 mail server(s),aspmx.l.google.com,support@funpari.partners,1,funpari
g4mbit.com,accepts mail,1 mail server(s),inbound-smtp.eu-west-1.amazonaws.com,support@g4mbit.com,1,G4mbit
galaxyaffiliates.com,accepts mail,3 mail server(s),mx1.pub.mailpod8-cph3.one.com,samson.rosarey@galaxyaffiliates.com,1,Fortune Mobile Casino
gamblerina.com,accepts mail,12 mail server(s),aspmx.l.google.com,support@gamblerina.com,1,ᐈ Gamblerina
gamblingcraft.com,accepts mail,1 mail server(s),mail.gamblingcraft.com,support@gamblingcraft.com,1,playfortuna | booi | jozz | winity
gamblit.net,accepts mail,2 mail server(s),mail.protonmail.ch,support@gamblit.net,1,Gamblit
gamdom.com,accepts mail,2 mail server(s),in1-smtp.messagingengine.com,support@gamdom.com,1,Gamdom
game.com,accepts mail,2 mail server(s),mxbiz1.qq.com,support@game.com,1,RICHEVO
gamealotroyale.com,accepts mail,1 mail server(s),smtp.google.com,support@gamealotroyale.com,1,Gamealotroyale
gamegrow.partners,accepts mail,2 mail server(s),sendercow.com,affiliate@gamegrow.partners,1,SpinGreen | Ampm
gamwiz.com,accepts mail,2 mail server(s),mx1.timeweb.ru,support@gamwiz.com,1,Gamwiz
ganamega.net,accepts mail,3 mail server(s),MX4.EMAILOWL.COM,support@ganamega.net,1,GanaMega
ganare.com,accepts mail,1 mail server(s),ganare-com.mail.protection.outlook.com,partners@ganare.com,1,Ganare
gbetplay.net,accepts mail,5 mail server(s),eforward3.registrar-servers.com,abuse@gbetplay.net,1,Gbet
getwin.online,accepts mail,1 mail server(s),_dc-mx.11d3936ead25.getwin.online,support@getwin.online,1,Getwin
glitzbets.com,accepts mail,7 mail server(s),aspmx.l.google.com,support@glitzbets.com,1,ᐈ Glitzbets
glory.bet,accepts mail,7 mail server(s),aspmx.l.google.com,support@glory.bet,1,Casino
gmail.com,accepts mail,5 mail server(s),gmail-smtp-in.l.google.com,chupurnov@gmail.com cola@gmail.com,2,Betmarino | Cola.com
gold.casino,accepts mail,1 mail server(s),mail.gold.casino,admin@gold.casino,1,Gold
gorillacasinos.com,"accepts (A record, no MX)",104.21.22.199,,info@gorillacasinos.com,1,Gorilla
grandbetting.com,accepts mail,1 mail server(s),grandbetting.emailzones.com,destek@grandbetting.com,1,Grandbetting
grizzly.bingo,accepts mail,1 mail server(s),mail.postale.io,affiliate@grizzly.bingo,1,Grizzly
grombet.com,accepts mail,1 mail server(s),mail.grombet.com,support@grombet.com,1,grombet
growe.partners,accepts mail,5 mail server(s),aspmx.l.google.com,support@growe.partners,1,com
hellpartners.com,accepts mail,5 mail server(s),aspmx.l.google.com,affiliates@hellpartners.com,1,Loading... | Ivibet
hellspin.com,accepts mail,7 mail server(s),aspmx.l.google.com,support@hellspin.com,1,Hell Spin Casino
herogaming.com,accepts mail,1 mail server(s),herogaming-com.mail.protection.outlook.com,affiliates@herogaming.com,1,Nolimit | UnlimitedBet
heroicaffiliates.com,accepts mail,5 mail server(s),aspmx.l.google.com,affiliates@heroicaffiliates.com,1,Voodoo
hodl.partners,accepts mail,6 mail server(s),aspmx.l.google.com,info@hodl.partners,1,Betmac Casino
hornetbet.com,accepts mail,1 mail server(s),mx.hornetbet.com,affiliate@hornetbet.com,1,Hornetbet
howl.gg,accepts mail,5 mail server(s),aspmx.l.google.com,partnerships@howl.gg,1,Howl
howzit.com,accepts mail,1 mail server(s),howzit.com,partners@howzit.com,1,Howzit.com
hustle-partners.com,accepts mail,1 mail server(s),smtp.google.com,affiliates@hustle-partners.com,1,ᐈ Rockyspin | ᐈ Manekispin
hyperoll.com,accepts mail,2 mail server(s),mail.protonmail.ch,contact@hyperoll.com,1,Hyperoll Crypto
hyperwin.org,accepts mail,1 mail server(s),hyperwin-org.mail.protection.outlook.com,support@hyperwin.org,1,Hyperwin
iceaffiliates.com,accepts mail,1 mail server(s),smtp.google.com,affiliates@iceaffiliates.com,1,beatbet
income-network.com,accepts mail,1 mail server(s),mail.income-network.com,affiliates@income-network.com,1,The Online Casino
income88.com,accepts mail,5 mail server(s),aspmx.l.google.com,info@income88.com,1,Live Casino House
infernopartners.com,accepts mail,1 mail server(s),smtp.google.com,winwith@infernopartners.com,1,Starzbet
infinitystarspartners.com,accepts mail,3 mail server(s),mx.zoho.com,info@infinitystarspartners.com,1,21Bets
instaslots.com,accepts mail,5 mail server(s),aspmx.l.google.com,hey@instaslots.com,1,Instaslots
intellectbet.com,accepts mail,1 mail server(s),_dc-mx.8337daee55f4.intellectbet.com,support@intellectbet.com,1,intellectbet
ivibet.com,accepts mail,5 mail server(s),aspmx.l.google.com,support@ivibet.com,1,Ivibet Casino
iwildpartners.com,accepts mail,5 mail server(s),aspmx.l.google.com,info@iwildpartners.com,1,snatchcasino | Snatch Casino
j8de.io,accepts mail,1 mail server(s),smtp.google.com,support@j8de.io,1,J8DE
jackpotjill.com,accepts mail,1 mail server(s),mail.jackpotjill.com,docs@jackpotjill.com,1,jackpotjill
jackpotraider.com,accepts mail,7 mail server(s),aspmx.l.google.com,support@jackpotraider.com,1,ᐈ JackpotRaider
jb.com,accepts mail,2 mail server(s),mail.protonmail.ch,business@jb.com,1,JB.GAME
jeetboost.com,accepts mail,1 mail server(s),smtp.google.com,support@jeetboost.com,1,jeetboost
jeevybet.com,accepts mail,1 mail server(s),smtp.google.com,support@jeevybet.com,1,Jeevybet
jetton.games,accepts mail,5 mail server(s),aspmx.l.google.com,info.partners@jetton.games,1,JetTon Games
jimpartners.com,accepts mail,2 mail server(s),mx.sendgrid.net,support-jp@jimpartners.com,1,Site unavailable | Slottyway Casino | Spinamba Casino | Spinado Casino
jokertipp.com,accepts mail,3 mail server(s),route1.mx.cloudflare.net,support@jokertipp.com,1,Joker Tipp
jonbet.com,accepts mail,1 mail server(s),smtp.google.com,partners@jonbet.com,1,jonbet | jon
justcasino.io,accepts mail,5 mail server(s),aspmx.l.google.com,support@justcasino.io,1,justcasino
jvspinbet.com,accepts mail,5 mail server(s),aspmx.l.google.com,partners@jvspinbet.com,1,Access to website is restricted
katanaspin.com,accepts mail,7 mail server(s),aspmx.l.google.com,support@katanaspin.com,1,ᐈ Katanaspin
keeponwin.com,accepts mail,1 mail server(s),smtp.google.com,support@keeponwin.com,1,Keep On Win
keyzino.com,accepts mail,1 mail server(s),mail.supportrelay.net,support@keyzino.com,1,Keyzino
kheli.bet,accepts mail,1 mail server(s),smtp.google.com,info@kheli.bet,1,Kheli
kiekka.com,accepts mail,5 mail server(s),aspmx.l.google.com,u003eloyalty@kiekka.com,1,Kiekka pikakasino
kilobetsupport.com,accepts mail,1 mail server(s),smtp.google.com,support@kilobetsupport.com,1,KiloBet
kingbilly.partners,accepts mail,3 mail server(s),linda.mx.cloudflare.net,affiliates@kingbilly.partners,1,Tombriches
kingrevenue.com,accepts mail,1 mail server(s),smtp.google.com,affiliates@kingrevenue.com,1,Casino
kirabet.com,accepts mail,2 mail server(s),mx2.privateemail.com,info@kirabet.com,1,Kira.Bet
kirgo.io,"accepts (A record, no MX)",104.239.72.145,,support@kirgo.io,1,KIRGO
kng.partners,accepts mail,5 mail server(s),aspmx.l.google.com,manager@kng.partners,1,Vegas
krollbit.partners,accepts mail,1 mail server(s),krollbit.partners,support@krollbit.partners,1,Kraken casino
kush.casino,accepts mail,1 mail server(s),smtp.google.com,support@kush.casino,1,Kush
latribet.ec,accepts mail,1 mail server(s),services.chacrunamarketing.com,info@latribet.ec afiliados@latribet.ec,2,latribet | Rojabet Chile
lavbet.com,accepts mail,5 mail server(s),aspmx.l.google.com,support@lavbet.com,1,LavBet
legendaffiliates.com,accepts mail,5 mail server(s),aspmx.l.google.com,managers@legendaffiliates.com,1,Cherry Jackpot
legionaffs.com,accepts mail,1 mail server(s),smtp.google.com,support@legionaffs.com,1,ᐈ Roulettino
lemon.partners,accepts mail,5 mail server(s),aspmx.l.google.com,affiliates@lemon.partners,1,Lemon Casino
letou.com,accepts mail,1 mail server(s),letou-com.mail.protection.outlook.com,cs@letou.com,1,Letou | Lt
letsgocasino.com,accepts mail,1 mail server(s),smtp.google.com,partners@letsgocasino.com,1,Best Online Casino Canada
levabet.com,"accepts (A record, no MX)",172.67.201.218,,affiliate@levabet.com,1,LevaBet
ligobet.com,accepts mail,3 mail server(s),mx.zoho.eu,marketing@ligobet.com,1,Ligobet
linebet.com,accepts mail,5 mail server(s),aspmx.l.google.com,b2b@linebet.com,1,linebet
liraluck.com,accepts mail,12 mail server(s),aspmx.l.google.com,support@liraluck.com,1,ᐈ Liraluck
live-partners.org,accepts mail,1 mail server(s),mail.live-games.org,partners@live-partners.org,1,LiveGames
loonieplay.com,accepts mail,1 mail server(s),loonieplay-com.mail.protection.outlook.com,info@loonieplay.com,1,loonieplay.com
lottoelite.com,accepts mail,2 mail server(s),mxb.eu.mailgun.org,affiliates@lottoelite.com,1,Apuestas en Línea
luckngo.com,accepts mail,1 mail server(s),luckngo-com.mail.protection.outlook.com,support@luckngo.com,1,luckngo.com online casino
luckyanon.com,accepts mail,2 mail server(s),in1-smtp.messagingengine.com,support@luckyanon.com,1,Lucky Anon Casino
luckybear.partners,accepts mail,1 mail server(s),emx.mail.ru,cooperation@luckybear.partners,1,LuckyBear Casino
luckyclash.info,accepts mail,1 mail server(s),smtpin.rzone.de,info@luckyclash.info,1,Early Access
luckycoin.com,accepts mail,1 mail server(s),smtp.google.com,affiliates@luckycoin.com,1,Lucky Coin Casino
luckysheriff.com,accepts mail,7 mail server(s),aspmx.l.google.com,support@luckysheriff.com,1,ᐈ Luckysheriff
lugarbet.com,accepts mail,5 mail server(s),aspmx.l.google.com,support@lugarbet.com,1,LugarBet
lukkly.com,accepts mail,7 mail server(s),aspmx.l.google.com,affilate@lukkly.com,1,LUKKLY
lukycricket.com,accepts mail,1 mail server(s),smtp.google.com,contact@lukycricket.com,1,Casino
luminous.casino,accepts mail,1 mail server(s),inbound-smtp.eu-west-1.amazonaws.com,support@luminous.casino,1,Luminous
maggiorepartners.com,accepts mail,1 mail server(s),smtp.google.com,affiliates@maggiorepartners.com,1,ᐈ Casinobossy
magic365.email,accepts mail,1 mail server(s),mx.sendgrid.net,en_support@magic365.email,1,Magic365 Casino
maksibet.com,accepts mail,1 mail server(s),mail.maksibet.com,info@maksibet.com,1,Maksibet
mangodorado.com,accepts mail,1 mail server(s),smtp.google.com,support@mangodorado.com,1,Caposino
matadorbet.com,accepts mail,3 mail server(s),mx.zoho.eu,destek@matadorbet.com,1,Matadorbet
matixbet.com,"accepts (A record, no MX)",172.67.157.132,,affiliate@matixbet.com,1,MatixBet
megajeet.com,accepts mail,3 mail server(s),mx.zoho.com,support@megajeet.com,1,megajeet
megapot.io,accepts mail,1 mail server(s),smtp.google.com,support@megapot.io,1,Megapot
megawin.cl,accepts mail,1 mail server(s),services.chacrunamarketing.com,info@megawin.cl,1,MegaWin Casino
melbetaffiliates.com,accepts mail,5 mail server(s),aspmx.l.google.com,support@melbetaffiliates.com,1,Melbet
melbetghana.com,accepts mail,5 mail server(s),aspmx.l.google.com,info-en@melbetghana.com,1,melbetghana
mematogroup.com,accepts mail,1 mail server(s),mail.mematogroup.com,partners@mematogroup.com,1,ArtCasino.io | Casinoorca | Mond | CasinoStars
molcasino.com,"accepts (A record, no MX)",104.26.4.73,,info@molcasino.com,1,Mol
mollydice.com,accepts mail,5 mail server(s),aspmx.l.google.com,support@mollydice.com,1,Mollydice
monotech.group,accepts mail,6 mail server(s),aspmx.l.google.com,info@monotech.group,1,Monotech
moonrocketaffiliates.com,accepts mail,5 mail server(s),aspmx.l.google.com,contact@moonrocketaffiliates.com,1,Big Wins
mostbet.partners,accepts mail,1 mail server(s),mail.infradim.com,help@mostbet.partners,1,Mostbet official website
mrcat.com,accepts mail,8 mail server(s),smtp.google.com,affiliates@mrcat.com,1,Mrcat
mrplaypartners.com,accepts mail,5 mail server(s),aspmx.l.google.com,support@mrplaypartners.com,1,VegasLand Casino
n1.partners,accepts mail,6 mail server(s),aspmx.l.google.com,affiliates@n1.partners,1,Rollxo Casino | Slot Lounge Casino | Goldex Casino | Retro Bet -
narniaslots.com,accepts mail,2 mail server(s),fusion.mxrouting.net,support@narniaslots.com,1,NarniaSlots
narniumcasino.com,accepts mail,2 mail server(s),fusion.mxrouting.net,support@narniumcasino.com,1,NarniumCasino
narniumslots.com,accepts mail,2 mail server(s),fusion.mxrouting.net,support@narniumslots.com,1,NarniumSlots
neredebahis.com,accepts mail,2 mail server(s),mx1.privateemail.com,destek@neredebahis.com,1,Neredebahis
netopartners.com,accepts mail,5 mail server(s),aspmx.l.google.com,contact@netopartners.com,1,PlazaPlay is closing | Scratchmania Casino | Winorama Casino Online | Winspark Casino Online
newgenaffiliates.com,accepts mail,5 mail server(s),aspmx.l.google.com,partners@newgenaffiliates.com,1,Rocketbet Crypto Casino | Rocket.run
nextbet.com,accepts mail,5 mail server(s),aspmx.l.google.com,affiliates@nextbet.com,1,Restricted Territory
nicewinz.com,accepts mail,1 mail server(s),mail.nicewinz.com,info@nicewinz.com,1,NiceWin
ninecasino.com,accepts mail,1 mail server(s),aspmx.l.google.com,support@ninecasino.com,1,ninecasino
ninewin.com,accepts mail,5 mail server(s),aspmx.l.google.com,support@ninewin.com,1,ᐈ Casino Online and Mobile
normal.game,accepts mail,5 mail server(s),aspmx.l.google.com,affiliates@normal.game,1,Normal Game | Normal
oddjusta.com,accepts mail,1 mail server(s),smtp.google.com,suporte@oddjusta.com,1,OddJusta
orowin.bet,accepts mail,2 mail server(s),mail.protonmail.ch,support@orowin.bet,1,Orowin
oscarspin.com,accepts mail,7 mail server(s),aspmx.l.google.com,support@oscarspin.com,1,ᐈ Oscarspin
oxy.casino,accepts mail,2 mail server(s),mx2.privateemail.com,support@oxy.casino,1,OXY
padrinopartners.com,accepts mail,5 mail server(s),aspmx.l.google.com,affiliates@padrinopartners.com,1,ᐈ Needforslots
paripesapartners.org,accepts mail,7 mail server(s),aspmx.l.google.com,partners@paripesapartners.org,1,paripesa
paripulsepartners.com,accepts mail,5 mail server(s),aspmx.l.google.com,affsupport@paripulsepartners.com,1,paripulse
parmabet.com,accepts mail,2 mail server(s),mail.protonmail.ch,destek@parmabet.com,1,Parmabet
partners.casino,accepts mail,5 mail server(s),aspmx.l.google.com,affiliates@partners.casino,1,Shambala Casino
partnersdbbet.com,accepts mail,5 mail server(s),aspmx.l.google.com,support@partnersdbbet.com,1,dbbet
partybet.fun,accepts mail,1 mail server(s),smtp.google.com,support@partybet.fun,1,PartyBet | Partybet
patersonbet.com,accepts mail,1 mail server(s),smtp.google.com,partners@patersonbet.com,1,patersonbet
pb77.co,accepts mail,5 mail server(s),aspmx.l.google.com,ask@pb77.co,1,pbexch | pbindia
peakgamble.com,accepts mail,2 mail server(s),mx1.titan.email,financial@peakgamble.com,1,GrandZ Casino | Grandz Bet | spacefortuna
pec.bet,accepts mail,1 mail server(s),pec-bet.mail.protection.outlook.com,affiliate@pec.bet,1,PEC.BET
pelaanyt.com,accepts mail,5 mail server(s),aspmx.l.google.com,moi@pelaanyt.com,1,Pelaanyt
pelicancasino.games,accepts mail,2 mail server(s),sendercow.com,support@pelicancasino.games,1,Pelican Casino
perabet.com,accepts mail,1 mail server(s),smtp.google.com,support@perabet.com,1,Perabet
petra.bet,accepts mail,1 mail server(s),smtp.google.com,marketing@petra.bet,1,petra
phonix.casino,accepts mail,3 mail server(s),route3.mx.cloudflare.net,help@phonix.casino,1,Phonix
pingwin.games,unknown,lookup failed: ESERVFAIL,,support@pingwin.games,1,Pingwin Casino
playamopartners.com,accepts mail,5 mail server(s),aspmx.l.google.com,affiliates@playamopartners.com,1,Loading... | Lime Win Casino
playbet.io,accepts mail,5 mail server(s),aspmx.l.google.com,info@playbet.io,1,Playbet
playbison.com,accepts mail,5 mail server(s),aspmx.l.google.com,support@playbison.com,1,bison | playbison
pmaffiliates.com,accepts mail,5 mail server(s),aspmx.l.google.com,contact@pmaffiliates.com,1,...
pokerbetcasino.com,accepts mail,1 mail server(s),_dc-mx.1be0893e3349.pokerbetcasino.com,support@pokerbetcasino.com,1,pokerbetcasino
pokerplanets.com,accepts mail,5 mail server(s),aspmx.l.google.com,support@pokerplanets.com,1,PokerPlanets ᐈ Official Site
poshfriends.com,accepts mail,5 mail server(s),aspmx.l.google.com,support@poshfriends.com,1,Region restrictions
pro11casino.com,accepts mail,1 mail server(s),smtp.google.com,support@pro11casino.com,1,Pro11casino
queenbet.com,accepts mail,1 mail server(s),pmg.mategailway.com,support@queenbet.com,1,Queenbet
r2d.partners,accepts mail,1 mail server(s),smtp.google.com,affiliates@r2d.partners,1,Online Casino & Sportsbook
race365.com,accepts mail,1 mail server(s),race365-com.mail.protection.outlook.com,partner@race365.com,1,Race365
raize.poker,accepts mail,5 mail server(s),aspmx.l.google.com,hey@raize.poker,1,RAIZE
rake.com,accepts mail,2 mail server(s),mx1.privateemail.com,info@rake.com,1,Rake Casino
realspinpartners.com,accepts mail,5 mail server(s),aspmx.l.google.com,affiliates@realspinpartners.com,1,Real Spin
redslot.com,accepts mail,1 mail server(s),smtp.google.com,support@redslot.com,1,Access Restricted
revenuehaven.com,accepts mail,1 mail server(s),revenuehaven-com.mail.protection.outlook.com,affiliation@revenuehaven.com,1,Jackpot
revmasters.com,accepts mail,1 mail server(s),mail.dblexchange.com,affiliate@revmasters.com,1,Vegas Aces | Slots Paradise
revolutionaffiliates.com,accepts mail,1 mail server(s),revolutionaffiliates-com.mail.protection.outlook.com,support@revolutionaffiliates.com,1,Revolution Casino
rhinoaffiliates.com,accepts mail,5 mail server(s),aspmx.l.google.com,affiliates@rhinoaffiliates.com,1,bigboost | buustikasino | raketti
ringospin.com,accepts mail,7 mail server(s),aspmx.l.google.com,support@ringospin.com,1,ᐈ Ringospin
riskiiit.com,accepts mail,2 mail server(s),mx1.hostinger.com,support@riskiiit.com,1,riskiiit
riventapartners.com,"accepts (A record, no MX)",172.67.169.113,,help@riventapartners.com,1,ᐈ Royalstiger
robobet.com,accepts mail,3 mail server(s),smtp.google.com,info@robobet.com,1,Robobet
rockstarwin.com,accepts mail,1 mail server(s),_dc-mx.27de8274514d.rockstarwin.com,support@rockstarwin.com,1,rockstarwin
roketbahis.com,accepts mail,1 mail server(s),mail.roketbahis.com,support@roketbahis.com,1,Oyun Zamanı
rollambia.com,accepts mail,7 mail server(s),aspmx.l.google.com,support@rollambia.com,1,ᐈ Rollambia
rollchain.io,accepts mail,2 mail server(s),mx1.webme.it,affiliate@rollchain.io,1,Rollchain Casino
rooksbet.com,accepts mail,7 mail server(s),aspmx.l.google.com,support@rooksbet.com,1,Rooksbet
roosterpartners.com,accepts mail,1 mail server(s),roosterpartners-com.mail.protection.outlook.com,contact@roosterpartners.com,1,Rocket Spin Casino | Lucky 7 Even | Spins Up Casino | Rooster Bet
roulo.gg,accepts mail,4 mail server(s),mxa.mailgun.org,support@roulo.gg,1,Roulo
rubyaffs.com,accepts mail,1 mail server(s),smtp.google.com,affiliates@rubyaffs.com,1,ᐈ Baxterbet
sansli.io,accepts mail,3 mail server(s),mx.zoho.eu,support@sansli.io,1,Sansli
sapphirebet.com,accepts mail,1 mail server(s),s2.b2b-mail.biz,partner@sapphirebet.com,1,Sapphire Bet Casino
satoshihero.com,accepts mail,5 mail server(s),aspmx.l.google.com,support@satoshihero.com,1,Satoshi Hero
scizino.com,accepts mail,7 mail server(s),aspmx.l.google.com,support@scizino.com,1,ᐈ Scizino
selector-casino.net,accepts mail,1 mail server(s),inbound-smtp.eu-west-1.amazonaws.com,support@selector-casino.net,1,selectorcasino
sgslot.com,accepts mail,1 mail server(s),_dc-mx.8ec6a170196b.sgslot.com,info@sgslot.com,1,SG Slot
shangrilalive.com,"accepts (A record, no MX)",172.67.71.35,,support@shangrilalive.com,1,shangrila | shangrilalive
shogunaffiliates.com,accepts mail,5 mail server(s),aspmx.l.google.com,affiliates@shogunaffiliates.com,1,ᐈ Highflybet | ᐈ Rodeoslot | ᐈ Tonyspins | ᐈ Bonuskong
shuffle.com,accepts mail,5 mail server(s),aspmx.l.google.com,partnerships@shuffle.com,1,Shuffle
sikkaro.bet,accepts mail,2 mail server(s),mail.protonmail.ch,support@sikkaro.bet,1,Sikkarobet
simsinos.com,accepts mail,1 mail server(s),grdt-mail.cumulonimbus.rs,affiliates@simsinos.com,1,Simsinos | Simsino Casino
sisugroup.com,accepts mail,1 mail server(s),smtp.google.com,partners@sisugroup.com,1,Respin Casino
slapperzz.com,accepts mail,1 mail server(s),smtp.google.com,support@slapperzz.com,1,Slapperzz
slash.bet,accepts mail,1 mail server(s),smtp.google.com,support@slash.bet,1,Hello There
slot.win,accepts mail,6 mail server(s),aspmx.l.google.com,support@slot.win,1,Slot
slotbaba.com,accepts mail,2 mail server(s),mx1.hostinger.com,info@slotbaba.com,1,Slotbaba Official
slotella.com,accepts mail,5 mail server(s),aspmx.l.google.com,affiliate@slotella.com,1,Slotella
slotexpress.com,accepts mail,5 mail server(s),ASPMX.L.GOOGLE.com,support@slotexpress.com,1,SlotExpress
slotlandaffiliates.com,accepts mail,3 mail server(s),smtp1.slotlandaffiliates.com,program@slotlandaffiliates.com,1,Crypto Slots | Winaday 25 Usd Free
slotmill.com,accepts mail,1 mail server(s),slotmill-com.mail.protection.outlook.com,hr@slotmill.com,1,Slotmill
slotneo.com,accepts mail,1 mail server(s),smtp.google.com,support@slotneo.com,1,Slot Neo Casino
slotobit.io,accepts mail,1 mail server(s),_dc-mx.8d2c60f72a4c.slotobit.io,support@slotobit.io,1,slotobit
slotoro.bet,accepts mail,3 mail server(s),route2.mx.cloudflare.net,support@slotoro.bet,1,Slotoro Official Online Casino
slotorush.com,accepts mail,1 mail server(s),_dc-mx.969f6d6177e6.slotorush.com,support@slotorush.com,1,slotorush
slotrave.com,accepts mail,1 mail server(s),smtp.google.com,support@slotrave.com,1,Slotrave
slotsdj.com,accepts mail,7 mail server(s),aspmx.l.google.com,support@slotsdj.com,1,ᐈ Slotsdj
slotystake.com,accepts mail,1 mail server(s),_dc-mx.f3972b899590.slotystake.com,support@slotystake.com,1,slotystake
snowdunes.org,accepts mail,3 mail server(s),mx.zoho.eu,affilate@snowdunes.org,1,Kilogram Club
spartaaffiliates.com,accepts mail,1 mail server(s),aspmx.l.google.com,affiliates@spartaaffiliates.com,1,ᐈ Playjonny | ᐈ Winbeatz
spinay.com,accepts mail,1 mail server(s),smtp.google.com,support@spinay.com,1,Spinay
spinbuddha.com,accepts mail,7 mail server(s),aspmx.l.google.com,support@spinbuddha.com,1,ᐈ Casino Online and Mobile
spinman.com,accepts mail,5 mail server(s),aspmx.l.google.com,support@spinman.com,1,Spinman
spinnair.com,accepts mail,5 mail server(s),aspmx.l.google.com,loyalty@spinnair.com,1,Spinnair Casino
spinza.co.za,accepts mail,1 mail server(s),mail.spinza.co.za,support@spinza.co.za,1,co
sportifpro.com,accepts mail,3 mail server(s),mx.zoho.eu,info@sportifpro.com,1,SportifPro
stakeboss.com,accepts mail,5 mail server(s),aspmx.l.google.com,support@stakeboss.com,1,Stakeboss Home
stakebro.com,accepts mail,1 mail server(s),_dc-mx.d6c3d881c3f7.stakebro.com,support@stakebro.com,1,stakebro
stakemania.com,accepts mail,1 mail server(s),_dc-mx.5afa82b6c305.stakemania.com,support@stakemania.com,1,stakemania
stakepartners.com,accepts mail,1 mail server(s),dc-3a0b792f812f.stakepartners.com,affiliates@stakepartners.com,1,Online Sports and Casino Betting | Optimbet | Tornadobet
stepsino.com,accepts mail,1 mail server(s),mail.supportrelay.net,support@stepsino.com,1,Stepsino
superflypartners.net,accepts mail,5 mail server(s),aspmx.l.google.com,support@superflypartners.net,1,HelloCasino
surebetpartners.com,accepts mail,3 mail server(s),us2.mx2.mailhostbox.com,affiliates@surebetpartners.com,1,Online Casino Games | Sato Spins Casino -
sweetyspin.com,accepts mail,7 mail server(s),aspmx.l.google.com,support@sweetyspin.com,1,ᐈ Sweetyspin
swordbet.io,"accepts (A record, no MX)",104.26.11.112,,support@swordbet.io,1,SwordBet.io
tesorcasino.com,accepts mail,7 mail server(s),aspmx.l.google.com,support@tesorcasino.com,1,ᐈ Tesorcasino
thestakehouse.io,accepts mail,2 mail server(s),mx1.privateemail.com,partners@thestakehouse.io,1,The Stake House
thorfortune.com,accepts mail,7 mail server(s),aspmx.l.google.com,support@thorfortune.com,1,ᐈ Thorfortune
thrillpartners.com,accepts mail,5 mail server(s),aspmx.l.google.com,partners@thrillpartners.com,1,BetBeast
tigerbet247.com,accepts mail,1 mail server(s),tigerbet247-com.mail.protection.outlook.com,support@tigerbet247.com,1,Online Casino
tipsport.cz,accepts mail,1 mail server(s),tipsport-cz.mail.protection.outlook.com,affiliate@tipsport.cz,1,Chance
titaani.com,accepts mail,5 mail server(s),aspmx.l.google.com,loyalty@titaani.com,1,Titaani Casino
tomi.club,accepts mail,1 mail server(s),mx1.privateemail.com,info@tomi.club,1,Tomi
tonplay.com,accepts mail,1 mail server(s),smtp.google.com,info.partners@tonplay.com,1,Tonplay
top88.ing,accepts mail,1 mail server(s),smtp.google.com,support@top88.ing,1,TOP88
topbet.co.za,accepts mail,2 mail server(s),zalc.e-purifier.com,affiliates@topbet.co.za,1,topbet
tothemoonaffs.com,accepts mail,1 mail server(s),smtp.google.com,affiliates@tothemoonaffs.com,1,ᐈ Savaspin | ᐈ Spinmacho
trenchbet.com,accepts mail,2 mail server(s),mail.protonmail.ch,support@trenchbet.com,1,Trench Bet
turbo-casino.plus,accepts mail,1 mail server(s),inbound-smtp.eu-west-1.amazonaws.com,support@turbo-casino.plus,1,turbocasino
turbowinz.com,accepts mail,7 mail server(s),aspmx.l.google.com,support@turbowinz.com,1,ᐈ Turbowinz
twistercasino.email,WILL BOUNCE,domain does not exist,,customercare@twistercasino.email,1,Twister Casino
twixos.com,accepts mail,3 mail server(s),mx1-hosting.jellyfish.systems,privacy@twixos.com,1,Twixos
tycoonwin.com,accepts mail,2 mail server(s),mail.senderwave.com,support@tycoonwin.com,1,Tycoon
tykitys.com,accepts mail,1 mail server(s),smtp.google.com,support@tykitys.com,1,Tykitys Casino
ubet.kz,accepts mail,1 mail server(s),mx.yandex.net,partner@ubet.kz,1,UBET.io
ustabet.com,accepts mail,1 mail server(s),smtp.google.com,support@ustabet.com,1,Ustabet
v.vegas,accepts mail,3 mail server(s),route1.mx.cloudflare.net,support@v.vegas,1,V Vegas Casino Online
vbet.com,accepts mail,5 mail server(s),aspmx.l.google.com,affiliates@vbet.com,1,Betting website
vegazcasino.com,accepts mail,1 mail server(s),mail.vegazcasino.com,marketing@vegazcasino.com,1,Vegaz Casino
velvet.partners,accepts mail,1 mail server(s),smtp.google.com,affiliates@velvet.partners,1,ᐈ Luckycapone
verdecasino.com,accepts mail,3 mail server(s),route3.mx.cloudflare.net,support@verdecasino.com,1,Verde Casino
viggoslots.com,accepts mail,1 mail server(s),grdt-mail.cumulonimbus.rs,affiliates@viggoslots.com,1,Online Casino & Live Casino
vip-ibc.com,accepts mail,1 mail server(s),vipibc-com0i.mail.protection.outlook.com,support@vip-ibc.com,1,VIP
vipcasino.online,accepts mail,1 mail server(s),mail.vipcasino.online,support@vipcasino.online,1,vipcasino
vjgroupaffiliation.com,accepts mail,4 mail server(s),vjgroupaffiliation-com.mail.protection.outlook.com,info@vjgroupaffiliation.com,1,Vera&John | Yuugado
vlpartners.com,accepts mail,5 mail server(s),aspmx.l.google.com,affiliates@vlpartners.com,1,Miki Casino
volacasino.com,"accepts (A record, no MX)",172.67.147.162,,info@volacasino.com,1,Vola
wellepartners.com,accepts mail,5 mail server(s),aspmx.l.google.com,support@wellepartners.com,1,Welle Casino
wgmgames.com,accepts mail,1 mail server(s),smtp.google.com,support@wgmgames.com,1,wgmgames
whalebet.gg,accepts mail,1 mail server(s),smtp.google.com,partners@whalebet.gg,1,WhaleBet
wild-jokers.com,accepts mail,1 mail server(s),mail.wild-jokers.com,wjservices@wild-jokers.com,1,Wild Jokers
wild.io,accepts mail,5 mail server(s),aspmx.l.google.com,affiliates@wild.io,1,Wild.io
wildroll.com,accepts mail,2 mail server(s),mail.protonmail.ch,support@wildroll.com,1,WildRoll
willbet.com,accepts mail,1 mail server(s),smtp.google.com,affiliate@willbet.com,1,WillBet | Willbet Casino
win-offers.com,accepts mail,2 mail server(s),mx1.privateemail.com,info@win-offers.com,1,stawki
wincraft.casino,accepts mail,7 mail server(s),aspmx.l.google.com,support@wincraft.casino,1,wincraft
windice.io,accepts mail,1 mail server(s),mail.windice.io,support@windice.io,1,Win Dice Casino -
winhubpartners.com,accepts mail,1 mail server(s),aspmx.l.google.com,contact@winhubpartners.com,1,ᐈ Bettyspin
winup.io,accepts mail,1 mail server(s),smtp.google.com,support@winup.io,1,Winup
wolf.io,accepts mail,5 mail server(s),aspmx.l.google.com,support@wolf.io,1,Wolf IO Casino
xolotto.com,accepts mail,1 mail server(s),_dc-mx.374ea47b1352.xolotto.com,hello@xolotto.com,1,xolotto
xparibet.com,accepts mail,5 mail server(s),aspmx.l.google.com,b2b@xparibet.com,1,xparibet
yasalbahis.com,accepts mail,3 mail server(s),mx.zoho.eu,info@yasalbahis.com,1,Yasalbahis
yohoho.partners,accepts mail,1 mail server(s),smtp.google.com,support@yohoho.partners,1,yohoho
zbahis.com,accepts mail,2 mail server(s),mx.zoho.eu,support@zbahis.com,1,Zbahis
zeabet777.com,accepts mail,1 mail server(s),mail.zeabet777.com,info@zeabet777.com,1,ZeaBet
zizobet.com,accepts mail,3 mail server(s),mx.zoho.eu,affiliate@zizobet.com,1,zizobet
zlot.com,accepts mail,2 mail server(s),in1-smtp.messagingengine.com,marketing@zlot.com,1,Zlot
zoomaffiliates.io,accepts mail,1 mail server(s),mail19.secure-networks.org,affiliates@zoomaffiliates.io,1,Malibu Club
zpartners.com,accepts mail,5 mail server(s),aspmx.l.google.com,support@zpartners.com,1,Pribet Casino
zunabet.com,accepts mail,2 mail server(s),mx1.hostinger.com,affiliates@zunabet.com,1,Zunabet.com