tier,domain,brand,email,email_source,affiliate_url,affiliate_platform,operator,licence,expiry,vendors,regulator_seal,provider_count,sibling_brands,status,contacted_on
A,zlot.com,Zlot,marketing@zlot.com,contact page,,,Obsidian Titan Limited,ALSI-202602052-FI2,2027-02-27,gamecheck,yes,0,otobet.com slotin.com betewin.com betpublic.com starzbet.com baywin.com bycasino.com luxslot.com betira.com northwin.com jasino.com ligobet.com,DRAFT ONLY — NOT SENT,
A,bet10bet.com,Bet10bet,info@bet10bet.com,affiliate page,https://bet10bet.com/affiliates,,Riotorto Digital LTD,ALSI-202601035-FI1,2027-01-14,licenseseal,yes,0,betticket.com grandbetting.com queenbet.com betlike.com,DRAFT ONLY — NOT SENT,
A,pk8.com,Poker King,rakesh.sharma@a5labs.co,contact page,,,High Gaming IT Services Limited,ALSI-202603023-FI1,2027-03-13,gaminglabs,no,0,bahizz.com wpk.com wepoker.com,DRAFT ONLY — NOT SENT,
A,yasalbahis.com,Yasalbahis,info@yasalbahis.com,affiliate page,https://yasalbahis.com/affiliate,,Nowplatform Ltd.,ALSI-202509021-Fll,2026-09-15,gamecheck,yes,23,meritwin.com volacasino.com haydicasino.com,DRAFT ONLY — NOT SENT,
A,narniumcasino.com,NarniumCasino,support@narniumcasino.com,contact page,,,Narnium Solutions Ltd,ALSI-202511055-FI2,2026-11-29,"askgamblers, casinoguru, gaminglabs, gli, trustpilot",yes,19,narniaslots.com narniumslots.com,DRAFT ONLY — NOT SENT,
A,narniaslots.com,NarniaSlots,support@narniaslots.com,contact page,,,Narnium Solutions Ltd,ALSI-202511055-FI2,2026-11-29,"askgamblers, casinoguru, gaminglabs, gli, trustpilot",yes,18,narniumcasino.com narniumslots.com,DRAFT ONLY — NOT SENT,
A,narniumslots.com,NarniumSlots,support@narniumslots.com,contact page,,,Narnium Solutions Ltd,ALSI-202511055-FI2,2026-11-29,"askgamblers, casinoguru, gaminglabs, gli, trustpilot",yes,19,narniumcasino.com narniaslots.com,DRAFT ONLY — NOT SENT,
A,fatbets.com,Gamdom,support@gamdom.com,affiliate page,https://fatbets.com/affiliates/,,Fatbets Ltd,ALSI-202508054-FI2,2026-08-28,"gamecheck, trustpilot",no,13,,DRAFT ONLY — NOT SENT,
A,raize.poker,RAIZE,hey@raize.poker,contact page,,,3-102-943085 SRL,ALSI-202511038-FI2,2026-11-30,gli,yes,0,,DRAFT ONLY — NOT SENT,
A,slotin.com,Slotin,,,,,Obsidian Titan Limited,ALSI-202602052-FI2,2027-02-27,gamecheck,yes,0,zlot.com otobet.com betewin.com betpublic.com starzbet.com baywin.com bycasino.com luxslot.com betira.com northwin.com jasino.com ligobet.com,DRAFT ONLY — NOT SENT,
A,baywin.com,Baywin,,,,,Obsidian Titan Limited,ALSI-202602052-FI2,2027-02-27,gamecheck,no,7,zlot.com otobet.com slotin.com betewin.com betpublic.com starzbet.com bycasino.com luxslot.com betira.com northwin.com jasino.com ligobet.com,DRAFT ONLY — NOT SENT,
A,maltcasino.com,MaltCasino,,,,,Fortuna Digital Solutions FDS Limitada,ALSI-202509068-FI2,2026-09-29,gamecheck,yes,12,yekbet.com ikasbet.com asyabahis.com dumanbet.com olabahis.com pinbahis.com spinman.com,DRAFT ONLY — NOT SENT,
A,pinbahis.com,Pinbahis,,,,,Fortuna Digital Solutions FDS Limitada,ALSI-202509068-FI2,2026-09-29,gamecheck,yes,2,yekbet.com ikasbet.com asyabahis.com dumanbet.com maltcasino.com olabahis.com spinman.com,DRAFT ONLY — NOT SENT,
A,tipobet.com,Tipobet Adresi,,,,,Galactic Infinity Ltd,ALSI-202511048-FI2,2026-11-29,gamecheck,yes,0,matadorbet.com zbahis.com fixbet.com bahis.com tipobet365.com sahabet.com betturkey.com,DRAFT ONLY — NOT SENT,
A,u2is.tech,U2IS,,,,,U2IS Limited,ALSI-202601056-FI2,2027-01-30,bmmtest,yes,13,gbjp.fun hana.asia longtian.bet a1slot.net oncasi.com winpeso.asia,DRAFT ONLY — NOT SENT,
A,voodoo.casino,Voodoo,,,,,Novatrix SRL,ALSI-202508056-FI2,2026-08-24,"askgamblers, dlagglobal",no,21,levelupcasino.com spinsamurai.com betibet.com 21bit.com,DRAFT ONLY — NOT SENT,
A,betticket.com,Betticket,,,,,Riotorto Digital LTD,ALSI-202601035-FI1,2027-01-14,licenseseal,yes,0,bet10bet.com grandbetting.com queenbet.com betlike.com,DRAFT ONLY — NOT SENT,
A,grandbetting.com,Grandbetting,,,,,Riotorto Digital LTD,ALSI-202601035-FI1,2027-01-14,licenseseal,yes,1,betticket.com bet10bet.com queenbet.com betlike.com,DRAFT ONLY — NOT SENT,
A,queenbet.com,Queenbet,,,,,Riotorto Digital LTD,ALSI-202601035-FI1,2027-01-14,licenseseal,yes,0,betticket.com bet10bet.com grandbetting.com betlike.com,DRAFT ONLY — NOT SENT,
A,betlike.com,Betlike,,,,,Riotorto Digital LTD,ALSI-202601035-FI1,2027-01-14,licenseseal,yes,0,betticket.com bet10bet.com grandbetting.com queenbet.com,DRAFT ONLY — NOT SENT,
A,betphoenix.ag,Betphoenix,,,,,International Radical Investment Ltd,ALSI-202509042-FI1,2027-09-15,quinel,yes,0,bogartcasino.ag skybook.ag betmania.ag,DRAFT ONLY — NOT SENT,
A,meritwin.com,Meritwin,,,,,Nowplatform Ltd.,ALSI-202509021-Fll,2026-09-15,gamecheck,yes,23,yasalbahis.com volacasino.com haydicasino.com,DRAFT ONLY — NOT SENT,
A,wpk.com,WePoker官网,,,,,High Gaming IT Services Limited,ALSI-202603023-FI1,2027-03-13,gaminglabs,no,0,pk8.com bahizz.com wepoker.com,DRAFT ONLY — NOT SENT,
A,wepoker.com,WePoker官网,,,,,High Gaming IT Services Limited,ALSI-202603023-FI1,2027-03-13,gaminglabs,no,0,pk8.com bahizz.com wpk.com,DRAFT ONLY — NOT SENT,
A,stack.bet,Stack.bet,,,,,3-102-936714 SRL,ALSI-202512010-FI1,2026-12-14,licenseseal,yes,0,,DRAFT ONLY — NOT SENT,
B,ligobet.com,Ligobet,marketing@ligobet.com,affiliate page,https://ligobet.com/partners,,Obsidian Titan Limited,ALSI-202602052-FI2,2027-02-27,,yes,0,zlot.com otobet.com slotin.com betewin.com betpublic.com starzbet.com baywin.com bycasino.com luxslot.com betira.com northwin.com jasino.com,DRAFT ONLY — NOT SENT,
B,starzbet.com,Starzbet,winwith@infernopartners.com,affiliate page,https://starzbet.com/partners,,Obsidian Titan Limited,ALSI-202602052-FI2,2027-02-27,,yes,0,zlot.com otobet.com slotin.com betewin.com betpublic.com baywin.com bycasino.com luxslot.com betira.com northwin.com jasino.com ligobet.com,DRAFT ONLY — NOT SENT,
B,dodobet.com,Dodobet global,marketing@dodobetglobal.com,affiliate page,https://dodobet.com/partners,,Obsidian Titan Limited,ALSI-202602052-FI2,2027-02-27,,yes,0,zlot.com otobet.com slotin.com betewin.com betpublic.com starzbet.com baywin.com bycasino.com luxslot.com betira.com northwin.com jasino.com,DRAFT ONLY — NOT SENT,
B,matadorbet.com,Matadorbet,destek@matadorbet.com,contact page,,,Galactic Infinity Ltd,ALSI-202511048-FI2,2026-11-29,,yes,0,zbahis.com fixbet.com bahis.com tipobet365.com sahabet.com betturkey.com tipobet.com,DRAFT ONLY — NOT SENT,
B,zbahis.com,Zbahis,support@zbahis.com,contact page,,,Galactic Infinity Ltd,ALSI-202511048-FI2,2026-11-29,,yes,0,matadorbet.com fixbet.com bahis.com tipobet365.com sahabet.com betturkey.com tipobet.com,DRAFT ONLY — NOT SENT,
B,spinman.com,Spinman,support@spinman.com,affiliate page,https://spinman.com/affiliates,,Fortuna Digital Solutions FDS Limitada,ALSI-202509068-FI2,2026-09-29,,yes,12,yekbet.com ikasbet.com asyabahis.com dumanbet.com maltcasino.com olabahis.com pinbahis.com,DRAFT ONLY — NOT SENT,
B,partybet.ai,PartyBet,support@partybet.fun,affiliate page,https://partybet.ai/affiliate,,On Read SRL,ALSI-202508060-FI2,2026-08-28,,yes,0,partybet.app partybet.bot partybet.casino partybet.fun partybet.social partybet.win,DRAFT ONLY — NOT SENT,
B,partybet.casino,PartyBet,support@partybet.fun,affiliate page,https://partybet.casino/affiliate,,On Read SRL,ALSI-202508060-FI2,2026-08-28,,yes,0,partybet.ai partybet.app partybet.bot partybet.fun partybet.social partybet.win,DRAFT ONLY — NOT SENT,
B,partybet.fun,Partybet,support@partybet.fun,affiliate page,https://partybet.fun/affiliates,,On Read SRL,ALSI-202508060-FI2,2026-08-28,,yes,0,partybet.ai partybet.app partybet.bot partybet.casino partybet.social partybet.win,DRAFT ONLY — NOT SENT,
B,partybet.social,PartyBet,support@partybet.fun,affiliate page,https://partybet.social/affiliate,,On Read SRL,ALSI-202508060-FI2,2026-08-28,,yes,0,partybet.ai partybet.app partybet.bot partybet.casino partybet.fun partybet.win,DRAFT ONLY — NOT SENT,
B,partybet.bot,PartyBet,support@partybet.fun,affiliate page,https://partybet.bot/affiliate,,On Read SRL,ALSI-202508060-FI2,2026-08-28,,yes,0,partybet.ai partybet.app partybet.casino partybet.fun partybet.social partybet.win,DRAFT ONLY — NOT SENT,
B,partybet.win,PartyBet,support@partybet.fun,affiliate page,https://partybet.win/affiliate,,On Read SRL,ALSI-202508060-FI2,2026-08-28,,yes,0,partybet.ai partybet.app partybet.bot partybet.casino partybet.fun partybet.social,DRAFT ONLY — NOT SENT,
B,bizbet.mobi,BizBet Africa,support-en@africa-bizbet.com,contact page,,,Gameway Global LLC,ALSI-202511025-FI2,2026-11-29,,yes,0,africa-bizbet.com bizbet-biz.com bizbet.io mn-bizbet.io bizbet-au.com,DRAFT ONLY — NOT SENT,
B,bizbet-biz.com,Bizbet Biz,support-en@bizbet-biz.com,contact page,,,Gameway Global LLC,ALSI-202511025-FI2,2026-11-29,,yes,0,africa-bizbet.com bizbet.mobi bizbet.io mn-bizbet.io bizbet-au.com,DRAFT ONLY — NOT SENT,
B,africa-bizbet.com,BizBet Africa,support-en@africa-bizbet.com,contact page,,,Gameway Global LLC,ALSI-202511025-FI2,2026-11-29,,yes,0,bizbet.mobi bizbet-biz.com bizbet.io mn-bizbet.io bizbet-au.com,DRAFT ONLY — NOT SENT,
B,evetabi.com,EvetAbi,info@evetabi.com,affiliate page,https://evetabi.com/affiliate,,Mistletoe Ltd,ALSI-202508061-FI2,2026-08-28,,yes,1,levabet.com matixbet.com betpir.com kuzeycasino.com,DRAFT ONLY — NOT SENT,
B,letou.com,Letou,cs@letou.com,affiliate page,https://letou.com/affiliate,,RegalTech Solutions Limitada,ALSI-202602046-FI2,2027-02-27,,yes,13,howzitcasino.com lt.com mrcat.com vwin.com,DRAFT ONLY — NOT SENT,
B,lt.com,Lt,cs@letou.com,affiliate page,https://lt.com/partners,,RegalTech Solutions Limitada,ALSI-202602046-FI2,2027-02-27,,yes,1,howzitcasino.com letou.com mrcat.com vwin.com,DRAFT ONLY — NOT SENT,
B,afrislots.net,AfriSlots,legal@afrislots.net,contact page,,,Juicecraft Limited,ALSI-202511012-FI1,2026-11-14,,yes,0,gbetplay.net elvisluck.net ganamega.net,DRAFT ONLY — NOT SENT,
B,gbetplay.net,Gbet,abuse@gbetplay.net,contact page,,,Juicecraft Limited,ALSI-202511012-FI1,2026-11-14,,yes,4,afrislots.net elvisluck.net ganamega.net,DRAFT ONLY — NOT SENT,
B,ganamega.net,GanaMega,support@ganamega.net,contact page,,,Juicecraft Limited,ALSI-202511012-FI1,2026-11-14,,yes,0,gbetplay.net afrislots.net elvisluck.net,DRAFT ONLY — NOT SENT,
B,elvisluck.net,ElvisLuck,hello@elvisluck.net,contact page,,,Juicecraft Limited,ALSI-202511012-FI1,2026-11-14,,yes,7,gbetplay.net afrislots.net ganamega.net,DRAFT ONLY — NOT SENT,
B,vegazcasino.com,vegazcasino,info@affpartnergroup.com,affiliate page,https://affiliates.vegazcasino.com,,MOONSEEKER SRL,ALSI-202509006-FI1,2026-09-15,askgamblers,yes,31,winbitcasino.com mondcasino.com casinostars.io,DRAFT ONLY — NOT SENT,
B,volacasino.com,Vola,info@volacasino.com,affiliate page,https://volacasino.com/affiliate,,Nowplatform Ltd.,ALSI-202509021-Fll,2026-09-15,,yes,21,meritwin.com yasalbahis.com haydicasino.com,DRAFT ONLY — NOT SENT,
B,bhaicasino.com,BhaiCasino,support@bhaicasino.com,affiliate page,https://bhaicasino.com/affiliates,,Capitanos Games Ltd,ALSI-202509071-FI2,2026-09-29,,yes,0,betbeto.com cwinz.com bluebetz.com,DRAFT ONLY — NOT SENT,
B,bluebetz.com,Bluebetz,support@bluebetz.com,affiliate page,https://bluebetz.com/affiliates,,Capitanos Games Ltd,ALSI-202509071-FI2,2026-09-29,,yes,0,betbeto.com bhaicasino.com cwinz.com,DRAFT ONLY — NOT SENT,
B,cwinz.com,Cwinz,support@cwinz.com,affiliate page,https://cwinz.com/affiliates,,Capitanos Games Ltd,ALSI-202509071-FI2,2026-09-29,,yes,1,betbeto.com bhaicasino.com bluebetz.com,DRAFT ONLY — NOT SENT,
B,jokertipp.com,Joker Tipp,support@jokertipp.com,contact page,,,Mirella Ltd,ALSI-202509009-FI1,2026-09-15,,yes,18,altaris.casino sierra.casino,DRAFT ONLY — NOT SENT,
B,kirabet.com,Kira.Bet,info@kirabet.com,affiliate page,https://kirabet.com/affiliate,,Arkevia Group Ltd,ALSI-202510025-FI1,2026-10-15,,yes,24,molcasino.com tomi.club,DRAFT ONLY — NOT SENT,
B,molcasino.com,Mol,info@molcasino.com,affiliate page,https://molcasino.com/affiliate,,Arkevia Group Ltd,ALSI-202510025-FI1,2026-10-15,,yes,22,kirabet.com tomi.club,DRAFT ONLY — NOT SENT,
B,tomi.club,Tomi,info@tomi.club,affiliate page,https://tomi.club/affiliate,,Arkevia Group Ltd,ALSI-202510025-FI1,2026-10-15,,yes,21,kirabet.com molcasino.com,DRAFT ONLY — NOT SENT,
B,twixos.com,Twixos,privacy@twixos.com,contact page,,,Global Score Ltd,ALSI-202509002-FI1,2026-09-15,,yes,0,vexlbet.com,DRAFT ONLY — NOT SENT,
B,cooked.com,Cooked,support@cooked.com,affiliate page,https://cooked.com/affiliates,,Digital Chain Ventures SRL,ALSI-202509004-FI1,2026-09-15,,yes,26,cryptogaming.com,DRAFT ONLY — NOT SENT,
B,j8de.io,J8DE,support@j8de.io,affiliate page,https://j8de.io/affiliates,,3-102-937610 SRL,ALSI-202510054-FI2,2026-10-28,,yes,11,kush.casino,DRAFT ONLY — NOT SENT,
B,kush.casino,Kush,support@kush.casino,contact page,,,3-102-937610 SRL,ALSI-202510054-FI2,2026-10-28,,yes,2,j8de.io,DRAFT ONLY — NOT SENT,
B,blockdag.co,BlockDAG,commercials@blockdag.co,affiliate page,https://blockdag.co/affiliate-program,,3-102-946540 SRL,ALSI-202511024-FI2,2026-11-29,,yes,14,huhubet.com,DRAFT ONLY — NOT SENT,
B,luckyclash.io,Early Access,info@luckyclash.info,affiliate page,https://luckyclash.io/affiliates,,Prime Entertainment Ltd,ALSI-202603032-FI1,2027-03-15,,yes,0,pr1mebet.com,DRAFT ONLY — NOT SENT,
B,fenixbet.online,FenixBet,support@fenixbet.online,contact page,,,Spiritus Limited,ALSI-202603056-FI2,2027-03-30,,yes,6,oxy.casino,DRAFT ONLY — NOT SENT,
B,orowin.bet,Orowin,support@orowin.bet,contact page,,,Win Vision N.V.,ALSI-202605001-FI1,2027-05-07,,yes,25,sikkaro.bet,DRAFT ONLY — NOT SENT,
B,sikkaro.bet,Sikkarobet,support@sikkaro.bet,contact page,,,Win Vision N.V.,ALSI-202605001-FI1,2027-05-07,,yes,1,orowin.bet,DRAFT ONLY — NOT SENT,
B,funbet888.me,Funbet,reach.us@funbet.me,affiliate page,https://funbet888.me/affiliate-programme,,3-102-938581 Limitada,ALSI-202508066-FI2,2026-08-28,,yes,14,funbet.me,DRAFT ONLY — NOT SENT,
B,funbet.me,Funbet,reach.us@funbet.me,affiliate page,https://partners.funbet.me,,3-102-938581 Limitada,ALSI-202508066-FI2,2026-08-28,,yes,14,funbet888.me,DRAFT ONLY — NOT SENT,
B,grizzly.online,Grizzly,affiliate@grizzly.bingo,affiliate page,https://grizzly.online/affiliates,,GC Service Group Ltd,ALSI-202508052-FI2,2026-08-28,,yes,22,grizzly.win,DRAFT ONLY — NOT SENT,
B,grizzly.win,Grizzly,affiliate@grizzly.bingo,affiliate page,https://grizzly.win/affiliates,,GC Service Group Ltd,ALSI-202508052-FI2,2026-08-28,,yes,22,grizzly.online,DRAFT ONLY — NOT SENT,
B,369wins.com,369Wins,support@369wins.com,affiliate page,https://369wins.com/affiliates,,Anzal Ltd,ALSI-202510004-FI1,2026-10-15,,yes,0,betfal.com,DRAFT ONLY — NOT SENT,
B,gold24x7.com,Gold,admin@gold.casino,affiliate page,https://gold24x7.com/affiliates,,3-102-944744 SRL,ALSI-202510061-FI2,2026-10-28,,yes,14,gold.casino,DRAFT ONLY — NOT SENT,
B,playbet.io,Playbet,info@playbet.io,affiliate page,https://playbet.io/affiliates,,Aurevia Digital Ventures Ltd,ALSI-202510058-FI2,2026-10-28,trustpilot,yes,17,robobet.com,DRAFT ONLY — NOT SENT,
B,getwin.online,Getwin,support@getwin.online,affiliate page,https://getwin.online/affiliates,,3-102-945845 SRL,ALSI-202511035-FI2,2026-11-29,,yes,2,fortislots.com,DRAFT ONLY — NOT SENT,
B,fortislots.com,Fortislots,support@fortislots.com,affiliate page,https://fortislots.com/affiliates,,3-102-945845 SRL,ALSI-202511035-FI2,2026-11-29,,yes,29,getwin.online,DRAFT ONLY — NOT SENT,
B,pro11casino.com,Pro11casino,support@pro11casino.com,affiliate page,https://pro11casino.com/affiliate-programme,,3-102-947393 SRL,ALSI-202511030-FI2,2026-11-29,,yes,1,pro11play.com,DRAFT ONLY — NOT SENT,
B,aryanbet.com,Aryanbet,info@aryanbet.com,affiliate page,https://aryanbet.com/affiliates,,3-102-946386 SRL,ALSI-202512003-FI1,2026-12-14,,yes,14,xprobet.com,DRAFT ONLY — NOT SENT,
B,drazzewin.com,Drazze,partners@drazze.casino,affiliate page,https://drazzewin.com/affiliates,,Drazze Limited,ALSI-202512040-FI1,2026-12-21,,yes,24,drazze.casino,DRAFT ONLY — NOT SENT,
B,drazze.casino,Drazze,partners@drazze.casino,affiliate page,https://drazze.casino/affiliates,,Drazze Limited,ALSI-202512040-FI1,2026-12-21,,yes,24,drazzewin.com,DRAFT ONLY — NOT SENT,
B,roulobets.com,Roulo,support@roulo.gg,affiliate page,https://roulobets.com/affiliate,,Roulo Interactive Games LLC,ALSI-202602053-FI2,2027-02-15,,yes,6,roulo.gg,DRAFT ONLY — NOT SENT,
B,bet808.com,Bet808,support@bet808.com,affiliate page,https://bet808.com/affiliates,,Play Fortune Entertainment Ltd,ALSI-202603053-FI2,2027-03-30,,yes,0,bet303.com,DRAFT ONLY — NOT SENT,
B,gamblit.net,Gamblit,support@gamblit.net,affiliate page,https://gamblit.net/affiliates,,3-102-954785 LIMITADA,ALSI-202604028-FI2,2027-04-28,,yes,0,buff.gg,DRAFT ONLY — NOT SENT,
B,ezcash.casino,EZCASH,support@ezcash.casino,contact page,,,EZCS Solutions Ltd,ALSI-202509047-FI1,2026-09-02,,yes,5,,DRAFT ONLY — NOT SENT,
B,megapot.io,Megapot,support@megapot.io,contact page,,,Megapot Inc,ALSI-202510018-FI1,2026-10-15,,yes,0,,DRAFT ONLY — NOT SENT,
B,whalebet.gg,WhaleBet,partners@whalebet.gg,affiliate page,https://whalebet.gg/affiliates,,3-102-942955 SRL,ALSI-202511004-FI1,2026-11-03,,yes,8,,DRAFT ONLY — NOT SENT,
B,slot.win,Slot,support@slot.win,affiliate page,https://slot.win/affiliate,,3-102-942828 SRL,ALSI-202511006-FI1,2026-11-14,trustpilot,yes,0,,DRAFT ONLY — NOT SENT,
B,stakeboss.com,Stakeboss Home,support@stakeboss.com,contact page,,,3-102-947775 Limitada,ALSI-202511052-FI2,2026-11-29,,yes,3,,DRAFT ONLY — NOT SENT,
B,aldex.win,Aldex Win,support@aldex.com,contact page,,,Aldex Win Ltd,ALSI-202512034-FI1,2026-12-21,,yes,13,,DRAFT ONLY — NOT SENT,
B,luminous.casino,Luminous,support@luminous.casino,contact page,,,LuminousCompany Ltd.,ALSI-202601036-FI1,2027-01-04,,yes,17,,DRAFT ONLY — NOT SENT,
B,betida.com,BETIDA,partner@betida.com,affiliate page,https://betida.com/affiliate,,Betida Entertainment Ltd,ALSI-202512002-FI1,2026-12-14,,yes,5,,DRAFT ONLY — NOT SENT,
B,gamwiz.com,Gamwiz,support@gamwiz.com,affiliate page,https://gamwiz.com/affiliate,,Gamwiz Inc,ALSI-202602039-FI2,2027-02-27,,yes,7,,DRAFT ONLY — NOT SENT,
B,cat2bet.com,Cat2Bet,sac@cat2bet.com,contact page,,,Terravista Entertainment Ltd,ALSI-202603022-FI1,2027-03-08,,yes,12,,DRAFT ONLY — NOT SENT,
B,hyperoll.com,Hyperoll Crypto,contact@hyperoll.com,contact page,,,Quantum House Ltd,ALSI-202602027-FI2,2027-02-27,,yes,13,,DRAFT ONLY — NOT SENT,
B,sansli.io,Sansli,support@sansli.io,contact page,,,Dragonfruit Limited,ALSI-202603060-FI2,2027-03-30,,yes,9,,DRAFT ONLY — NOT SENT,
B,trenchbet.com,Trench Bet,support@trenchbet.com,affiliate page,https://trenchbet.com/affiliate,,Lock In Capital Ltd,ALSI-202604039-FI2,2027-04-28,,yes,3,,DRAFT ONLY — NOT SENT,
B,casinityx.com,casinityx,support@casinityx.com,affiliate page,https://casinityx.com/affiliate-programme,,3-102-942477 SRL,ALSI-202509036-FI1,2026-09-15,,yes,1,,DRAFT ONLY — NOT SENT,
B,wildroll.com,WildRoll,support@wildroll.com,affiliate page,https://wildroll.com/affiliates,,Jackpot Junction Limited,ALSI-202509011-FI1,2026-09-15,,yes,34,,DRAFT ONLY — NOT SENT,
B,dustbit.com,Dustbit,support@dustbit.com,affiliate page,https://dustbit.com/affiliate-program,Smartico,Oxilium Limited,ALSI-202509012-FI1,2026-09-15,,yes,10,,DRAFT ONLY — NOT SENT,
B,degen.com,Degen,support@degen.com,affiliate page,https://degen.com/affiliates,,Degen Legend Limitada,ALSI-202509061-FI2,2026-09-18,,yes,15,,DRAFT ONLY — NOT SENT,
B,arba777.com,Arba777,support@arba777.com,affiliate page,https://arba777.com/affiliates,,Rtech LTD,ALSI-202509056-FI2,2026-09-29,,yes,0,,DRAFT ONLY — NOT SENT,
B,casino007.com,Casino007,affiliate@casino007.com,affiliate page,https://casino007.com/partners,,3-102-942052 SRL,ALSI-202510008-FI1,2026-10-15,,yes,11,,DRAFT ONLY — NOT SENT,
B,betet77.com,Sports,support@betet77.com,affiliate page,https://betet77.com/affiliate,,GF CLUB Seven Seven Limitada,ALSI-202510016-FI1,2026-10-15,,yes,0,,DRAFT ONLY — NOT SENT,
B,zunabet.com,Zunabet.com,affiliates@zunabet.com,affiliate page,https://zunabet.com/affiliate,,Strathvale Group Ltd,ALSI-202510047-FI2,2026-10-28,,yes,21,,DRAFT ONLY — NOT SENT,
B,forzabet.live,Forza.Bet,support@forzabet.live,affiliate page,https://forzabet.live/affiliates,,BeLion International Holdings Ltd.,ALSI-202510053-FI2,2026-10-28,,yes,1,,DRAFT ONLY — NOT SENT,
B,bolt-casino.com,Bolt,contact@bolt-casino.com,affiliate page,https://bolt-casino.com/affiliate,,3-102-946302 SRL,ALSI-202512028-FI1,2026-12-21,,yes,6,,DRAFT ONLY — NOT SENT,
B,degencity.com,DegenCity,support@degencity.com,affiliate page,https://degencity.com/affiliates,,3-102-939867 Limitada,ALSI-202601025-FI1,2027-01-14,trustpilot,yes,13,,DRAFT ONLY — NOT SENT,
B,jeevybet.com,Jeevybet,support@jeevybet.com,affiliate page,https://jeevybet.com/affiliate-program,,3-102-947122 SRL,ALSI-202601034-FI1,2027-01-14,,yes,0,,DRAFT ONLY — NOT SENT,
B,betbanksy.com,Betbanksy,affiliate@betbanksy.com,affiliate page,https://betbanksy.com/affiliates,,SSA Technologies Ltd.,ALSI-202601017-FI1,2027-01-14,,yes,8,,DRAFT ONLY — NOT SENT,
B,winup.io,Winup,support@winup.io,affiliate page,https://winup.io/affiliate-program,,3-102-952740 SRL,ALSI-202601062-FI2,2027-01-30,,yes,6,,DRAFT ONLY — NOT SENT,
B,metawin.com,Metawin,affiliates@arena.com,affiliate page,https://affiliates.metawin.com,,Rivolo Limited,ALSI-202602025-FI1,2027-02-15,,yes,19,,DRAFT ONLY — NOT SENT,
B,castle.com,Castle,partners@castle.com,affiliate page,https://castle.com/affiliates,,Broken Tentacle Ltd,ALSI-202602048-FI2,2027-02-27,,yes,0,,DRAFT ONLY — NOT SENT,
B,gamealotroyale.com,Gamealotroyale,support@gamealotroyale.com,affiliate page,https://gamealotroyale.com/affiliate-programme,,3-102-954988 SRL,ALSI-202602051-FI2,2027-02-27,,yes,5,,DRAFT ONLY — NOT SENT,
B,batcasino.bet,Batcasino,support@batcasino.bet,affiliate page,https://batcasino.bet/affiliate-programme,,3-102-953033 SRL,ALSI-202602037-FI2,2027-02-27,,yes,9,,DRAFT ONLY — NOT SENT,
B,maksibet.com,Maksibet,info@maksibet.com,affiliate page,https://maksibet.com/affiliates,,3-102-939685 SRL,ALSI-202603030-FI1,2027-03-07,,yes,1,,DRAFT ONLY — NOT SENT,
B,lugarbet.com,LugarBet,support@lugarbet.com,affiliate page,https://lugarbet.com/affiliates,,3-102-951260 SRL,ALSI-202603001-FI1,2027-03-13,,yes,10,,DRAFT ONLY — NOT SENT,
B,bettogames.com,Bettogames,support@bettogames.com,affiliate page,https://partners.bettogames.com,,3-102-954365 SRL,ALSI-202603002-FI1,2027-03-13,,yes,9,,DRAFT ONLY — NOT SENT,
B,cosmoracasinos.com,Cosmoracasinos,support@cosmoracasinos.com,affiliate page,https://cosmoracasinos.com/affiliates,,3-102-958311 SRL,ALSI-202604029-FI2,2027-04-28,,yes,4,,DRAFT ONLY — NOT SENT,
B,otobet.com,Otobet,,,,,Obsidian Titan Limited,ALSI-202602052-FI2,2027-02-27,,yes,0,zlot.com slotin.com betewin.com betpublic.com starzbet.com baywin.com bycasino.com luxslot.com betira.com northwin.com jasino.com ligobet.com,DRAFT ONLY — NOT SENT,
B,betpublic.com,SoloBet AMP,,,,,Obsidian Titan Limited,ALSI-202602052-FI2,2027-02-27,,yes,0,zlot.com otobet.com slotin.com betewin.com starzbet.com baywin.com bycasino.com luxslot.com betira.com northwin.com jasino.com ligobet.com,DRAFT ONLY — NOT SENT,
B,bycasino.com,Bycasino,,,,,Obsidian Titan Limited,ALSI-202602052-FI2,2027-02-27,,yes,0,zlot.com otobet.com slotin.com betewin.com betpublic.com starzbet.com baywin.com luxslot.com betira.com northwin.com jasino.com ligobet.com,DRAFT ONLY — NOT SENT,
B,betira.com,Betira lic,,,,,Obsidian Titan Limited,ALSI-202602052-FI2,2027-02-27,,yes,0,zlot.com otobet.com slotin.com betewin.com betpublic.com starzbet.com baywin.com bycasino.com luxslot.com northwin.com jasino.com ligobet.com,DRAFT ONLY — NOT SENT,
B,northwin.com,Northwin lic,,,,,Obsidian Titan Limited,ALSI-202602052-FI2,2027-02-27,,yes,0,zlot.com otobet.com slotin.com betewin.com betpublic.com starzbet.com baywin.com bycasino.com luxslot.com betira.com jasino.com ligobet.com,DRAFT ONLY — NOT SENT,
B,solobet.com,SoloBet AMP,,,,,Obsidian Titan Limited,ALSI-202602052-FI2,2027-02-27,,yes,0,zlot.com otobet.com slotin.com betewin.com betpublic.com starzbet.com baywin.com bycasino.com luxslot.com betira.com northwin.com jasino.com,DRAFT ONLY — NOT SENT,
B,yekbet.com,Yekbet,,,,,Fortuna Digital Solutions FDS Limitada,ALSI-202509068-FI2,2026-09-29,,yes,3,ikasbet.com asyabahis.com dumanbet.com maltcasino.com olabahis.com pinbahis.com spinman.com,DRAFT ONLY — NOT SENT,
B,asyabahis.com,Asyabahis,,,,,Fortuna Digital Solutions FDS Limitada,ALSI-202509068-FI2,2026-09-29,,yes,0,yekbet.com ikasbet.com dumanbet.com maltcasino.com olabahis.com pinbahis.com spinman.com,DRAFT ONLY — NOT SENT,
B,dumanbet.com,Dumanbet,,,,,Fortuna Digital Solutions FDS Limitada,ALSI-202509068-FI2,2026-09-29,,yes,0,yekbet.com ikasbet.com asyabahis.com maltcasino.com olabahis.com pinbahis.com spinman.com,DRAFT ONLY — NOT SENT,
B,tipobet365.com,Tipobet,,,,,Galactic Infinity Ltd,ALSI-202511048-FI2,2026-11-29,,yes,0,matadorbet.com zbahis.com fixbet.com bahis.com sahabet.com betturkey.com tipobet.com,DRAFT ONLY — NOT SENT,
B,betturkey.com,Betturkey,,,,,Galactic Infinity Ltd,ALSI-202511048-FI2,2026-11-29,,yes,0,matadorbet.com zbahis.com fixbet.com bahis.com tipobet365.com sahabet.com tipobet.com,DRAFT ONLY — NOT SENT,
B,longtian.bet,LONG TIAN,,,,,U2IS Limited,ALSI-202601056-FI2,2027-01-30,,yes,2,gbjp.fun hana.asia a1slot.net oncasi.com u2is.tech winpeso.asia,DRAFT ONLY — NOT SENT,
B,oncasi.com,ONCASI 最新ゲーム搭載オンカジ,,,,,U2IS Limited,ALSI-202601056-FI2,2027-01-30,,yes,0,gbjp.fun hana.asia longtian.bet a1slot.net u2is.tech winpeso.asia,DRAFT ONLY — NOT SENT,
B,a1slot.net,A1slot,,,,,U2IS Limited,ALSI-202601056-FI2,2027-01-30,,yes,4,gbjp.fun hana.asia longtian.bet oncasi.com u2is.tech winpeso.asia,DRAFT ONLY — NOT SENT,
B,bizbet.io,Bizbet,,,,,Gameway Global LLC,ALSI-202511025-FI2,2026-11-29,,yes,1,africa-bizbet.com bizbet.mobi bizbet-biz.com mn-bizbet.io bizbet-au.com,DRAFT ONLY — NOT SENT,
B,bizbet-au.com,BizBet,,,,,Gameway Global LLC,ALSI-202511025-FI2,2026-11-29,,yes,1,africa-bizbet.com bizbet.mobi bizbet-biz.com bizbet.io mn-bizbet.io,DRAFT ONLY — NOT SENT,
B,artcasino.io,ArtCasino.io,,,,,Wild Blackfin Limited SRL,ALSI-202601043-FI2,2027-01-30,"askgamblers, casinoguru",yes,24,betcrush.com casinoorca.com wett-bet.com lumibet.com winspin.ai,DRAFT ONLY — NOT SENT,
B,casinoorca.com,Casinoorca,,,,,Wild Blackfin Limited SRL,ALSI-202601043-FI2,2027-01-30,"askgamblers, casinoguru",yes,24,artcasino.io betcrush.com wett-bet.com lumibet.com winspin.ai,DRAFT ONLY — NOT SENT,
B,wett-bet.com,WETT BET,,,,,Wild Blackfin Limited SRL,ALSI-202601043-FI2,2027-01-30,,yes,3,artcasino.io betcrush.com casinoorca.com lumibet.com winspin.ai,DRAFT ONLY — NOT SENT,
B,lumibet.com,LumiBet,,,,,Wild Blackfin Limited SRL,ALSI-202601043-FI2,2027-01-30,,yes,0,artcasino.io betcrush.com casinoorca.com wett-bet.com winspin.ai,DRAFT ONLY — NOT SENT,
B,winspin.ai,WinSpin,,,,,Wild Blackfin Limited SRL,ALSI-202601043-FI2,2027-01-30,"askgamblers, casinoguru",yes,25,artcasino.io betcrush.com casinoorca.com wett-bet.com lumibet.com,DRAFT ONLY — NOT SENT,
B,betcrush.com,Betcrush,,,,,Wild Blackfin Limited SRL,ALSI-202601043-FI2,2027-01-30,,yes,26,artcasino.io casinoorca.com wett-bet.com lumibet.com winspin.ai,DRAFT ONLY — NOT SENT,
B,howzitcasino.com,Howzit.com,,,,,RegalTech Solutions Limitada,ALSI-202602046-FI2,2027-02-27,,yes,0,lt.com letou.com mrcat.com vwin.com,DRAFT ONLY — NOT SENT,
B,mrcat.com,Mrcat,,,,,RegalTech Solutions Limitada,ALSI-202602046-FI2,2027-02-27,,yes,2,howzitcasino.com lt.com letou.com vwin.com,DRAFT ONLY — NOT SENT,
B,trendbet.com,Trendbet,,,,,Maltech Ltd,ALSI-202603007-FI1,2027-03-13,,yes,0,betixir.com capitolbet.com taksimbet.com parobet.com,DRAFT ONLY — NOT SENT,
B,parobet.com,Parobet,,,,,Maltech Ltd,ALSI-202603007-FI1,2027-03-13,,yes,0,betixir.com capitolbet.com trendbet.com taksimbet.com,DRAFT ONLY — NOT SENT,
B,cryptobosscasino.com,CryptoBoss,,,,,3-102-937046 SRL,ALSI-202509033-FI1,2026-09-15,,yes,12,unlimcasino.com casinohype.com aufcasino.com,DRAFT ONLY — NOT SENT,
B,unlimcasino.com,Unlim казино официальный сайт,,,,,3-102-937046 SRL,ALSI-202509033-FI1,2026-09-15,,yes,21,cryptobosscasino.com casinohype.com aufcasino.com,DRAFT ONLY — NOT SENT,
B,casinohype.com,Hype казино официальный сайт,,,,,3-102-937046 SRL,ALSI-202509033-FI1,2026-09-15,,yes,21,cryptobosscasino.com unlimcasino.com aufcasino.com,DRAFT ONLY — NOT SENT,
B,aufcasino.com,Auf казино официальный сайт,,,,,3-102-937046 SRL,ALSI-202509033-FI1,2026-09-15,,yes,20,cryptobosscasino.com unlimcasino.com casinohype.com,DRAFT ONLY — NOT SENT,
B,winbitcasino.com,winbitcasino,,,,,MOONSEEKER SRL,ALSI-202509006-FI1,2026-09-15,,yes,25,vegazcasino.com mondcasino.com casinostars.io,DRAFT ONLY — NOT SENT,
B,bogartcasino.ag,Bogart,,,,,International Radical Investment Ltd,ALSI-202509042-FI1,2027-09-15,,yes,0,betphoenix.ag skybook.ag betmania.ag,DRAFT ONLY — NOT SENT,
B,mondcasino.com,Mond,,,,,MOONSEEKER SRL,ALSI-202509006-FI1,2026-09-15,"askgamblers, casinoguru",yes,24,winbitcasino.com vegazcasino.com casinostars.io,DRAFT ONLY — NOT SENT,
B,casinostars.io,CasinoStars,,,,,MOONSEEKER SRL,ALSI-202509006-FI1,2026-09-15,"askgamblers, casinoguru",yes,24,winbitcasino.com vegazcasino.com mondcasino.com,DRAFT ONLY — NOT SENT,
B,betmania.ag,Betmania,,,,,International Radical Investment Ltd,ALSI-202509042-FI1,2027-09-15,,yes,1,betphoenix.ag bogartcasino.ag skybook.ag,DRAFT ONLY — NOT SENT,
B,majorx.game,MajorX,,,,,Ay Information Technology LTD,ALSI-202511017-FI1,2026-11-14,,yes,4,minorx.game grandx.game minix.game,DRAFT ONLY — NOT SENT,
B,minorx.game,MinorX,,,,,Ay Information Technology LTD,ALSI-202511017-FI1,2026-11-14,,yes,4,majorx.game grandx.game minix.game,DRAFT ONLY — NOT SENT,
B,grandx.game,GrandX,,,,,Ay Information Technology LTD,ALSI-202511017-FI1,2026-11-14,,yes,4,majorx.game minorx.game minix.game,DRAFT ONLY — NOT SENT,
B,minix.game,MiniX,,,,,Ay Information Technology LTD,ALSI-202511017-FI1,2026-11-14,,yes,4,majorx.game minorx.game grandx.game,DRAFT ONLY — NOT SENT,
B,avrupabet.com,Avrupa nın En Büyük,,,,,Real Tech Ltd,ALSI-202601013-FI1,2027-01-14,,yes,1,ustabet.com betmarino.com rekorbet.com,DRAFT ONLY — NOT SENT,
B,celtabet.com,Celtabet Türkiye,,,,,3-102-952681 SRL,ALSI-202603008-FI1,2027-03-13,,yes,0,zumabet.com lord.casino parmabet.com,DRAFT ONLY — NOT SENT,
B,parmabet.com,Parmabet,,,,,3-102-952681 SRL,ALSI-202603008-FI1,2027-03-13,,yes,0,celtabet.com zumabet.com lord.casino,DRAFT ONLY — NOT SENT,
B,sportsduel.com,Sports Duel,,,,,Kitsilano Limitada,ALSI-202508065-FI2,2026-08-28,,yes,0,betanic.com squadduel.com,DRAFT ONLY — NOT SENT,
B,squadduel.com,Squad Duel,,,,,Kitsilano Limitada,ALSI-202508065-FI2,2026-08-28,,yes,0,betanic.com sportsduel.com,DRAFT ONLY — NOT SENT,
B,betanic.com,Games,,,,,Kitsilano Limitada,ALSI-202508065-FI2,2026-08-28,,yes,0,sportsduel.com squadduel.com,DRAFT ONLY — NOT SENT,
B,questjack.com,Questjack,,,,,QuestJack Ltd,ALSI-202508055-FI2,2026-08-28,,yes,0,tibiablackjack.com tibiadice.com,DRAFT ONLY — NOT SENT,
B,tibiablackjack.com,Tibiablackjack,,,,,QuestJack Ltd,ALSI-202508055-FI2,2026-08-28,,yes,0,questjack.com tibiadice.com,DRAFT ONLY — NOT SENT,
B,sierra.casino,Sierra,,,,,Mirella Ltd,ALSI-202509009-FI1,2026-09-15,,yes,24,jokertipp.com altaris.casino,DRAFT ONLY — NOT SENT,
B,olipsbet.com,Olipsbet,,,,,Evoluxia Limitada,ALSI-202510013-FI1,2026-10-15,,yes,0,elipsbet.com jupitercryptox.com,DRAFT ONLY — NOT SENT,
B,freespinz.com,Freespinz,,,,,Pacific Odds SRL,ALSI-202510032-FI1,2026-10-15,,yes,9,ebete.com freespinz.casino,DRAFT ONLY — NOT SENT,
B,erc20play.com,Erc20Play,,,,,Fortune HUB OÜ,ALSI-202512031-FI1,2026-12-21,,yes,0,fortunehub.io trc20play.com,DRAFT ONLY — NOT SENT,
B,tycoonwin.com,Tycoon,,,,,3-102-950476 LIMITADA,ALSI-202602013-FI1,2027-02-15,,yes,22,ampm.casino spingreen.casino,DRAFT ONLY — NOT SENT,
B,xbagh.casino,xBagh,,,,,Ingrex Tech LTD,ALSI-202602050-FI2,2027-02-27,,yes,22,kheli.bet tengri.casino,DRAFT ONLY — NOT SENT,
B,egebet.com,Egebet Web Sitesi,,,,,3-102-947593 SRL,ALSI-202603005-FI1,2027-03-13,,yes,0,hotslot.com slotio.com,DRAFT ONLY — NOT SENT,
B,parolambet.com,Loading,,,,,3-102-952932 SRL,ALSI-202604027-FI2,2027-04-28,,yes,7,casshiva.com donebets.com,DRAFT ONLY — NOT SENT,
B,spin.io,Spin.io,,,,,FunGame LLC,ALSI-202508063-FI2,2026-08-28,,yes,4,betbeast.com,DRAFT ONLY — NOT SENT,
B,betbeast.com,BetBeast,,,,,FunGame LLC,ALSI-202508063-FI2,2026-08-28,,yes,34,spin.io,DRAFT ONLY — NOT SENT,
B,juegojoker.com,JuegoJoker,,,,,Nova Code Limitada,ALSI-202508064-FI2,2026-08-28,,yes,15,tucasino.lat,DRAFT ONLY — NOT SENT,
B,grbets.com,Grbets Adresi,,,,,Eagle Nobility LTD,ALSI-202509017-FI1,2026-09-15,,yes,0,acarbet.com,DRAFT ONLY — NOT SENT,
B,acarbet.com,Acarbet Adresi,,,,,Eagle Nobility LTD,ALSI-202509017-FI1,2026-09-15,,yes,0,grbets.com,DRAFT ONLY — NOT SENT,
B,cryptogaming.com,CryptoGaming,,,,,Digital Chain Ventures SRL,ALSI-202509004-FI1,2026-09-15,,yes,0,cooked.com,DRAFT ONLY — NOT SENT,
B,spassino.com,Spassino,,,,,Total Unlimited Marketing Ltd,ALSI-202509001-FI1,2026-09-15,trustpilot,yes,0,funbahis.com,DRAFT ONLY — NOT SENT,
B,zenobet.com,Zenobet,,,,,Zenobet Ltd,ALSI-202509034-FI1,2026-09-15,,yes,0,zenobet.gg,DRAFT ONLY — NOT SENT,
B,zenobet.gg,Zenobet,,,,,Zenobet Ltd,ALSI-202509034-FI1,2026-09-15,,yes,1,zenobet.com,DRAFT ONLY — NOT SENT,
B,madcasino.org,Mad,,,,,3-102-938906 SRL,ALSI-202510009-FI1,2026-10-15,,yes,22,mad.casino,DRAFT ONLY — NOT SENT,
B,mad.casino,Mad,,,,,3-102-938906 SRL,ALSI-202510009-FI1,2026-10-15,,yes,22,madcasino.org,DRAFT ONLY — NOT SENT,
B,g4mbit.com,G4mbit,,,,,CONDOOR V.P. LIMITED,ALSI-202510026-FI1,2026-10-15,,yes,5,caposino.com,DRAFT ONLY — NOT SENT,
B,lavbet.co,LavBet,,,,,Lavbet Limitada,ALSI-202510027-FI1,2026-10-15,,yes,3,lavbet.com,DRAFT ONLY — NOT SENT,
B,lavbet.com,LavBet,,,,,Lavbet Limitada,ALSI-202510027-FI1,2026-10-15,,yes,2,lavbet.co,DRAFT ONLY — NOT SENT,
B,k1.game,K1 Game,,,,,3-102-938908 SRL,ALSI-202511053-FI2,2026-11-29,,yes,0,bollygame.com,DRAFT ONLY — NOT SENT,
B,lv33.com,LV33,,,,,3-102-945737 SRL,ALSI-202511032-FI2,2026-11-29,,yes,1,lv33.io,DRAFT ONLY — NOT SENT,
B,lv33.io,LV33,,,,,3-102-945737 SRL,ALSI-202511032-FI2,2026-11-29,,yes,1,lv33.com,DRAFT ONLY — NOT SENT,
B,xprobet.com,Xprobet,,,,,3-102-946386 SRL,ALSI-202512003-FI1,2026-12-14,,yes,14,aryanbet.com,DRAFT ONLY — NOT SENT,
B,gangabet.mx,GANGABET Apuestas y,,,,,OW Internacional Ltd,ALSI-202512013-FI1,2026-12-14,,yes,4,bufonbet.com,DRAFT ONLY — NOT SENT,
B,spinrain.com,SpinRain,,,,,IsleSoft Lab Ltd.,ALSI-202601011-FI1,2027-01-14,,yes,2,slotbaba.com,DRAFT ONLY — NOT SENT,
B,stradabet.com,Stradabet,,,,,Luxora Interactive Limited,ALSI-202601032-FI1,2027-01-14,,yes,0,hojabet.com,DRAFT ONLY — NOT SENT,
B,roulo.gg,Roulo,,,,,Roulo Interactive Games LLC,ALSI-202602053-FI2,2027-02-15,,yes,6,roulobets.com,DRAFT ONLY — NOT SENT,
B,qqpk.com,QQPK,,,,,QQPOKER Technology Limited,ALSI-202603009-FI1,2027-03-13,,yes,0,qqpk.poker,DRAFT ONLY — NOT SENT,
B,normal-game.com,Normal Game,,,,,3-102-950813 LIMITADA,ALSI-202603038-FI2,2027-03-30,,yes,15,normal.game,DRAFT ONLY — NOT SENT,
B,normal.game,Normal,,,,,3-102-950813 LIMITADA,ALSI-202603038-FI2,2027-03-30,,yes,17,normal-game.com,DRAFT ONLY — NOT SENT,
B,jackpot88.io,Jackpot88,,,,,3-102-950412 LIMITADA,ALSI-202603036-FI2,2027-03-30,,yes,17,jp88.io,DRAFT ONLY — NOT SENT,
B,jp88.io,Jp88,,,,,3-102-950412 LIMITADA,ALSI-202603036-FI2,2027-03-30,,yes,17,jackpot88.io,DRAFT ONLY — NOT SENT,
B,10x10bet.com,TEN by TEN BET 10x10bet,,,,,Normanhouse LTD,ALSI-202603050-FI2,2027-03-30,,yes,0,10x10.bet,DRAFT ONLY — NOT SENT,
B,10x10.bet,Home,,,,,Normanhouse LTD,ALSI-202603050-FI2,2027-03-30,,yes,1,10x10bet.com,DRAFT ONLY — NOT SENT,
B,keyzino.com,Keyzino,,,,,Dexbay Ltd,ALSI-202604033-FI2,2027-04-28,,yes,4,stepsino.com,DRAFT ONLY — NOT SENT,
B,stepsino.com,Stepsino,,,,,Dexbay Ltd,ALSI-202604033-FI2,2027-04-28,,yes,4,keyzino.com,DRAFT ONLY — NOT SENT,
B,vamoplay.com,Vamo Play,,,,,3-102-938326 SRL,ALSI-202508062-FI2,2026-08-28,,yes,0,,DRAFT ONLY — NOT SENT,
B,greatslots.com,Great,,,,,BrightSky Ltd,ALSI-202508057-FI2,2026-08-28,,yes,12,,DRAFT ONLY — NOT SENT,
B,betmonks.com,Betmonks,,,,,Gamerly Holding Ltd,ALSI-202508059-FI2,2026-08-28,,yes,22,,DRAFT ONLY — NOT SENT,
B,betitor.com,Betitor,,,,,3-102-941073 SRL,ALSI-202509018-FI1,2026-09-15,,yes,11,,DRAFT ONLY — NOT SENT,
B,dadastake.com,Dadastake,,,,,Fortaluna Ltd,ALSI-202509045-FI1,2026-09-15,,yes,14,,DRAFT ONLY — NOT SENT,
B,kikabet.com,Kikabet,,,,,Blackwave Ltd.,ALSI-202509019-FI1,2026-09-15,,yes,9,,DRAFT ONLY — NOT SENT,
B,gameside.io,Gameside,,,,,Final Whistle Ltd,ALSI-202509022-FI1,2026-09-15,,yes,0,,DRAFT ONLY — NOT SENT,
B,anubet.com,AnuBet,,,,,Hexiro Ltd,ALSI-202509043-FI1,2026-09-15,,yes,16,,DRAFT ONLY — NOT SENT,
B,7red.com,7Red.com Online,,,,,Red Ace Limited,ALSI-202509030-FI1,2026-09-15,,yes,0,,DRAFT ONLY — NOT SENT,
B,warriorbet.io,Warriorbet,,,,,3-102-938960 SRL,ALSI-202509057-FI2,2026-09-29,,yes,0,,DRAFT ONLY — NOT SENT,
B,tucanbit.io,TucanBit,,,,,3-102-940901 SRL,ALSI-202509055-FI2,2026-09-29,,yes,0,,DRAFT ONLY — NOT SENT,
B,megasino.win,Megasino,,,,,Karthala Ventures Ltd,ALSI-202510014-FI1,2026-10-08,,yes,20,,DRAFT ONLY — NOT SENT,
B,welvura1.com,Welvura,,,,,3-102-943707 SRL,ALSI-202510019-FI1,2026-10-15,,yes,1,,DRAFT ONLY — NOT SENT,
B,imperia.bet,IMPERIABET,,,,,3-102-939877 SRL,ALSI-202510024-FI1,2026-10-15,,yes,11,,DRAFT ONLY — NOT SENT,
B,americaloto.com,Jogue America Loto,,,,,Lucky AML Ltd,ALSI-202510001-FI1,2026-10-15,,yes,0,,DRAFT ONLY — NOT SENT,
B,case-battle.com,Case,,,,,MILLENNIUM LIMITED,ALSI-202510003-FI1,2026-10-15,,yes,0,,DRAFT ONLY — NOT SENT,
B,chance.net,Chance,,,,,Chance Ltd,ALSI-202510039-FI2,2026-10-26,,yes,0,,DRAFT ONLY — NOT SENT,
B,buffalo-casino.com,BUFFALO,,,,,3-102-945833 SRL,ALSI-202510062-FI2,2026-10-28,,yes,16,,DRAFT ONLY — NOT SENT,
B,coolt.casino,Сoolt,,,,,Nuveau Ltd,ALSI-202510045-FI2,2026-10-28,,yes,1,,DRAFT ONLY — NOT SENT,
B,tomcasino.net,Tomcasino,,,,,3-102-941391 SRL,ALSI-202511019-FI1,2026-11-14,,yes,23,,DRAFT ONLY — NOT SENT,
B,dicey.com,Play,,,,,3-102-943011 SRL,ALSI-202511054-FI2,2026-11-29,,yes,9,,DRAFT ONLY — NOT SENT,
B,8win.com.my,8win,,,,,3-102-946565 SRL,ALSI-202511031-FI2,2026-11-29,,yes,0,,DRAFT ONLY — NOT SENT,
B,surewin168.com,sureWin,,,,,3-102-948637 SRL,ALSI-202511046-FI2,2026-11-29,,yes,1,,DRAFT ONLY — NOT SENT,
B,bet502.com,Bet502,,,,,Netsolution Holding Ltd.,ALSI-202511057-FI2,2026-11-29,,yes,23,,DRAFT ONLY — NOT SENT,
B,kktcbet.com,Ana Sayfa,,,,,Nicosia Betting Ltd,ALSI-202512025-FI1,2026-12-14,,yes,0,,DRAFT ONLY — NOT SENT,
B,vegabro.com,VegaBro,,,,,Vega Technologies Holding Limited,ALSI-202512019-FI1,2026-12-14,,yes,15,,DRAFT ONLY — NOT SENT,
B,lukkly.com,LUKKLY,,,,,Nexluck Ltd,ALSI-202512012-FI1,2026-12-14,askgamblers,yes,19,,DRAFT ONLY — NOT SENT,
B,cs2skin.com,CS2SKIN,,,,,3-102-946905 SRL,ALSI-202512033-FI1,2026-12-21,,yes,0,,DRAFT ONLY — NOT SENT,
B,tubetrd.com,TuBetRD,,,,,3-102-948797 SRL,ALSI-202512037-FI1,2026-12-21,,yes,0,,DRAFT ONLY — NOT SENT,
B,scattr.com,SCATTR,,,,,Triglyph Technologies Ltd,ALSI-202512039-FI1,2026-12-21,,yes,0,,DRAFT ONLY — NOT SENT,
B,wilderbet.com,Wilderbet,,,,,VitaCore Limited,ALSI-202512038-FI1,2026-12-21,,yes,12,,DRAFT ONLY — NOT SENT,
B,leclubbet.com,LeClubBet,,,,,LeClub Bet Ltd,ALSI-202601019-FI1,2027-01-14,,yes,0,,DRAFT ONLY — NOT SENT,
B,crash2x.com,Crash2x,,,,,Meta Jack Inc.,ALSI-202601024-FI1,2027-01-14,,yes,7,,DRAFT ONLY — NOT SENT,
B,artemisbet.com,Artemisbet,,,,,Star Moss Ltd,ALSI-202601004-FI1,2027-01-14,,yes,0,,DRAFT ONLY — NOT SENT,
B,winro.io,Winro,,,,,August Gaming Ltd,ALSI-202601039-FI2,2027-01-23,,yes,23,,DRAFT ONLY — NOT SENT,
B,sweatbet.io,Sweatbet,,,,,3-102-944260 SRL,ALSI-202601052-FI2,2027-01-30,,yes,0,,DRAFT ONLY — NOT SENT,
B,like.casino,LikeCasino,,,,,3-102-948639 SRL,ALSI-202601050-FI2,2027-01-30,,yes,18,,DRAFT ONLY — NOT SENT,
B,moon.com,Moon,,,,,Moon International Ltd,ALSI-202601063-FI2,2027-01-30,,yes,0,,DRAFT ONLY — NOT SENT,
B,roketbahis.com,Oyun Zamanı,,,,,Laulani Investment Ltd,ALSI-202601057-FI2,2027-01-30,,yes,0,,DRAFT ONLY — NOT SENT,
B,gameslots.com,GameSlots,,,,,Solid X Ltd,ALSI-202602002-FI1,2027-01-31,,yes,0,,DRAFT ONLY — NOT SENT,
B,betoriz.com,Betoriz lic,,,,,Kingslayer Entertainment Ltd,ALSI-202602006-FI1,2027-02-05,,yes,0,,DRAFT ONLY — NOT SENT,
B,nolimit.com,Nolimit,,,,,Fuego Mediatech Ltd,ALSI-202602003-FI1,2027-02-05,,yes,1,,DRAFT ONLY — NOT SENT,
B,pokerjoker.com,Pokerjoker,,,,,PJK Trading Ltd,ALSI-202602001-FI1,2027-02-15,,yes,0,,DRAFT ONLY — NOT SENT,
B,sportifpro.com,SportifPro,,,,,Ameriserv LLC,ALSI-202602034-FI2,2027-02-27,,yes,0,,DRAFT ONLY — NOT SENT,
B,craze.casino,Craze,,,,,Gridline Limited,ALSI-202602036-FI2,2027-02-27,,yes,17,,DRAFT ONLY — NOT SENT,
B,slotzula.com,Slotzula,,,,,Rambo Corp Limited,ALSI-202603015-FI1,2027-03-13,,yes,11,,DRAFT ONLY — NOT SENT,
B,pokerclubhub.com,Play & Host Online Poker Clubs,,,,,3-102-953867 SRL,ALSI-202604005-FI1,2027-04-13,,yes,0,,DRAFT ONLY — NOT SENT,
B,10x.win,Home 10xwin,,,,,Vantage Crest Ltd,ALSI-202603058-FI2,2027-03-30,,yes,0,,DRAFT ONLY — NOT SENT,
B,mybc.game,MYBC,,,,,AceQueen Limited,ALSI-202604006-FI1,2027-04-13,,yes,10,,DRAFT ONLY — NOT SENT,
B,hellocasino.io,HelloCasino,,,,,3-102-940372 SRL,ALSI-202604020-FI2,2027-04-28,,yes,0,,DRAFT ONLY — NOT SENT,
B,kranz.top,Kranz Top,,,,,3-102-952153 SRL,ALSI-202604024-FI2,2027-04-28,,yes,0,,DRAFT ONLY — NOT SENT,
B,reeljoy.com,Reeljoy,,,,,3-102-952820 SRL,ALSI-202604026-FI2,2027-04-28,,yes,14,,DRAFT ONLY — NOT SENT,
B,legenddrop.com,LegendDrop,,,,,Legenddrop Ltd,ALSI-202604012-FI1,2027-04-13,,yes,0,,DRAFT ONLY — NOT SENT,
B,ganare.com,Ganare,,,,,Born Champion Entertainment Ltd,ALSI-202604031-FI2,2027-04-28,,yes,0,,DRAFT ONLY — NOT SENT,
B,interwin.com,Interwin,,,,,3-102-959230 SRL,ALSI-202604030-FI2,2027-04-28,,yes,5,,DRAFT ONLY — NOT SENT,
B,playandpredict.io,Play and Predict,,,,,Blackmere Ltd,ALSI-202605032-FI1,2027-05-10,,yes,0,,DRAFT ONLY — NOT SENT,
B,star.gg,STAR.GG,,,,,Skyborn Limited,ALSI-202605021-FI1,2027-05-14,,yes,0,,DRAFT ONLY — NOT SENT,
B,hype247.bet,Hype247,,,,,One Crane Studio Ltd,ALSI-202604043-FI2,2027-04-28,,yes,9,,DRAFT ONLY — NOT SENT,
C,fixbet.com,Fixbet,destek@fixbet.com,contact page,,,Galactic Infinity Ltd,ALSI-202511048-FI2,2026-11-29,,no,0,matadorbet.com zbahis.com bahis.com tipobet365.com sahabet.com betturkey.com tipobet.com,DRAFT ONLY — NOT SENT,
C,levabet.com,LevaBet,affiliate@levabet.com,affiliate page,https://levabet.com/affiliate,,Mistletoe Ltd,ALSI-202508061-FI2,2026-08-28,,no,31,matixbet.com betpir.com kuzeycasino.com evetabi.com,DRAFT ONLY — NOT SENT,
C,betpir.com,Betpir,affiliate@betpir.com,contact page,,,Mistletoe Ltd,ALSI-202508061-FI2,2026-08-28,,no,36,levabet.com matixbet.com kuzeycasino.com evetabi.com,DRAFT ONLY — NOT SENT,
C,matixbet.com,MatixBet,affiliate@matixbet.com,affiliate page,https://matixbet.com/affiliate,,Mistletoe Ltd,ALSI-202508061-FI2,2026-08-28,,no,31,levabet.com betpir.com kuzeycasino.com evetabi.com,DRAFT ONLY — NOT SENT,
C,ustabet.com,Ustabet,support@ustabet.com,affiliate page,https://ustabet.com/affiliate,,Real Tech Ltd,ALSI-202601013-FI1,2027-01-14,,no,0,betmarino.com avrupabet.com rekorbet.com,DRAFT ONLY — NOT SENT,
C,betbeto.com,Betbeto,support@betbeto.com,affiliate page,https://betbeto.com/affiliates,,Capitanos Games Ltd,ALSI-202509071-FI2,2026-09-29,,no,0,bhaicasino.com cwinz.com bluebetz.com,DRAFT ONLY — NOT SENT,
C,betmarino.com,Betmarino,chupurnov@gmail.com,affiliate page,https://affiliates.betmarino.com,,Real Tech Ltd,ALSI-202601013-FI1,2027-01-14,,no,3,ustabet.com avrupabet.com rekorbet.com,DRAFT ONLY — NOT SENT,
C,fortunehub.io,Fortune HUB,support@fortunehub.io,contact page,,,Fortune HUB OÜ,ALSI-202512031-FI1,2026-12-21,,no,0,trc20play.com erc20play.com,DRAFT ONLY — NOT SENT,
C,betsmove.com,Betsmove,support@betsmove.com,contact page,,,Vesaro Limited,ALSI-202604046-FI2,2027-04-28,,no,0,matbet.com elitcasino.com,DRAFT ONLY — NOT SENT,
C,betfal.com,Home,info@betfal.com,contact page,,,Anzal Ltd,ALSI-202510004-FI1,2026-10-15,,no,0,369wins.com,DRAFT ONLY — NOT SENT,
C,caposino.com,Caposino,support@mangodorado.com,contact page,,,CONDOOR V.P. LIMITED,ALSI-202510026-FI1,2026-10-15,,no,3,g4mbit.com,DRAFT ONLY — NOT SENT,
C,slotbaba.com,Slotbaba Official,info@slotbaba.com,contact page,,,IsleSoft Lab Ltd.,ALSI-202601011-FI1,2027-01-14,,no,0,spinrain.com,DRAFT ONLY — NOT SENT,
C,oxy.casino,OXY,support@oxy.casino,contact page,,,Spiritus Limited,ALSI-202603056-FI2,2027-03-30,,no,14,fenixbet.online,DRAFT ONLY — NOT SENT,
C,tonplay.com,Tonplay,info.partners@tonplay.com,affiliate page,https://tonplay.com/partners,,Galaxy Byte Lab SRL,ALSI-202508040-FI2,2026-08-28,,no,24,godsgame.casino,DRAFT ONLY — NOT SENT,
C,booty.casino,Booty,support@booty.casino,affiliate page,https://booty.casino/affiliates,,BMGruppe Ltd,ALSI-202510020-FI1,2026-10-15,,no,13,casinocrypto.io,DRAFT ONLY — NOT SENT,
C,casinocrypto.io,CasinoCrypto,affiliates@casinocrypto.io,affiliate page,https://affiliates.casinocrypto.io,,BMGruppe Ltd,ALSI-202510020-FI1,2026-10-15,,no,21,booty.casino,DRAFT ONLY — NOT SENT,
C,gold.casino,Gold,admin@gold.casino,affiliate page,https://gold.casino/affiliates,,3-102-944744 SRL,ALSI-202510061-FI2,2026-10-28,,no,14,gold24x7.com,DRAFT ONLY — NOT SENT,
C,robobet.com,Robobet,info@robobet.com,affiliate page,https://partners.robobet.com,,Aurevia Digital Ventures Ltd,ALSI-202510058-FI2,2026-10-28,,no,7,playbet.io,DRAFT ONLY — NOT SENT,
C,richevoslot.com,RICHEVO,support@game.com,contact page,,,Nuvorich Limited,ALSI-202509053-FI2,2026-09-29,,no,0,,DRAFT ONLY — NOT SENT,
C,phonix.casino,Phonix,help@phonix.casino,contact page,,,3-102-939892 SRL,ALSI-202510006-FI1,2026-10-15,,no,17,,DRAFT ONLY — NOT SENT,
C,loonieplay.com,loonieplay.com,info@loonieplay.com,affiliate page,https://loonieplay.com/partnership,,Kingside Push Ltd,ALSI-202509025-FI1,2026-09-15,,no,0,,DRAFT ONLY — NOT SENT,
C,spinay.com,Spinay,support@spinay.com,contact page,,,Oranox Ltd,ALSI-202601012-FI1,2027-01-14,,no,19,,DRAFT ONLY — NOT SENT,
C,graildraw.com,GrailDraw,you@email.com,contact page,,,Grail Technologies Ltd.,ALSI-202512005-FI1,2026-12-14,,no,0,,DRAFT ONLY — NOT SENT,
C,redslot.com,Access Restricted,support@redslot.com,contact page,,,3-102-953088 SRL,ALSI-202603040-FI2,2027-03-30,,no,0,,DRAFT ONLY — NOT SENT,
C,vegasking.io,Vegasking,support@dragoon.dev,contact page,,,Royal Edge Holdings Limited,ALSI-202604013-FI1,2027-04-13,,no,8,,DRAFT ONLY — NOT SENT,
C,slapperzz.com,Slapperzz,support@slapperzz.com,affiliate page,https://slapperzz.com/affiliate-program,,3-102-942611 SRL,ALSI-202509041-FI1,2026-09-15,,no,17,,DRAFT ONLY — NOT SENT,
C,riskiiit.com,riskiiit,support@riskiiit.com,affiliate page,https://riskiiit.com/affiliates,,Overcooked Entertainment Ltd.,ALSI-202511044-FI2,2026-11-29,,no,1,,DRAFT ONLY — NOT SENT,
C,hyperwin.org,Hyperwin,support@hyperwin.org,affiliate page,https://hyperwin.org/affiliates,,3-102-948725 SRL,ALSI-202512016-FI1,2026-12-14,,no,2,,DRAFT ONLY — NOT SENT,
C,ibitplay.com,air1bet,support@air1bet.com,affiliate page,https://ibitplay.com/affiliate,,Coderstuff Ltd.,ALSI-202601029-FI1,2027-01-14,,no,0,,DRAFT ONLY — NOT SENT,
C,cola.com,Cola.com,cola@gmail.com,affiliate page,https://cola.com/partners,,Desert Star Limited,ALSI-202602041-FI2,2027-02-27,,no,1,,DRAFT ONLY — NOT SENT,
C,enomocasino.com,Еномо Казино,support@enomocasino.com,affiliate page,https://enomocasino.com/tr/affiliates,,3-102-944179 SRL,ALSI-202603016-FI1,2027-02-28,,no,30,,DRAFT ONLY — NOT SENT,
C,mollydice.com,Mollydice,support@mollydice.com,affiliate page,https://mollydice.com/affiliate,,Satoshi Labs Ltd,ALSI-202605020-FI1,2027-05-14,,no,0,,DRAFT ONLY — NOT SENT,
C,betewin.com,Betewin Adresi,,,,,Obsidian Titan Limited,ALSI-202602052-FI2,2027-02-27,,no,0,zlot.com otobet.com slotin.com betpublic.com starzbet.com baywin.com bycasino.com luxslot.com betira.com northwin.com jasino.com ligobet.com,DRAFT ONLY — NOT SENT,
C,jasino.com,Jasino,,,,,Obsidian Titan Limited,ALSI-202602052-FI2,2027-02-27,,no,0,zlot.com otobet.com slotin.com betewin.com betpublic.com starzbet.com baywin.com bycasino.com luxslot.com betira.com northwin.com ligobet.com,DRAFT ONLY — NOT SENT,
C,olabahis.com,Olabahis,,,,,Fortuna Digital Solutions FDS Limitada,ALSI-202509068-FI2,2026-09-29,,no,0,yekbet.com ikasbet.com asyabahis.com dumanbet.com maltcasino.com pinbahis.com spinman.com,DRAFT ONLY — NOT SENT,
C,bahis.com,Bahis,,,,,Galactic Infinity Ltd,ALSI-202511048-FI2,2026-11-29,,no,0,matadorbet.com zbahis.com fixbet.com tipobet365.com sahabet.com betturkey.com tipobet.com,DRAFT ONLY — NOT SENT,
C,sahabet.com,Sahabet,,,,,Galactic Infinity Ltd,ALSI-202511048-FI2,2026-11-29,,no,0,matadorbet.com zbahis.com fixbet.com bahis.com tipobet365.com betturkey.com tipobet.com,DRAFT ONLY — NOT SENT,
C,partybet.app,Partybet,,,,,On Read SRL,ALSI-202508060-FI2,2026-08-28,,no,0,partybet.ai partybet.bot partybet.casino partybet.fun partybet.social partybet.win,DRAFT ONLY — NOT SENT,
C,winpeso.asia,Winpeso,,,,,U2IS Limited,ALSI-202601056-FI2,2027-01-30,,no,2,gbjp.fun hana.asia longtian.bet a1slot.net oncasi.com u2is.tech,DRAFT ONLY — NOT SENT,
C,mn-bizbet.io,BizBet Mongolia,,,,,Gameway Global LLC,ALSI-202511025-FI2,2026-11-29,,no,1,africa-bizbet.com bizbet.mobi bizbet-biz.com bizbet.io bizbet-au.com,DRAFT ONLY — NOT SENT,
C,kuzeycasino.com,nginx,,,,,Mistletoe Ltd,ALSI-202508061-FI2,2026-08-28,,no,0,levabet.com matixbet.com betpir.com evetabi.com,DRAFT ONLY — NOT SENT,
C,betixir.com,Betixir,,,,,Maltech Ltd,ALSI-202603007-FI1,2027-03-13,,no,1,capitolbet.com trendbet.com taksimbet.com parobet.com,DRAFT ONLY — NOT SENT,
C,capitolbet.com,Capitolbet,,,,,Maltech Ltd,ALSI-202603007-FI1,2027-03-13,,no,1,betixir.com trendbet.com taksimbet.com parobet.com,DRAFT ONLY — NOT SENT,
C,taksimbet.com,Taksimbet,,,,,Maltech Ltd,ALSI-202603007-FI1,2027-03-13,,no,1,betixir.com capitolbet.com trendbet.com parobet.com,DRAFT ONLY — NOT SENT,
C,skybook.ag,Skybook,,,,,International Radical Investment Ltd,ALSI-202509042-FI1,2027-09-15,,no,1,betphoenix.ag bogartcasino.ag betmania.ag,DRAFT ONLY — NOT SENT,
C,haydicasino.com,Haydicasino Adresi Güncellendi,,,,,Nowplatform Ltd.,ALSI-202509021-Fll,2026-09-15,,no,0,meritwin.com yasalbahis.com volacasino.com,DRAFT ONLY — NOT SENT,
C,bahizz.com,Bahizz,,,,,High Gaming IT Services Limited,ALSI-202603023-FI1,2027-03-13,trustpilot,no,0,pk8.com wpk.com wepoker.com,DRAFT ONLY — NOT SENT,
C,tibiadice.com,Tibia Dice,,,,,QuestJack Ltd,ALSI-202508055-FI2,2026-08-28,,no,0,questjack.com tibiablackjack.com,DRAFT ONLY — NOT SENT,
C,elipsbet.com,ElipsBet,,,,,Evoluxia Limitada,ALSI-202510013-FI1,2026-10-15,,no,0,jupitercryptox.com olipsbet.com,DRAFT ONLY — NOT SENT,
C,ebete.com,Ebete,,,,,Pacific Odds SRL,ALSI-202510032-FI1,2026-10-15,,no,0,freespinz.com freespinz.casino,DRAFT ONLY — NOT SENT,
C,ssplaywin.club,SSExchange,,,,,3-102-942786 SRL,ALSI-202512001-FI1,2026-11-30,,no,0,ssexch.io satfair.in,DRAFT ONLY — NOT SENT,
C,ssexch.io,SSExchange,,,,,3-102-942786 SRL,ALSI-202512001-FI1,2026-11-30,,no,0,ssplaywin.club satfair.in,DRAFT ONLY — NOT SENT,
C,satfair.in,Sportsexch,,,,,3-102-942786 SRL,ALSI-202512001-FI1,2026-11-30,,no,1,ssplaywin.club ssexch.io,DRAFT ONLY — NOT SENT,
C,kavbet.com,Kavbet,,,,,3-102-949697 SRL,ALSI-202602021-FI1,2027-02-15,,no,0,mavibet.com nakitbahis.com,DRAFT ONLY — NOT SENT,
C,mavibet.com,Mavibet,,,,,3-102-949697 SRL,ALSI-202602021-FI1,2027-02-15,,no,0,kavbet.com nakitbahis.com,DRAFT ONLY — NOT SENT,
C,nakitbahis.com,Nakitbahis,,,,,3-102-949697 SRL,ALSI-202602021-FI1,2027-02-15,,no,0,kavbet.com mavibet.com,DRAFT ONLY — NOT SENT,
C,spingreen.casino,SpinGreen,,,,,3-102-950476 LIMITADA,ALSI-202602013-FI1,2027-02-15,,no,0,ampm.casino tycoonwin.com,DRAFT ONLY — NOT SENT,
C,ampm.casino,Ampm,,,,,3-102-950476 LIMITADA,ALSI-202602013-FI1,2027-02-15,,no,0,spingreen.casino tycoonwin.com,DRAFT ONLY — NOT SENT,
C,kheli.bet,Kheli,,,,,Ingrex Tech LTD,ALSI-202602050-FI2,2027-02-27,,no,3,xbagh.casino tengri.casino,DRAFT ONLY — NOT SENT,
C,tengri.casino,tengri,,,,,Ingrex Tech LTD,ALSI-202602050-FI2,2027-02-27,,no,0,kheli.bet xbagh.casino,DRAFT ONLY — NOT SENT,
C,hotslot.com,Hotslot Site,,,,,3-102-947593 SRL,ALSI-202603005-FI1,2027-03-13,,no,0,egebet.com slotio.com,DRAFT ONLY — NOT SENT,
C,slotio.com,Slotio,,,,,3-102-947593 SRL,ALSI-202603005-FI1,2027-03-13,,no,0,hotslot.com egebet.com,DRAFT ONLY — NOT SENT,
C,casshiva.com,Loading,,,,,3-102-952932 SRL,ALSI-202604027-FI2,2027-04-28,,no,7,parolambet.com donebets.com,DRAFT ONLY — NOT SENT,
C,donebets.com,Loading,,,,,3-102-952932 SRL,ALSI-202604027-FI2,2027-04-28,,no,5,casshiva.com parolambet.com,DRAFT ONLY — NOT SENT,
C,matbet.com,Matbet,,,,,Vesaro Limited,ALSI-202604046-FI2,2027-04-28,,no,5,betsmove.com elitcasino.com,DRAFT ONLY — NOT SENT,
C,elitcasino.com,Elitcasino,,,,,Vesaro Limited,ALSI-202604046-FI2,2027-04-28,,no,0,betsmove.com matbet.com,DRAFT ONLY — NOT SENT,
C,80bet.com,80벳,,,,,88gaming B.V.,ALSI-202508037-FI1,2026-08-19,,no,3,bet16.com,DRAFT ONLY — NOT SENT,
C,bet16.com,벳16,,,,,88gaming B.V.,ALSI-202508037-FI1,2026-08-19,,no,3,80bet.com,DRAFT ONLY — NOT SENT,
C,acespinz.com,Hello There,,,,,Flashpot Ltd,ALSI-202508053-FI2,2026-08-28,,no,0,slash.bet,DRAFT ONLY — NOT SENT,
C,slash.bet,Hello There,,,,,Flashpot Ltd,ALSI-202508053-FI2,2026-08-28,,no,0,acespinz.com,DRAFT ONLY — NOT SENT,
C,tucasino.lat,TuCasino,,,,,Nova Code Limitada,ALSI-202508064-FI2,2026-08-28,,no,14,juegojoker.com,DRAFT ONLY — NOT SENT,
C,funbahis.com,Funbahis,,,,,Total Unlimited Marketing Ltd,ALSI-202509001-FI1,2026-09-15,,no,4,spassino.com,DRAFT ONLY — NOT SENT,
C,huhubet.com,Huhubet,,,,,3-102-946540 SRL,ALSI-202511024-FI2,2026-11-29,,no,1,blockdag.co,DRAFT ONLY — NOT SENT,
C,bufonbet.com,GANGABET Apuestas y,,,,,OW Internacional Ltd,ALSI-202512013-FI1,2026-12-14,,no,4,gangabet.mx,DRAFT ONLY — NOT SENT,
C,spin-betz.com,Spin Betz,,,,,Diamante Tech Ltd,ALSI-202601003-FI1,2027-01-04,,no,0,theluckyspinz.com,DRAFT ONLY — NOT SENT,
C,theluckyspinz.com,Theluckyspinz,,,,,Diamante Tech Ltd,ALSI-202601003-FI1,2027-01-04,,no,0,spin-betz.com,DRAFT ONLY — NOT SENT,
C,hojabet.com,Redirecting,,,,,Luxora Interactive Limited,ALSI-202601032-FI1,2027-01-14,,no,0,stradabet.com,DRAFT ONLY — NOT SENT,
C,quokkasino.com,Quokkasino,,,,,GBO ASSETS LTD,ALSI-202601061-FI2,2027-01-30,,no,0,goldante.com,DRAFT ONLY — NOT SENT,
C,time4bets.com,Time4Bets,,,,,AWSLO Limited,ALSI-202603024-FI1,2027-03-02,,no,0,gooobet.com,DRAFT ONLY — NOT SENT,
C,liqd.com,LIQD,,,,,LIQD LTD,ALSI-202603048-FI2,2027-03-30,,no,0,liqd.gg,DRAFT ONLY — NOT SENT,
C,liqd.gg,LIQD,,,,,LIQD LTD,ALSI-202603048-FI2,2027-03-30,,no,0,liqd.com,DRAFT ONLY — NOT SENT,
C,oktop.mx,OKTOP.MX,,,,,Novaspin Network Ltd,ALSI-202603051-FI2,2027-03-30,,no,0,tau777.mx,DRAFT ONLY — NOT SENT,
C,bet303.com,Bet303,,,,,Play Fortune Entertainment Ltd,ALSI-202603053-FI2,2027-03-30,,no,0,bet808.com,DRAFT ONLY — NOT SENT,
C,stakevegas.com,Stake Vegas,,,,,PlayTrust Ltd,ALSI-202604044-FI2,2027-04-28,,no,0,stakevegas.net,DRAFT ONLY — NOT SENT,
C,1xbetanj.com,1xbetanj,,,,,PRAECUS LLC,ALSI-202508048-FI2,2026-09-28,,no,0,,DRAFT ONLY — NOT SENT,
C,xypoker1.com,Xypoker1,,,,,3-102-938312 SRL,ALSI-202509050-FI1,2026-09-11,,no,0,,DRAFT ONLY — NOT SENT,
C,flush.com,Flush Crypto,,,,,Fordegens Limitada,ALSI-202509008-FI1,2026-09-02,,no,5,,DRAFT ONLY — NOT SENT,
C,goldenclovercasino.com,Golden Clover,,,,,PC Play365 Ltd,ALSI-202509016-FI1,2026-09-15,,no,0,,DRAFT ONLY — NOT SENT,
C,maxxcric.com,Exchange,,,,,Rich Able Developments Limited,ALSI-202510012-FI1,2026-10-15,,no,1,,DRAFT ONLY — NOT SENT,
C,bkmwin.com,BkmWin,,,,,Asoftgame Limited,ALSI-202510043-FI2,2026-10-28,,no,1,,DRAFT ONLY — NOT SENT,
C,u.game,Loading,,,,,Aurora Soft Ltd,ALSI-202510044-FI2,2026-10-28,,no,0,,DRAFT ONLY — NOT SENT,
C,linebetglobal.com,Linebet,,,,,Savoska LLC,ALSI-202510056-FI2,2026-10-28,,no,0,,DRAFT ONLY — NOT SENT,
C,lasbet486.com,라스벳,,,,,Qos Entertainment Ltd,ALSI-202511007-FI1,2026-11-06,,no,0,,DRAFT ONLY — NOT SENT,
C,rumwin.com,Rumwin,,,,,3-102-939534 SRL,ALSI-202511010-FI1,2026-11-07,,no,0,,DRAFT ONLY — NOT SENT,
C,angelspin.com,Angelspin,,,,,Fruitopia Limited,ALSI-202511011-FI1,2026-11-14,,no,0,,DRAFT ONLY — NOT SENT,
C,rooksbet.com,Rooksbet,,,,,Prontogabriela SRL,ALSI-202511020-FI1,2026-11-14,,no,0,,DRAFT ONLY — NOT SENT,
C,flex2bet.com,porkbun.com,,,,,Bright Entertainment Inc,ALSI-202511026-FI2,2026-11-18,,no,0,,DRAFT ONLY — NOT SENT,
C,blockchain.poker,Blockchain Poker,,,,,Highcard Software SRL,ALSI-202511029-FI2,2026-11-29,,no,0,,DRAFT ONLY — NOT SENT,
C,lebull.com,Lebull,,,,,3-102-945060 SRL,ALSI-202512018-FI1,2026-12-14,,no,19,,DRAFT ONLY — NOT SENT,
C,ohmywin.com,Nuevo Alojamiento,,,,,Liberty Walk Ltd,ALSI-202601002-FI1,2027-01-04,,no,0,,DRAFT ONLY — NOT SENT,
C,regal.casino,Hello There,,,,,Zenorix Limited,ALSI-202601037-FI1,2027-01-21,,no,0,,DRAFT ONLY — NOT SENT,
C,peakbet.io,Hello There,,,,,3-102-949997 SRL,ALSI-202601049-FI2,2027-01-30,,no,0,,DRAFT ONLY — NOT SENT,
C,wildwin.io,Hello There,,,,,3-102-950481 Limitada,ALSI-202601048-FI2,2027-01-30,,no,0,,DRAFT ONLY — NOT SENT,
C,fixa.casino,Переход на новый сайт,,,,,FX Solutions Ltd,ALSI-202601058-FI2,2027-01-30,,no,4,,DRAFT ONLY — NOT SENT,
C,appleicasino.com,AppleiCasino,,,,,AIC Enterprises LLC,ALSI-202602038-FI2,2027-02-27,,no,8,,DRAFT ONLY — NOT SENT,
C,betss.com,Betss,,,,,Ceylonite Ltd,ALSI-202603025-FI1,2027-03-13,,no,0,,DRAFT ONLY — NOT SENT,
C,betfuze.com,Betfuze,,,,,BET Fusion Ltd,ALSI-202603042-FI2,2027-03-30,,no,4,,DRAFT ONLY — NOT SENT,
C,solstake.tv,Solstake.tv,,,,,SOLSTART LTD,ALSI-202603055-FI2,2027-03-30,,no,0,,DRAFT ONLY — NOT SENT,
C,rolly.info,Platform,,,,,3-102-954977 SRL,ALSI-202604001-FI1,2027-04-13,,no,0,,DRAFT ONLY — NOT SENT,
C,placebet.partners,Place.bet Partners,,,,,3-102-959375 SRL,ALSI-202604017-FI1,2027-04-13,,no,0,,DRAFT ONLY — NOT SENT,
C,2k.bet,2KBet,,,,,2K Services Ltd,ALSI-202604019-FI2,2027-04-28,,no,0,,DRAFT ONLY — NOT SENT,
C,gorillacasinos.com,Gorilla,,,,,Luminous Interactive Solutions Ltd,ALSI-202604040-FI2,2027-04-28,,no,4,,DRAFT ONLY — NOT SENT,
C,sinbet.co.com,Sinbet,,,,,GK INTERACTIVE LTD,ALSI-202604035-FI2,2027-04-28,,no,4,,DRAFT ONLY — NOT SENT,
C,degenta.com,Degenta,,,,,Thornwick Ltd,ALSI-202605028-FI1,2027-05-10,,no,0,,DRAFT ONLY — NOT SENT,
