domain,brand,operator,platform,confidence,evidence_host
enomocasino.com,🎰 Еномо Казино,3-102-944179 SRL,A8R / launcher,inferred,cdn.launcher.a8r.games
gameside.io,Gameside,Final Whistle Ltd,A8R / launcher,inferred,cdn.launcher.a8r.games
lavbet.co,LavBet,Lavbet Limitada,A8R / launcher,inferred,cdn.launcher.a8r.games
lavbet.com,LavBet,Lavbet Limitada,A8R / launcher,inferred,cdn.launcher.a8r.games
narniaslots.com,NarniaSlots,Narnium Solutions Ltd,A8R / launcher,inferred,cdn.launcher.a8r.games
narniumcasino.com,NarniumCasino,Narnium Solutions Ltd,A8R / launcher,inferred,cdn.launcher.a8r.games
narniumslots.com,NarniumSlots,Narnium Solutions Ltd,A8R / launcher,inferred,cdn.launcher.a8r.games
playbet.io,Online Crypto Casino & Sportsbook,Aurevia Digital Ventures Ltd,A8R / launcher,inferred,cdn.launcher.a8r.games
betbeast.com,BetBeast,FunGame LLC,Altenar,named,sb2integration-altenar2.biahosted.com
10x.win,Home / 10xwin,Vantage Crest Ltd,BetConstruct,named,geoapi.bcapps.net
10x10.bet,Home,Normanhouse LTD,BetConstruct,named,geoapi.bcapps.net
10x10bet.com,TEN by TEN BET / 10x10bet,Normanhouse LTD,BetConstruct,named,geoapi2.bcapps.net
369wins.com,Betting website,Anzal Ltd,BetConstruct,named,geoapi2.bcapps.org
80bet.com,80벳,88gaming B.V.,BetConstruct,named,go.cmsbetconstruct.com
alphabet79.com,알파벳/ALPHABET / Alphabet,Silverline Source Ltd,BetConstruct,named,geoapi2.bcapps.net
avrupabet.com,Avrupa’nın En Büyük Bahis Sitesi,Real Tech Ltd,BetConstruct,named,bc-status.betconstruct.workers.dev
bet10bet.com,Bet10bet,Riotorto Digital LTD,BetConstruct,named,bc-status.betconstruct.workers.dev
bet16.com,벳16,88gaming B.V.,BetConstruct,named,go.cmsbetconstruct.com
bet303.com,Bet303,Play Fortune Entertainment Ltd,BetConstruct,named,bc-status.betconstruct.workers.dev
bet808.com,Betting website,Play Fortune Entertainment Ltd,BetConstruct,named,bc-status.betconstruct.workers.dev
betfal.com,Home,Anzal Ltd,BetConstruct,named,geoapi.bcapps.net
betlike.com,Betting website,Riotorto Digital LTD,BetConstruct,named,bc-status.betconstruct.workers.dev
betmarino.com,Betmarino,Real Tech Ltd,BetConstruct,named,bc-status.betconstruct.workers.dev
betticket.com,Betting website,Riotorto Digital LTD,BetConstruct,named,bc-status.betconstruct.workers.dev
bhaicasino.com,BhaiCasino,Capitanos Games Ltd,BetConstruct,named,icons.cmsbetconstruct.com
bluebetz.com,Bluebetz,Capitanos Games Ltd,BetConstruct,named,go.cmsbetconstruct.com
celtabet.com,Celtabet Türkiye,3-102-952681 SRL,BetConstruct,named,bc-status.betconstruct.workers.dev
cwinz.com,Cwinz Online Casino,Capitanos Games Ltd,BetConstruct,named,bc-status.betconstruct.workers.dev
elipsbet.com,ElipsBet,Evoluxia Limitada,BetConstruct,named,bc-status.betconstruct.workers.dev
grandbetting.com,Grandbetting,Riotorto Digital LTD,BetConstruct,named,bc-status.betconstruct.workers.dev
hellocasino.io,HelloCasino,3-102-940372 SRL,BetConstruct,named,bc-status.betconstruct.workers.dev
huhubet.com,Huhubet,3-102-946540 SRL,BetConstruct,named,bc-status.betconstruct.workers.dev
kktcbet.com,Ana Sayfa,Nicosia Betting Ltd,BetConstruct,named,geoapi.bcapps.net
lasbet486.com,라스벳,Qos Entertainment Ltd,BetConstruct,named,geoapi.bcapps.net
maksibet.com,Online Casino ve Spor Bahisleri,3-102-939685 SRL,BetConstruct,named,bc-status.betconstruct.workers.dev
olipsbet.com,Olipsbet,Evoluxia Limitada,BetConstruct,named,bc-status.betconstruct.workers.dev
parmabet.com,Parmabet,3-102-952681 SRL,BetConstruct,named,bc-status.betconstruct.workers.dev
parobet.com,Parobet,Maltech Ltd,BetConstruct,named,bc-status.betconstruct.workers.dev
queenbet.com,Queenbet,Riotorto Digital LTD,BetConstruct,named,bc-status.betconstruct.workers.dev
roketbahis.com,Oyun Zamanı!,Laulani Investment Ltd,BetConstruct,named,bc-status.betconstruct.workers.dev
sportifpro.com,SportifPro,Ameriserv LLC,BetConstruct,named,go.cmsbetconstruct.com
time4bets.com,Betting website,AWSLO Limited,BetConstruct,named,bc-status.betconstruct.workers.dev
trendbet.com,Trendbet,Maltech Ltd,BetConstruct,named,bc-status.betconstruct.workers.dev
yekbet.com,Yekbet,Fortuna Digital Solutions FDS Limitada,BetConstruct,named,bc-status.betconstruct.workers.dev
betss.com,Betss,Ceylonite Ltd,EveryMatrix,named,static.everymatrix.com
1xbetanj.com,1xbetanj,PRAECUS LLC,Slotegrator,inferred,v3.traincdn.com
africa-bizbet.com,BizBet Africa Official Website,Gameway Global LLC,Slotegrator,inferred,v3.traincdn.com
bizbet-au.com,BizBet,Gameway Global LLC,Slotegrator,inferred,v3.traincdn.com
bizbet-biz.com,Online bookmaker in Egypt,Gameway Global LLC,Slotegrator,inferred,v3.traincdn.com
bizbet.io,Bizbet Login,Gameway Global LLC,Slotegrator,inferred,v3.traincdn.com
bizbet.mobi,BizBet Africa Official Website,Gameway Global LLC,Slotegrator,inferred,v2gc.traincdn.com
gooobet.com,Gooobet,AWSLO Limited,Slotegrator,inferred,v3.traincdn.com
linebetglobal.com,Linebet,Savoska LLC,Slotegrator,inferred,v3.traincdn.com
luckypari.com,Luckypari,Lunex LLC,Slotegrator,inferred,v3.traincdn.com
luckypari.net,Luckypari,Lunex LLC,Slotegrator,inferred,v3.traincdn.com
luckypari.org,Luckypari,Lunex LLC,Slotegrator,inferred,v3.traincdn.com
mn-bizbet.io,BizBet Mongolia,Gameway Global LLC,Slotegrator,inferred,v2gc.traincdn.com
pariland.com,Pariland,3-102-952738 SRL,Slotegrator,inferred,v3.traincdn.com
21bit.com,21bit Casino NZ,Novatrix SRL,SoftSwiss,named,cdn.softswiss.net
betpir.com,Betpir,Mistletoe Ltd,SoftSwiss,named,cdn.softswiss.net
degencity.com,DegenCity Casino,3-102-939867 Limitada,SoftSwiss,named,cdn.softswiss.net
spinman.com,Spinman,Fortuna Digital Solutions FDS Limitada,SoftSwiss,named,cdn.softswiss.net
betibet.com,Betibet,Novatrix SRL,s7s platform,inferred,sentry-sportsbook.s7s.ai
betoranje.com,Betoranje,3-102-937541 SRL,s7s platform,inferred,sentry-sportsbook.s7s.ai
luckyelfcasino.com,Lucky Elf Casino,Metlait SRL,s7s platform,inferred,payments-lib.cdn.s7s.ai
spinsamurai.com,Spin Samurai Casino Canada,Novatrix SRL,s7s platform,inferred,payments-lib.cdn.s7s.ai
voodoo.casino,Voodoo,Novatrix SRL,s7s platform,inferred,payments-lib.cdn.s7s.ai
1winbets.pro,Temporary Auth,3-102-947042 SRL,,,
2k.bet,2KBet,2K Services Ltd,,,
7red.com,7Red.com Online,Red Ace Limited,,,
8win.com.my,8win,3-102-946565 SRL,,,
a1slot.net,A1slot,U2IS Limited,,,
acarbet.com,Acarbet Resmi Giriş Adresi,Eagle Nobility LTD,,,
acespinz.com,Hello There!,Flashpot Ltd,,,
admiralshark.best,Admiral Shark Casino,3-102-940828 SRL,,,
afrislots.net,AfriSlots,Juicecraft Limited,,,
aldex.win,Aldex Win,Aldex Win Ltd,,,
altaris.casino,403 Forbidden,Mirella Ltd,,,
americaloto.com,Jogue America Loto,Lucky AML Ltd,,,
ampm.casino,Ampm,3-102-950476 LIMITADA,,,
angelspin.com,Angelspin,Fruitopia Limited,,,
anubet.com,AnuBet,Hexiro Ltd,,,
appleicasino.com,AppleiCasino,AIC Enterprises LLC,,,
arba777.com,Arba777,Rtech LTD,,,
artcasino.io,ArtCasino.io,Wild Blackfin Limited SRL,,,
artemisbet.com,Artemisbet,Star Moss Ltd,,,
aryanbet.com,Aryanbet,3-102-946386 SRL,,,
asyabahis.com,Asyabahis,Fortuna Digital Solutions FDS Limitada,,,
aufcasino.com,Auf казино официальный сайт,3-102-937046 SRL,,,
azizistake.com,AZIZIStake,AZIZI GLOBAL GROUP INC,,,
bahis.com,Bahis.com,Galactic Infinity Ltd,,,
bahizz.com,Bahizz,High Gaming IT Services Limited,,,
bananzia.com,403,Win Top Ltd,,,
batcasino.bet,Batcasino,3-102-953033 SRL,,,
baywin.com,Baywin,Obsidian Titan Limited,,,
bet502.com,Bet502,Netsolution Holding Ltd.,,,
betabc.io,betabc,3-102-952781 SRL,,,
betanic.com,Games,Kitsilano Limitada,,,
betbanksy.com,Betbanksy,SSA Technologies Ltd.,,,
betbeto.com,Betbeto,Capitanos Games Ltd,,,
betcrush.com,Betcrush Casino,Wild Blackfin Limited SRL,,,
betet77.com,Sports Betting & Online Casino,GF CLUB Seven Seven Limitada,,,
betewin.com,Betewin Güncel Giriş Adresi 2025,Obsidian Titan Limited,,,
betfuze.com,Betfuze,BET Fusion Ltd,,,
betida.com,BETIDA,Betida Entertainment Ltd,,,
betira.com,Betira lic,Obsidian Titan Limited,,,
betitor.com,Betitor,3-102-941073 SRL,,,
betixir.com,Betixir,Maltech Ltd,,,
betlexo.com,Default Landing Page,Fortuna Dynamics Ltd,,,
betmania.ag,Betmania,International Radical Investment Ltd,,,
betmica.com,403,Win Top Ltd,,,
betmonks.com,Betmonks,Gamerly Holding Ltd,,,
betoriz.com,Betoriz lic,Kingslayer Entertainment Ltd,,,
betphoenix.ag,Betphoenix,International Radical Investment Ltd,,,
betpublic.com,SoloBet AMP,Obsidian Titan Limited,,,
betsmove.com,Betsmove,Vesaro Limited,,,
bettogames.com,Bettogames,3-102-954365 SRL,,,
betturkey.com,Betturkey,Galactic Infinity Ltd,,,
betum.com,Mobile Casino & Sports Betting,Pulsiora Ltd,,,
bkmwin.com,BkmWin,Asoftgame Limited,,,
blockchain.poker,Blockchain Poker,Highcard Software SRL,,,
blockdag.co,BlockDAG,3-102-946540 SRL,,,
bogartcasino.ag,Bogart Casino,International Radical Investment Ltd,,,
bollygame.com,Bolly Game,3-102-938908 SRL,,,
bolt-casino.com,Bolt Casino,3-102-946302 SRL,,,
booty.casino,Booty,BMGruppe Ltd,,,
buff.gg,BUFF.gg,3-102-954785 LIMITADA,,,
buffalo-casino.com,BUFFALO,3-102-945833 SRL,,,
bufonbet.com,GANGABET Apuestas y Casino Online,OW Internacional Ltd,,,
bycasino.com,Bycasino,Obsidian Titan Limited,,,
capitolbet.com,Capitolbet,Maltech Ltd,,,
caposino.com,...,CONDOOR V.P. LIMITED,,,
case-battle.com,Case,MILLENNIUM LIMITED,,,
casigood.best,Casigood Casino,3-102-940828 SRL,,,
casinityx.com,casinityx,3-102-942477 SRL,,,
casino007.com,Casino 007,3-102-942052 SRL,,,
casinocrypto.io,CasinoCrypto,BMGruppe Ltd,,,
casinohype.com,Hype казино официальный сайт,3-102-937046 SRL,,,
casinoorca.com,Casino Orca,Wild Blackfin Limited SRL,,,
casinostars.io,CasinoStars,MOONSEEKER SRL,,,
casiroom.best,Site unavailable,3-102-940828 SRL,,,
casshiva.com,Loading...,3-102-952932 SRL,,,
castle.com,Castle,Broken Tentacle Ltd,,,
cat2bet.com,Cat2Bet,Terravista Entertainment Ltd,,,
chance.net,Chance,Chance Ltd,,,
chillireels.best,Chilli Reels Casino,3-102-940828 SRL,,,
clockfortune.best,FortuneClock Casino,3-102-940828 SRL,,,
cola.com,Cola.com,Desert Star Limited,,,
cooked.com,Cooked Casino,Digital Chain Ventures SRL,,,
coolt.casino,Сoolt Casino Online,Nuveau Ltd,,,
cosmoracasinos.com,Cosmoracasinos,3-102-958311 SRL,,,
crash2x.com,Crash2x Casino,Meta Jack Inc.,,,
craze.casino,Craze Casino,Gridline Limited,,,
cryptobosscasino.com,CryptoBoss,3-102-937046 SRL,,,
cryptogaming.com,CryptoGaming,Digital Chain Ventures SRL,,,
cs2skin.com,CS2SKIN,3-102-946905 SRL,,,
dadastake.com,Dadastake Casino,Fortaluna Ltd,,,
dailyluck.com,Daily Luck Casino,3-102-940828 SRL,,,
daytonaspin.com,Forbidden,Win Top Ltd,,,
degen.com,Degen,Degen Legend Limitada,,,
degenta.com,Degenta,Thornwick Ltd,,,
dicey.com,Play Casino Games with Bitcoin & Crypto,3-102-943011 SRL,,,
dodobet.com,Dodobet global,Obsidian Titan Limited,,,
donebets.com,Loading...,3-102-952932 SRL,,,
drazze.casino,Drazze,Drazze Limited,,,
drazzewin.com,Drazze,Drazze Limited,,,
duffspin.com,Forbidden,Win Top Ltd,,,
dumanbet.com,Dumanbet,Fortuna Digital Solutions FDS Limitada,,,
dustbet.io,DustBet<!,Anklebone Limited,,,
dustbit.com,Dustbit,Oxilium Limited,,,
ebete.com,Ebete,Pacific Odds SRL,,,
egebet.com,Egebet Resmi Web Sitesi,3-102-947593 SRL,,,
elitcasino.com,Elitcasino,Vesaro Limited,,,
elvisluck.net,ElvisLuck Casino,Juicecraft Limited,,,
erc20play.com,Casino Platform,Fortune HUB OÜ,,,
euphoriawins.best,Euphoria Wins Casino,3-102-940828 SRL,,,
evetabi.com,EvetAbi,Mistletoe Ltd,,,
ezbet.com,EZBET 이지벳,Brightshore Solutions Ltd,,,
ezcash.casino,EZCASH,EZCS Solutions Ltd,,,
fancyreels.best,Fancy Reels Casino,3-102-940828 SRL,,,
fatbets.com,Gamdom,Fatbets Ltd,,,
fenixbet.online,FenixBet,Spiritus Limited,,,
fixa.casino,Переход на новый сайт,FX Solutions Ltd,,,
fixbet.com,Fixbet Bahis ve Casino Sitesi,Galactic Infinity Ltd,,,
flex2bet.com,porkbun.com,Bright Entertainment Inc,,,
flush.com,Flush Crypto Casino,Fordegens Limitada,,,
flush.io,Flush.io,Purple Dragon Ltd.,,,
fortislots.com,Fortislots,3-102-945845 SRL,,,
fortunehub.io,Fortune HUB,Fortune HUB OÜ,,,
forzabet.live,Forza.Bet,BeLion International Holdings Ltd.,,,
freespinz.com,Freespinz,Pacific Odds SRL,,,
frogbet.com,Sign in ・ Cloudflare Access,3-102-940062 SRL,,,
fruitychance.best,Restricted country,3-102-940828 SRL,,,
fuegos.bet,Fuegos,Fuego Ltd,,,
funbahis.com,Funbahis,Total Unlimited Marketing Ltd,,,
funbet.me,Funbet,3-102-938581 Limitada,,,
funbet888.me,Funbet,3-102-938581 Limitada,,,
g4mbit.com,G4mbit,CONDOOR V.P. LIMITED,,,
gamblit.net,Gamblit,3-102-954785 LIMITADA,,,
gamealotroyale.com,Gamealotroyale,3-102-954988 SRL,,,
gameslots.com,GameSlots,Solid X Ltd,,,
gamwiz.com,Gamwiz,Gamwiz Inc,,,
ganamega.net,GanaMega Casino,Juicecraft Limited,,,
ganare.com,Ganare,Born Champion Entertainment Ltd,,,
gangabet.mx,GANGABET Apuestas y Casino Online,OW Internacional Ltd,,,
garrisonbet.com,Access Forbidden,Win Top Ltd,,,
gbetplay.net,Gbet Casino,Juicecraft Limited,,,
gbjp.fun,Gbjp,U2IS Limited,,,
getwin.online,Getwin,3-102-945845 SRL,,,
godsgame.casino,Temporary Auth,Galaxy Byte Lab SRL,,,
gold.casino,Gold Casino,3-102-944744 SRL,,,
gold24x7.com,Gold Casino,3-102-944744 SRL,,,
goldante.com,Gold Ante,GBO ASSETS LTD,,,
goldenclovercasino.com,Golden Clover Casino,PC Play365 Ltd,,,
gorillacasinos.com,Gorilla Casino,Luminous Interactive Solutions Ltd,,,
graildraw.com,GrailDraw,Grail Technologies Ltd.,,,
grandx.game,GrandX,Ay Information Technology LTD,,,
grbets.com,Grbets Resmi Giriş Adresi,Eagle Nobility LTD,,,
greatslots.com,Great Slot,BrightSky Ltd,,,
grizzly.online,Casino Grizzly,GC Service Group Ltd,,,
grizzly.win,Casino Grizzly,GC Service Group Ltd,,,
hahaspin.com,403,Win Top Ltd,,,
hana.asia,Hana,U2IS Limited,,,
haydicasino.com,Haydicasino Giriş Adresi Güncellendi,Nowplatform Ltd.,,,
heavybet.com,403,Win Top Ltd,,,
hit.com,HIT,Novarex Media Ltd,,,
hojabet.com,Redirecting...,Luxora Interactive Limited,,,
hotslot.com,Hotslot Resmi Site,3-102-947593 SRL,,,
howzitcasino.com,Howzit.com,RegalTech Solutions Limitada,,,
hype247.bet,Hype247,One Crane Studio Ltd,,,
hyperoll.com,Hyperoll Crypto Casino,Quantum House Ltd,,,
hyperwin.org,Hyperwin,3-102-948725 SRL,,,
ibitplay.com,air1bet,Coderstuff Ltd.,,,
ikasbet.com,Ikasbet,Fortuna Digital Solutions FDS Limitada,,,
ilove.casino,403,EXENTIA LTD,,,
imperia.bet,IMPERIABET,3-102-939877 SRL,,,
inky.bet,An error occurred,3-102-937541 SRL,,,
interwin.com,Interwin,3-102-959230 SRL,,,
j8de.io,J8DE,3-102-937610 SRL,,,
jackpot88.io,Jackpot88,3-102-950412 LIMITADA,,,
jasino.com,Jasino,Obsidian Titan Limited,,,
jeevybet.com,Jeevybet,3-102-947122 SRL,,,
jimmywinner.best,Jimmy Winner Casino,3-102-940828 SRL,,,
jogpix.com,Under maintenance,Summer Spins Ltd,,,
jokertipp.com,Joker Tipp Casino,Mirella Ltd,,,
jp88.io,Jp88,3-102-950412 LIMITADA,,,
juegojoker.com,JuegoJoker,Nova Code Limitada,,,
k1.game,K1 Game,3-102-938908 SRL,,,
kavbet.com,Kavbet,3-102-949697 SRL,,,
keyzino.com,Keyzino,Dexbay Ltd,,,
kheli.bet,Kheli,Ingrex Tech LTD,,,
kikabet.com,Kikabet,Blackwave Ltd.,,,
kirabet.com,Kira.Bet,Arkevia Group Ltd,,,
kranz.top,Kranz Top,3-102-952153 SRL,,,
kush.casino,Kush,3-102-937610 SRL,,,
kuzeycasino.com,Welcome to nginx!,Mistletoe Ltd,,,
lbspins.best,LB Spins Casino,3-102-940828 SRL,,,
lebull.com,Lebull,3-102-945060 SRL,,,
leclubbet.com,LeClubBet,LeClub Bet Ltd,,,
legenddrop.com,LegendDrop,Legenddrop Ltd,,,
letou.com,Letou,RegalTech Solutions Limitada,,,
levabet.com,LevaBet,Mistletoe Ltd,,,
levelupcasino.com,LevelUp Casino,Novatrix SRL,,,
ligobet.com,Ligobet,Obsidian Titan Limited,,,
like.casino,LikeCasino,3-102-948639 SRL,,,
liqd.com,LIQD,LIQD LTD,,,
liqd.gg,LIQD,LIQD LTD,,,
longtian.bet,LONG TIAN,U2IS Limited,,,
loonieplay.com,loonieplay.com,Kingside Push Ltd,,,
lord.casino,Lord,3-102-952681 SRL,,,
lt.com,Lt,RegalTech Solutions Limitada,,,
luckyclash.io,Early Access,Prime Entertainment Ltd,,,
luckycrew.com,403,Win Top Ltd,,,
luckyspy.com,Lucky Spy Casino,Solidplay Group Limitada,,,
lugarbet.com,LugarBet,3-102-951260 SRL,,,
lukkly.com,LUKKLY Casino,Nexluck Ltd,,,
lumibet.com,LumiBet,Wild Blackfin Limited SRL,,,
luminous.casino,Luminous,LuminousCompany Ltd.,,,
luxslot.com,Luxslot lic,Obsidian Titan Limited,,,
lv33.com,LV33,3-102-945737 SRL,,,
lv33.io,LV33,3-102-945737 SRL,,,
mad.casino,Mad Casino официальный сайт,3-102-938906 SRL,,,
madcasino.org,Mad Casino официальный сайт,3-102-938906 SRL,,,
magicreels.best,Magic Reels Casino,3-102-940828 SRL,,,
majorx.game,MajorX,Ay Information Technology LTD,,,
maltcasino.com,MaltCasino,Fortuna Digital Solutions FDS Limitada,,,
matadorbet.com,Matadorbet ⚡️ Matadorbet Giriş 2026 ⚡️,Galactic Infinity Ltd,,,
matbet.com,Matbet,Vesaro Limited,,,
matixbet.com,MatixBet,Mistletoe Ltd,,,
mavibet.com,Mavibet,3-102-949697 SRL,,,
maximumcasino.best,Maximum Casino,3-102-940828 SRL,,,
maxxcric.com,Exchange,Rich Able Developments Limited,,,
maxxed.io,Azure Static Web Apps,Obsidian Ventures Limited,,,
megapot.io,Megapot,Megapot Inc,,,
megasino.win,Megasino,Karthala Ventures Ltd,,,
meritwin.com,Meritwin,Nowplatform Ltd.,,,
metawin.com,Metawin,Rivolo Limited,,,
minix.game,MiniX,Ay Information Technology LTD,,,
minorx.game,MinorX,Ay Information Technology LTD,,,
misterxcasino.best,MisterX Casino,3-102-940828 SRL,,,
molcasino.com,Mol.Casino,Arkevia Group Ltd,,,
mollydice.com,Mollydice,Satoshi Labs Ltd,,,
mondcasino.com,Mond Casino,MOONSEEKER SRL,,,
moon.com,Moon,Moon International Ltd,,,
mrcat.com,Mrcat,RegalTech Solutions Limitada,,,
mybc.game,MYBC Casino,AceQueen Limited,,,
nakitbahis.com,Nakitbahis,3-102-949697 SRL,,,
nightluck.com,403,Win Top Ltd,,,
nolimit.com,Nolimit,Fuego Mediatech Ltd,,,
normal-game.com,Normal Game,3-102-950813 LIMITADA,,,
normal.game,Normal,3-102-950813 LIMITADA,,,
northwin.com,Northwin lic,Obsidian Titan Limited,,,
ohmywin.com,Nuevo Alojamiento,Liberty Walk Ltd,,,
oktop.mx,OKTOP.MX,Novaspin Network Ltd,,,
olabahis.com,Olabahis,Fortuna Digital Solutions FDS Limitada,,,
oncasi.com,ONCASI 最新ゲーム搭載オンカジ,U2IS Limited,,,
orionspins.best,Orion Spins Casino,3-102-940828 SRL,,,
orowin.bet,Orowin Casino,Win Vision N.V.,,,
otobet.com,Otobet,Obsidian Titan Limited,,,
oxy.casino,OXY,Spiritus Limited,,,
papayawins.best,Papaya Wins,3-102-940828 SRL,,,
parolambet.com,Loading...,3-102-952932 SRL,,,
partybet.ai,PartyBet,On Read SRL,,,
partybet.app,Partybet,On Read SRL,,,
partybet.bot,PartyBet,On Read SRL,,,
partybet.casino,PartyBet,On Read SRL,,,
partybet.fun,Partybet,On Read SRL,,,
partybet.social,PartyBet,On Read SRL,,,
partybet.win,PartyBet,On Read SRL,,,
peakbet.io,Hello There!,3-102-949997 SRL,,,
phonix.casino,Phonix Casino,3-102-939892 SRL,,,
pinbahis.com,Pinbahis,Fortuna Digital Solutions FDS Limitada,,,
pk8.com,Poker King,High Gaming IT Services Limited,,,
placebet.partners,Place.bet Partners,3-102-959375 SRL,,,
playandpredict.io,Play and Predict,Blackmere Ltd,,,
playify.com,Playify,Calla Pulse Ltd,,,
plump.com,Plump,BTR Gaming LTD,,,
pokerclubhub.com,Play & Host Online Poker Clubs,3-102-953867 SRL,,,
pokerjoker.com,Online Poker & Casino Thailand,PJK Trading Ltd,,,
pro11casino.com,Pro11casino,3-102-947393 SRL,,,
professorwins.best,Site unavailable,3-102-940828 SRL,,,
qqpk.com,QQPK,QQPOKER Technology Limited,,,
qqpk.poker,QQPK,QQPOKER Technology Limited,,,
questjack.com,Questjack,QuestJack Ltd,,,
quokkasino.com,Quokkasino,GBO ASSETS LTD,,,
raize.poker,RAIZE,3-102-943085 SRL,,,
redneckspins.com,Redneckspins,3-102-940146 SRL,,,
redslot.com,Access Restricted,3-102-953088 SRL,,,
reeljoy.com,Reeljoy,3-102-952820 SRL,,,
regal.casino,Hello There!,Zenorix Limited,,,
returntoplayer.io,Return to Player,Red Fisch Inc,,,
richevoslot.com,RICHEVO SLOT,Nuvorich Limited,,,
riskiiit.com,riskiiit,Overcooked Entertainment Ltd.,,,
robobet.com,Robobet,Aurevia Digital Ventures Ltd,,,
rolly.info,Platform,3-102-954977 SRL,,,
rooksbet.com,ᐈ Casino Online and Mobile,Prontogabriela SRL,,,
roulo.gg,Roulo,Roulo Interactive Games LLC,,,
roulobets.com,Roulo,Roulo Interactive Games LLC,,,
rugs.fun,Rugs,3-102-948660 SRL,,,
rumwin.com,Play and win every day on Rumwin.com,3-102-939534 SRL,,,
sahabet.com,Sahabet,Galactic Infinity Ltd,,,
sansli.io,Sansli,Dragonfruit Limited,,,
satfair.in,Sportsexch,3-102-942786 SRL,,,
scattr.com,SCATTR,Triglyph Technologies Ltd,,,
shinyjoker.best,Shiny Joker Casino,3-102-940828 SRL,,,
sierra.casino,Sierra,Mirella Ltd,,,
sikkaro.bet,Sikkarobet,Win Vision N.V.,,,
sinbet.co.com,Sinbet,GK INTERACTIVE LTD,,,
skybook.ag,Skybook,International Radical Investment Ltd,,,
slapperzz.com,Slapperzz,3-102-942611 SRL,,,
slash.bet,Hello There!,Flashpot Ltd,,,
slot.win,Slot.win,3-102-942828 SRL,,,
slotbaba.com,Slotbaba Official,IsleSoft Lab Ltd.,,,
slotin.com,Slotin,Obsidian Titan Limited,,,
slotio.com,Slotio,3-102-947593 SRL,,,
slotsmuse.best,SlotsMuse Casino,3-102-940828 SRL,,,
slotsshine.best,SlotsShine Casino,3-102-940828 SRL,,,
slotzula.com,Slotzula,Rambo Corp Limited,,,
solobet.com,SoloBet AMP,Obsidian Titan Limited,,,
solstake.tv,Solstake.tv,SOLSTART LTD,,,
spassino.com,Spassino Casino,Total Unlimited Marketing Ltd,,,
spin-betz.com,Spin Betz,Diamante Tech Ltd,,,
spin.io,Spin.io,FunGame LLC,,,
spinathlon.com,Forbidden,Win Top Ltd,,,
spinay.com,...,Oranox Ltd,,,
spinformula.com,Access Forbidden,Win Top Ltd,,,
spingreen.casino,SpinGreen Casino,3-102-950476 LIMITADA,,,
spinmywin.best,SpinMyWin Casino,3-102-940828 SRL,,,
spinpolo.com,403,Win Top Ltd,,,
spinrain.com,SpinRain,IsleSoft Lab Ltd.,,,
spinxtreme.com,SpinXtreme,Xtreme Platforms Limited,,,
sportsduel.com,Sports Duel,Kitsilano Limitada,,,
squadduel.com,Squad Duel,Kitsilano Limitada,,,
ssexch.io,SSExchange,3-102-942786 SRL,,,
ssplaywin.club,SSExchange,3-102-942786 SRL,,,
stack.bet,Stack.bet,3-102-936714 SRL,,,
stakeboss.com,Stakeboss Home,3-102-947775 Limitada,,,
stakevegas.com,Stake Vegas,PlayTrust Ltd,,,
stakevegas.net,Coming Soon,PlayTrust Ltd,,,
star.gg,STAR.GG,Skyborn Limited,,,
starzbet.com,Starzbet,Obsidian Titan Limited,,,
stepsino.com,Stepsino,Dexbay Ltd,,,
stradabet.com,Stradabet,Luxora Interactive Limited,,,
surewin168.com,sureWin,3-102-948637 SRL,,,
sweatbet.io,Sweatbet,3-102-944260 SRL,,,
taksimbet.com,Taksimbet,Maltech Ltd,,,
tau777.mx,Tau777,Novaspin Network Ltd,,,
tengri.casino,tengri.casino,Ingrex Tech LTD,,,
theluckyspinz.com,Theluckyspinz,Diamante Tech Ltd,,,
tibiablackjack.com,Tibiablackjack,QuestJack Ltd,,,
tibiadice.com,Tibia Dice,QuestJack Ltd,,,
tipobet.com,Tipobet Güncel Giriş Adresi,Galactic Infinity Ltd,,,
tipobet365.com,Tipobet,Galactic Infinity Ltd,,,
tomcasino.net,Casino,3-102-941391 SRL,,,
tomi.club,Tomi,Arkevia Group Ltd,,,
tonplay.com,Tonplay,Galaxy Byte Lab SRL,,,
trenchbet.com,Trench Bet,Lock In Capital Ltd,,,
triumphcasino.best,Restricted country,3-102-940828 SRL,,,
tubetrd.com,TuBetRD,3-102-948797 SRL,,,
tucanbit.io,TucanBit,3-102-940901 SRL,,,
tucasino.lat,TuCasino,Nova Code Limitada,,,
tweedbet.com,403,Win Top Ltd,,,
twinkywin.best,Site unavailable,3-102-940828 SRL,,,
twixos.com,Twixos,Global Score Ltd,,,
tycoonwin.com,Tycoon,3-102-950476 LIMITADA,,,
u.game,Loading,Aurora Soft Ltd,,,
u2is.tech,U2IS,U2IS Limited,,,
unlimcasino.com,Unlim казино официальный сайт,3-102-937046 SRL,,,
unlimluck.com,Forbidden,Win Top Ltd,,,
ustabet.com,...,Real Tech Ltd,,,
vamoplay.com,Vamo Play,3-102-938326 SRL,,,
vegabro.com,VegaBro Casino,Vega Technologies Holding Limited,,,
vegasking.io,Online Casino & Slots,Royal Edge Holdings Limited,,,
vegazcasino.com,vegazcasino,MOONSEEKER SRL,,,
vexlbet.com,vexlbet,Global Score Ltd,,,
villaspin.com,403,Win Top Ltd,,,
volacasino.com,Vola Casino,Nowplatform Ltd.,,,
voodoowins.best,Voodoo Wins Casino,3-102-940828 SRL,,,
vwin.com,Vwin,RegalTech Solutions Limitada,,,
warriorbet.io,Warriorbet,3-102-938960 SRL,,,
welvura1.com,Welvura,3-102-943707 SRL,,,
wepoker.com,WePoker官网,High Gaming IT Services Limited,,,
wett-bet.com,WETT BET,Wild Blackfin Limited SRL,,,
wgcasino.best,WG Casino,3-102-940828 SRL,,,
whalebet.gg,WhaleBet Online Casino & Sports Betting,3-102-942955 SRL,,,
wilderbet.com,Casino,VitaCore Limited,,,
wildroll.com,WildRoll Online Casino,Jackpot Junction Limited,,,
wildwin.io,Hello There!,3-102-950481 Limitada,,,
winbitcasino.com,winbitcasino,MOONSEEKER SRL,,,
windiggers.best,Win Diggers Casino,3-102-940828 SRL,,,
winpeso.asia,Winpeso,U2IS Limited,,,
winro.io,Winro,August Gaming Ltd,,,
winspin.ai,WinSpin,Wild Blackfin Limited SRL,,,
winup.io,Winup,3-102-952740 SRL,,,
winwinter.com,403,Win Top Ltd,,,
woolbet.com,403,Win Top Ltd,,,
wpk.com,WePoker官网,High Gaming IT Services Limited,,,
xbagh.casino,xBagh Casino,Ingrex Tech LTD,,,
xprobet.com,Xprobet,3-102-946386 SRL,,,
xypoker1.com,Xypoker1,3-102-938312 SRL,,,
yasalbahis.com,Yasalbahis,Nowplatform Ltd.,,,
yeet.com,YEET,Pacific Edge Ltd.,,,
yetiwin.best,Yeti Win Casino,3-102-940828 SRL,,,
zbahis.com,Zbahis Bahis ve Casino Sitesi,Galactic Infinity Ltd,,,
zenobet.com,Zenobet,Zenobet Ltd,,,
zenobet.gg,Zenobet,Zenobet Ltd,,,
zlot.com,Zlot,Obsidian Titan Limited,,,
zombillion.com,403,Win Top Ltd,,,
zumabet.com,Casino,3-102-952681 SRL,,,
zunabet.com,Zunabet.com,Strathvale Group Ltd,,,
