brand,domain,site,operator,licence,issued,expiry,already_listed,contact_url_guess,contact_email,status,contacted_on,notes,live,http,title,reason,contact_source
LevelUp Casino,levelupcasino.com,https://levelupcasino.com,Novatrix SRL,ALSI-202508056-FI2,2025-08-25,2026-08-24,no,https://levelupcasino.com/contact,support@levelupcasino.com,not contacted,,,yes,200,LevelUp Casino: Casino With Crypto & Instant Payouts,,https://levelupcasino.com/
Spin Samurai Casino Canada,spinsamurai.com,https://spinsamurai.com,Novatrix SRL,ALSI-202508056-FI2,2025-08-25,2026-08-24,no,https://spinsamurai.com/contact,support@spinsamurai.com,not contacted,,,yes,200,"Spin Samurai Casino Canada – C$5,000 + 150 Free Spins Starter Pack",,https://spinsamurai.com/contacts
Betibet,betibet.com,https://betibet.com,Novatrix SRL,ALSI-202508056-FI2,2025-08-25,2026-08-24,no,https://betibet.com/contact,support@betibet.com,not contacted,,,yes,200,,,https://betibet.com/contact
Gamdom,fatbets.com,https://fatbets.com,Fatbets Ltd,ALSI-202508054-FI2,2025-08-29,2026-08-28,no,https://fatbets.com/contact,support@gamdom.com,not contacted,,,yes,200,Gamdom - Top Bitcoin & Crypto Casino!,,https://fatbets.com/support
LevaBet,levabet.com,https://levabet.com,Mistletoe Ltd,ALSI-202508061-FI2,2025-08-29,2026-08-28,no,https://levabet.com/contact,affiliate@levabet.com,not contacted,,"also: support@levabet.com, info@levabet.com",yes,200,LevaBet | Premium Sportsbook & Casino with Fast Payouts,,https://levabet.com/
MatixBet,matixbet.com,https://matixbet.com,Mistletoe Ltd,ALSI-202508061-FI2,2025-08-29,2026-08-28,no,https://matixbet.com/contact,affiliate@matixbet.com,not contacted,,"also: support@matixbet.com, info@matixbet.com",yes,200,MatixBet | Premium Sportsbook & Casino with Fast Payouts,,https://matixbet.com/
Betpir,betpir.com,https://betpir.com,Mistletoe Ltd,ALSI-202508061-FI2,2025-08-29,2026-08-28,no,https://betpir.com/contact,affiliate@betpir.com,not contacted,,"also: support@betpir.com, info@betpir.com",yes,200,Betpir | Trusted Sportsbook & Casino with Exciting Bonuses,,https://betpir.com/
EZCASH,ezcash.casino,https://ezcash.casino,EZCS Solutions Ltd,ALSI-202509047-FI1,2025-09-03,2026-09-02,no,https://ezcash.casino/contact,support@ezcash.casino,not contacted,,,yes,200,EZCASH,,https://ezcash.casino/contact
Cooked Casino,cooked.com,https://cooked.com,Digital Chain Ventures SRL,ALSI-202509004-FI1,2025-09-16,2026-09-15,no,https://cooked.com/contact,support@cooked.com,not contacted,,,yes,200,"Cooked Casino | Play Online Slots, Table Games & Live Dealers",,https://cooked.com/about-us
Twixos,twixos.com,https://twixos.com,Global Score Ltd,ALSI-202509002-FI1,2025-09-16,2026-09-15,no,https://twixos.com/contact,privacy@twixos.com,not contacted,,,yes,200,Twixos — Compete. Verify. Win. | Licensed Skill-Gaming Arena,,https://twixos.com/contact
loonieplay.com,loonieplay.com,https://loonieplay.com,Kingside Push Ltd,ALSI-202509025-FI1,2025-09-16,2026-09-15,no,https://loonieplay.com/contact,info@loonieplay.com,not contacted,,,yes,200,loonieplay.com,,https://loonieplay.com/contact
Joker Tipp Casino,jokertipp.com,https://jokertipp.com,Mirella Ltd,ALSI-202509009-FI1,2025-09-16,2026-09-15,no,https://jokertipp.com/contact,support@jokertipp.com,not contacted,,,yes,200,Joker Tipp Casino: Play Online Casino Games & Slots for Real Money,,https://jokertipp.com/
RICHEVO SLOT,richevoslot.com,https://richevoslot.com,Nuvorich Limited,ALSI-202509053-FI2,2025-09-30,2026-09-29,no,https://richevoslot.com/contact,support@game.com,not contacted,,,yes,200,RICHEVO SLOT,,https://richevoslot.com/
Phonix Casino,phonix.casino,https://phonix.casino,3-102-939892 SRL,ALSI-202510006-FI1,2025-10-16,2026-10-15,no,https://phonix.casino/contact,help@phonix.casino,not contacted,,,yes,200,Phonix Casino,,https://phonix.casino/
Home,betfal.com,https://betfal.com,Anzal Ltd,ALSI-202510004-FI1,2025-10-16,2026-10-15,no,https://betfal.com/contact,info@betfal.com,not contacted,,also: armheroyan@gmail.com,yes,200,Home - Betfal,,https://betfal.com/contact-us
...,caposino.com,https://caposino.com,CONDOOR V.P. LIMITED,ALSI-202510026-FI1,2025-10-16,2026-10-15,no,https://caposino.com/contact,support@mangodorado.com,not contacted,,also: bca98dae553e4242bbfceeeea05b7d6b@errs.qwrt.xyz,yes,200,...,,https://caposino.com/contact
Megapot,megapot.io,https://megapot.io,Megapot Inc,ALSI-202510018-FI1,2025-10-16,2026-10-15,no,https://megapot.io/contact,support@megapot.io,not contacted,,,yes,200,Megapot - $1 million lottery,,https://megapot.io/
J8DE,j8de.io,https://j8de.io,3-102-937610 SRL,ALSI-202510054-FI2,2025-10-29,2026-10-28,no,https://j8de.io/contact,support@j8de.io,not contacted,,,yes,200,J8DE,,https://j8de.io/contact
Kush,kush.casino,https://kush.casino,3-102-937610 SRL,ALSI-202510054-FI2,2025-10-29,2026-10-28,no,https://kush.casino/contact,support@kush.casino,not contacted,,,yes,200,Казино Куш. Рабочее зеркало. Официальный сайт Kush Casino в России,,https://kush.casino/
WG Casino,wgcasino.best,https://wgcasino.best,3-102-940828 SRL,ALSI-202510060-FI2,2025-10-29,2026-10-28,no,https://wgcasino.best/contact,support@wgcasino.email,not contacted,,,yes,200,WG Casino,,https://wgcasino.best/contact
WhaleBet Online Casino & Sports Betting,whalebet.gg,https://whalebet.gg,3-102-942955 SRL,ALSI-202511004-FI1,2025-11-04,2026-11-03,no,https://whalebet.gg/contact,partners@whalebet.gg,not contacted,,also: business@whalebet.gg,yes,200,WhaleBet Online Casino & Sports Betting | Official Website,,https://whalebet.gg/contact
Slot.win,slot.win,https://slot.win,3-102-942828 SRL,ALSI-202511006-FI1,2025-11-15,2026-11-14,no,https://slot.win/contact,support@slot.win,not contacted,,,yes,200,"Slot.win — Online Crypto Casino | 3,000+ Games & Instant Payouts",,https://slot.win/
Gbet Casino,gbetplay.net,https://gbetplay.net,Juicecraft Limited,ALSI-202511012-FI1,2025-11-15,2026-11-14,no,https://gbetplay.net/contact,abuse@gbetplay.net,not contacted,,"also: support@gbet.casino, vip@gbet.casino",yes,200,Gbet Casino — Level Up Your Luck,,https://gbetplay.net/contact
AfriSlots,afrislots.net,https://afrislots.net,Juicecraft Limited,ALSI-202511012-FI1,2025-11-15,2026-11-14,no,https://afrislots.net/contact,legal@afrislots.net,not contacted,,also: support@afrislots.casino,yes,200,"AfriSlots — Online Casino, Slots & Live Games",,https://afrislots.net/contact
ElvisLuck Casino,elvisluck.net,https://elvisluck.net,Juicecraft Limited,ALSI-202511012-FI1,2025-11-15,2026-11-14,no,https://elvisluck.net/contact,hello@elvisluck.net,not contacted,,"also: support@elvisluck.casino, vip@elvisluck.casino",yes,200,ElvisLuck Casino — Your Lucky Casino,,https://elvisluck.net/contact
GanaMega Casino,ganamega.net,https://ganamega.net,Juicecraft Limited,ALSI-202511012-FI1,2025-11-15,2026-11-14,no,https://ganamega.net/contact,support@ganamega.net,not contacted,,also: support@ganamega.casino,yes,200,"GanaMega Casino — Up to €1,500 + 200 Free Spins",,https://ganamega.net/contact
RAIZE,raize.poker,https://raize.poker,3-102-943085 SRL,ALSI-202511038-FI2,2025-11-30,2026-11-30,no,https://raize.poker/contact,hey@raize.poker,not contacted,,"also: you@email.com, admin@raize.poker",yes,200,"RAIZE — Live Dealer Online Poker | Real Dealers, Real Players",,https://raize.poker/contact
BlockDAG,blockdag.co,https://blockdag.co,3-102-946540 SRL,ALSI-202511024-FI2,2025-11-30,2026-11-29,no,https://blockdag.co/contact,complaints@blockdag.co,not contacted,,,yes,200,BlockDAG,,https://blockdag.co/support
Stakeboss Home,stakeboss.com,https://stakeboss.com,3-102-947775 Limitada,ALSI-202511052-FI2,2025-11-30,2026-11-29,no,https://stakeboss.com/contact,support@stakeboss.com,not contacted,,,yes,200,Stakeboss Home | Stakeboss,,https://stakeboss.com/support
Matadorbet ⚡️ Matadorbet Giriş 2026 ⚡️,matadorbet.com,https://matadorbet.com,Galactic Infinity Ltd,ALSI-202511048-FI2,2025-11-30,2026-11-29,no,https://matadorbet.com/contact,destek@matadorbet.com,not contacted,,,yes,200,Matadorbet ⚡️ Matadorbet Giriş 2026 ⚡️,,https://matadorbet.com/about-us
Zbahis Bahis ve Casino Sitesi,zbahis.com,https://zbahis.com,Galactic Infinity Ltd,ALSI-202511048-FI2,2025-11-30,2026-11-29,no,https://zbahis.com/contact,support@zbahis.com,not contacted,,,yes,200,Zbahis Bahis ve Casino Sitesi | Zbahis Giriş | Zbahis Resmi Sitesi,,https://zbahis.com/
Fixbet Bahis ve Casino Sitesi,fixbet.com,https://fixbet.com,Galactic Infinity Ltd,ALSI-202511048-FI2,2025-11-30,2026-11-29,no,https://fixbet.com/contact,destek@fixbet.com,not contacted,,,yes,200,Fixbet Bahis ve Casino Sitesi | Fixbet Giriş | Fixbet Resmi Sitesi,,https://fixbet.com/
BizBet Africa Official Website,africa-bizbet.com,https://africa-bizbet.com,Gameway Global LLC,ALSI-202511025-FI2,2025-11-30,2026-11-29,no,https://africa-bizbet.com/contact,support-en@africa-bizbet.com,not contacted,,,yes,200,BizBet Africa Official Website | Sports Betting & Live Odds,,https://africa-bizbet.com/
BizBet Africa Official Website,bizbet.mobi,https://bizbet.mobi,Gameway Global LLC,ALSI-202511025-FI2,2025-11-30,2026-11-29,no,https://bizbet.mobi/contact,support-en@africa-bizbet.com,not contacted,,"also: security@africa-bizbet.com, block@africa-bizbet.com, agents@africa-bizbet.com",yes,200,BizBet Africa Official Website | Sports Betting & Live Odds,,https://bizbet.mobi/
Online bookmaker in Egypt,bizbet-biz.com,https://bizbet-biz.com,Gameway Global LLC,ALSI-202511025-FI2,2025-11-30,2026-11-29,no,https://bizbet-biz.com/contact,support-en@bizbet-biz.com,not contacted,,,yes,200,Online bookmaker in Egypt | Official website BizBet-Biz | bizbet-biz.com,,https://bizbet-biz.com/
NarniumCasino,narniumcasino.com,https://narniumcasino.com,Narnium Solutions Ltd,ALSI-202511055-FI2,2025-11-30,2026-11-29,no,https://narniumcasino.com/contact,support@narniumcasino.com,not contacted,,,yes,200,"NarniumCasino - Bitcoin Casino Quest | 100% Bonus, No KYC",,https://narniumcasino.com/contact-us
NarniaSlots,narniaslots.com,https://narniaslots.com,Narnium Solutions Ltd,ALSI-202511055-FI2,2025-11-30,2026-11-29,no,https://narniaslots.com/contact,support@narniaslots.com,not contacted,,,yes,200,NarniaSlots - Magical Casino | 100 Freespins & 100% Bonus,,https://narniaslots.com/contact-us
NarniumSlots,narniumslots.com,https://narniumslots.com,Narnium Solutions Ltd,ALSI-202511055-FI2,2025-11-30,2026-11-29,no,https://narniumslots.com/contact,support@narniumslots.com,not contacted,,,yes,200,"NarniumSlots - Epic Slots Adventure | 20,000+ Games & No KYC",,https://narniumslots.com/contact-us
Sign in ・ Cloudflare Access,frogbet.com,https://frogbet.com,3-102-940062 SRL,ALSI-202512022-FI1,2025-12-15,2026-12-14,no,https://frogbet.com/contact,example@email.com,not contacted,,,yes,200,Sign in ・ Cloudflare Access,,https://frogbet.com/contact
BETIDA,betida.com,https://betida.com,Betida Entertainment Ltd,ALSI-202512002-FI1,2025-12-15,2026-12-14,no,https://betida.com/contact,support@betida.com,not contacted,,,yes,200,BETIDA - Casino and Sports site,,https://betida.com/
GrailDraw,graildraw.com,https://graildraw.com,Grail Technologies Ltd.,ALSI-202512005-FI1,2025-12-15,2026-12-14,no,https://graildraw.com/contact,you@email.com,not contacted,,,yes,200,GrailDraw · Provably Fair Luxury Watch Raffles,,https://graildraw.com/
Aldex Win,aldex.win,https://aldex.win,Aldex Win Ltd,ALSI-202512034-FI1,2025-12-22,2026-12-21,no,https://aldex.win/contact,support@aldex.com,not contacted,,,yes,200,"Aldex Win – Top Slots, Live Games & Fast Payouts",,https://aldex.win/
Fortune HUB,fortunehub.io,https://fortunehub.io,Fortune HUB OÜ,ALSI-202512031-FI1,2025-12-22,2026-12-21,no,https://fortunehub.io/contact,support@fortunehub.io,not contacted,,,yes,200,Fortune HUB | Licensed Gaming Operator,,https://fortunehub.io/
Luminous,luminous.casino,https://luminous.casino,LuminousCompany Ltd.,ALSI-202601036-FI1,2026-01-05,2027-01-04,no,https://luminous.casino/contact,support@luminous.casino,not contacted,,,yes,200,Luminous Casino. Online Casino South Africa,,https://luminous.casino/about-us
Slotbaba Official,slotbaba.com,https://slotbaba.com,IsleSoft Lab Ltd.,ALSI-202601011-FI1,2026-01-15,2027-01-14,no,https://slotbaba.com/contact,info@slotbaba.com,not contacted,,,yes,200,Slotbaba Official - Slotbaba Güvenli Giriş | Ücretsiz Online Oyunlar,,https://slotbaba.com/
...,spinay.com,https://spinay.com,Oranox Ltd,ALSI-202601012-FI1,2026-01-15,2027-01-14,no,https://spinay.com/contact,support@spinay.com,not contacted,,also: bca98dae553e4242bbfceeeea05b7d6b@errs.qwrt.xyz,yes,200,...,,https://spinay.com/contact
...,ustabet.com,https://ustabet.com,Real Tech Ltd,ALSI-202601013-FI1,2026-01-15,2027-01-14,no,https://ustabet.com/contact,support@ustabet.com,not contacted,,also: bca98dae553e4242bbfceeeea05b7d6b@errs.qwrt.xyz,yes,200,...,,https://ustabet.com/contact
betabc,betabc.io,https://betabc.io,3-102-952781 SRL,ALSI-202602020-FI1,2026-02-16,2027-02-15,no,https://betabc.io/contact,support@betabc.io,not contacted,,,yes,200,betabc - slots,,https://betabc.io/
"Online Casino, Sports Betting and Poker",betamina.com,https://betamina.com,Aymora Group Ltd,ALSI-202602023-FI1,2026-02-16,2027-02-15,no,https://betamina.com/contact,support@betamina.com,not contacted,,,yes,200,"Online Casino, Sports Betting and Poker | Betamina",,https://betamina.com/about-us
Gamwiz,gamwiz.com,https://gamwiz.com,Gamwiz Inc,ALSI-202602039-FI2,2026-02-28,2027-02-27,no,https://gamwiz.com/contact,marketing@gamwiz.com,not contacted,,also: support@gamwiz.com,yes,200,Gamwiz - Online Social Casino & Sportbook,,https://gamwiz.com/contact
Zlot,zlot.com,https://zlot.com,Obsidian Titan Limited,ALSI-202602052-FI2,2026-02-28,2027-02-27,no,https://zlot.com/contact,marketing@zlot.com,not contacted,,also: destek@zlot.com,yes,200,Zlot - Zlot Giriş,,https://zlot.com/contact-us
Hyperoll Crypto Casino,hyperoll.com,https://hyperoll.com,Quantum House Ltd,ALSI-202602027-FI2,2026-02-28,2027-02-27,no,https://hyperoll.com/contact,contact@hyperoll.com,not contacted,,,yes,200,Hyperoll Crypto Casino | 35% Rakeback Built Into Every Bet | Casino,,https://hyperoll.com/contact
Cat2Bet,cat2bet.com,https://cat2bet.com,Terravista Entertainment Ltd,ALSI-202603022-FI1,2026-03-09,2027-03-08,no,https://cat2bet.com/contact,sac@cat2bet.com,not contacted,,,yes,200,Cat2Bet,,https://cat2bet.com/about-us
Poker King,pk8.com,https://pk8.com,High Gaming IT Services Limited,ALSI-202603023-FI1,2026-03-14,2027-03-13,no,https://pk8.com/contact,rakesh.sharma@a5labs.co,not contacted,,,yes,200,Poker King,,https://pk8.com/contact
Mobile Casino & Sports Betting,betum.com,https://betum.com,Pulsiora Ltd,ALSI-202603026-FI1,2026-03-14,2027-03-13,no,https://betum.com/contact,support@betum.com,not contacted,,"also: support@betumpartners.com, u003esupport@betum.com, support@demo.casino",yes,200,Mobile Casino & Sports Betting | Betum,,https://betum.com/about-us
Early Access,luckyclash.io,https://luckyclash.io,Prime Entertainment Ltd,ALSI-202603032-FI1,2026-03-16,2027-03-15,no,https://luckyclash.io/contact,info@luckyclash.info,not contacted,,,yes,200,Early Access · LuckyClash,,https://luckyclash.io/contact
Access Restricted,redslot.com,https://redslot.com,3-102-953088 SRL,ALSI-202603040-FI2,2026-03-31,2027-03-30,no,https://redslot.com/contact,support@redslot.com,not contacted,,,yes,200,Access Restricted — Redslot,,https://redslot.com/contact
Sansli,sansli.io,https://sansli.io,Dragonfruit Limited,ALSI-202603060-FI2,2026-03-31,2027-03-30,no,https://sansli.io/contact,support@sansli.io,not contacted,,,yes,200,Sansli - Best Online Games,,https://sansli.io/contact-us
OXY,oxy.casino,https://oxy.casino,Spiritus Limited,ALSI-202603056-FI2,2026-03-31,2027-03-30,no,https://oxy.casino/contact,support@oxy.casino,not contacted,,"also: support@our.kit.casino, support@demo.casino",yes,200,OXY,,https://oxy.casino/about-us
FenixBet,fenixbet.online,https://fenixbet.online,Spiritus Limited,ALSI-202603056-FI2,2026-03-31,2027-03-30,no,https://fenixbet.online/contact,support@fenixbet.online,not contacted,,,yes,200,FenixBet,,https://fenixbet.online/
Online Casino & Slots,vegasking.io,https://vegasking.io,Royal Edge Holdings Limited,ALSI-202604013-FI1,2026-04-14,2027-04-13,no,https://vegasking.io/contact,support@dragoon.dev,not contacted,,also: your@email.com,yes,200,Online Casino & Slots | EvaCasino,,https://vegasking.io/
DustBet<!,dustbet.io,https://dustbet.io,Anklebone Limited,ALSI-202507042-FI2,2026-04-22,2026-07-30,no,https://dustbet.io/contact,service@dustbet.io,not contacted,,,yes,200,DustBet<!-- --> - Coming Soon<!-- -->,,https://dustbet.io/
Trench Bet,trenchbet.com,https://trenchbet.com,Lock In Capital Ltd,ALSI-202604039-FI2,2026-04-29,2027-04-28,no,https://trenchbet.com/contact,support@trenchbet.com,not contacted,,,yes,200,Trench Bet - Get Back In The Trenches,,https://trenchbet.com/contact
Betsmove,betsmove.com,https://betsmove.com,Vesaro Limited,ALSI-202604046-FI2,2026-04-29,2027-04-28,no,https://betsmove.com/contact,support@betsmove.com,not contacted,,,yes,200,Betsmove – Resmi Site ve Güncel Giriş | Betsmove.com,,https://betsmove.com/
Orowin Casino,orowin.bet,https://orowin.bet,Win Vision N.V.,ALSI-202605001-FI1,2026-05-08,2027-05-07,no,https://orowin.bet/contact,support@orowin.bet,not contacted,,,yes,200,Orowin Casino: Play the Best Slots and Win Big Today!,,https://orowin.bet/
Sikkarobet,sikkaro.bet,https://sikkaro.bet,Win Vision N.V.,ALSI-202605001-FI1,2026-05-08,2027-05-07,no,https://sikkaro.bet/contact,support@sikkaro.bet,not contacted,,,yes,200,Sikkarobet: Best Online Casino in Pakistan | Play & Win,,https://sikkaro.bet/support
80벳,80bet.com,https://80bet.com,88gaming B.V.,ALSI-202508037-FI1,2025-08-20,2026-08-19,no,https://80bet.com/contact,,not contacted,,,yes,200,"80벳 : 스포츠베팅, 라이브카지노, 슬롯, 라이브로또 - 80bet.com",,
벳16,bet16.com,https://bet16.com,88gaming B.V.,ALSI-202508037-FI1,2025-08-20,2026-08-19,no,https://bet16.com/contact,,not contacted,,,yes,200,"벳16: 스포츠베팅, 라이브카지노, 슬롯, 라이브로또 - Bet16",,
Voodoo,voodoo.casino,https://voodoo.casino,Novatrix SRL,ALSI-202508056-FI2,2025-08-25,2026-08-24,no,https://voodoo.casino/contact,,not contacted,,,yes,200,,,
21bit Casino NZ,21bit.com,https://21bit.com,Novatrix SRL,ALSI-202508056-FI2,2025-08-25,2026-08-24,no,https://21bit.com/contact,,not contacted,,,yes,200,"21bit Casino NZ – NZ$1,000 + 250 FS 🎰 Spin Top Slots",,
Vamo Play,vamoplay.com,https://vamoplay.com,3-102-938326 SRL,ALSI-202508062-FI2,2025-08-29,2026-08-28,no,https://vamoplay.com/contact,,not contacted,,,yes,200,Vamo Play | Crypto & Online Casino,,
Funbet,funbet888.me,https://funbet888.me,3-102-938581 Limitada,ALSI-202508066-FI2,2025-08-29,2026-08-28,no,https://funbet888.me/contact,,not contacted,,,yes,200,Funbet,,
Funbet,funbet.me,https://funbet.me,3-102-938581 Limitada,ALSI-202508066-FI2,2025-08-29,2026-08-28,no,https://funbet.me/contact,,not contacted,,,yes,200,Funbet,,
Great Slot,greatslots.com,https://greatslots.com,BrightSky Ltd,ALSI-202508057-FI2,2025-08-29,2026-08-28,no,https://greatslots.com/contact,,not contacted,,,yes,200,Great Slot,,
Hello There!,acespinz.com,https://acespinz.com,Flashpot Ltd,ALSI-202508053-FI2,2025-08-29,2026-08-28,no,https://acespinz.com/contact,,not contacted,,,yes,200,Hello There!,,
Hello There!,slash.bet,https://slash.bet,Flashpot Ltd,ALSI-202508053-FI2,2025-08-29,2026-08-28,no,https://slash.bet/contact,,not contacted,,,yes,200,Hello There!,,
BetBeast,betbeast.com,https://betbeast.com,FunGame LLC,ALSI-202508063-FI2,2025-08-29,2026-08-28,no,https://betbeast.com/contact,,not contacted,,,yes,200,BetBeast – Own The Thrill,,
Spin.io,spin.io,https://spin.io,FunGame LLC,ALSI-202508063-FI2,2025-08-29,2026-08-28,no,https://spin.io/contact,,not contacted,,,yes,200,Spin.io - Crypto Casino & Sportsbook | Spin and play,,
Tonplay,tonplay.com,https://tonplay.com,Galaxy Byte Lab SRL,ALSI-202508040-FI2,2025-08-29,2026-08-28,no,https://tonplay.com/contact,,not contacted,,,yes,200,Tonplay — Online Casino with TON Coin,,
Temporary Auth,godsgame.casino,https://godsgame.casino,Galaxy Byte Lab SRL,ALSI-202508040-FI2,2025-08-29,2026-08-28,no,https://godsgame.casino/contact,,not contacted,,,yes,200,Temporary Auth,,
Betmonks,betmonks.com,https://betmonks.com,Gamerly Holding Ltd,ALSI-202508059-FI2,2025-08-29,2026-08-28,no,https://betmonks.com/contact,,not contacted,,,yes,200,,,
Casino Grizzly,grizzly.online,https://grizzly.online,GC Service Group Ltd,ALSI-202508052-FI2,2025-08-29,2026-08-28,no,https://grizzly.online/contact,,not contacted,,,yes,200,Casino Grizzly,,
Casino Grizzly,grizzly.win,https://grizzly.win,GC Service Group Ltd,ALSI-202508052-FI2,2025-08-29,2026-08-28,no,https://grizzly.win/contact,,not contacted,,,yes,200,Casino Grizzly,,
Games,betanic.com,https://betanic.com,Kitsilano Limitada,ALSI-202508065-FI2,2025-08-29,2026-08-28,no,https://betanic.com/contact,,not contacted,,,yes,200,Games,,
Sports Duel,sportsduel.com,https://sportsduel.com,Kitsilano Limitada,ALSI-202508065-FI2,2025-08-29,2026-08-28,no,https://sportsduel.com/contact,,not contacted,,,yes,200,Sports Duel,,
Squad Duel,squadduel.com,https://squadduel.com,Kitsilano Limitada,ALSI-202508065-FI2,2025-08-29,2026-08-28,no,https://squadduel.com/contact,,not contacted,,,yes,200,Squad Duel,,
Welcome to nginx!,kuzeycasino.com,https://kuzeycasino.com,Mistletoe Ltd,ALSI-202508061-FI2,2025-08-29,2026-08-28,no,https://kuzeycasino.com/contact,,not contacted,,,yes,200,Welcome to nginx!,,
EvetAbi,evetabi.com,https://evetabi.com,Mistletoe Ltd,ALSI-202508061-FI2,2025-08-29,2026-08-28,no,https://evetabi.com/contact,,not contacted,,,yes,200,EvetAbi,,
TuCasino,tucasino.lat,https://tucasino.lat,Nova Code Limitada,ALSI-202508064-FI2,2025-08-29,2026-08-28,no,https://tucasino.lat/contact,,not contacted,,,yes,200,TuCasino,,
JuegoJoker,juegojoker.com,https://juegojoker.com,Nova Code Limitada,ALSI-202508064-FI2,2025-08-29,2026-08-28,no,https://juegojoker.com/contact,,not contacted,,,yes,200,"JuegoJoker | Casino Online Argentina - Slots, Casino en Vivo y Crash Games",,
PartyBet,partybet.ai,https://partybet.ai,On Read SRL,ALSI-202508060-FI2,2025-08-29,2026-08-28,no,https://partybet.ai/contact,,not contacted,,,yes,200,PartyBet — Bet With Friends in the Chat,,
Partybet,partybet.app,https://partybet.app,On Read SRL,ALSI-202508060-FI2,2025-08-29,2026-08-28,no,https://partybet.app/contact,,not contacted,,,yes,200,Partybet,,
PartyBet,partybet.bot,https://partybet.bot,On Read SRL,ALSI-202508060-FI2,2025-08-29,2026-08-28,no,https://partybet.bot/contact,,not contacted,,,yes,200,PartyBet — Bet With Friends in the Chat,,
PartyBet,partybet.casino,https://partybet.casino,On Read SRL,ALSI-202508060-FI2,2025-08-29,2026-08-28,no,https://partybet.casino/contact,,not contacted,,,yes,200,PartyBet — Bet With Friends in the Chat,,
Partybet,partybet.fun,https://partybet.fun,On Read SRL,ALSI-202508060-FI2,2025-08-29,2026-08-28,no,https://partybet.fun/contact,,not contacted,,,yes,200,Partybet,,
PartyBet,partybet.social,https://partybet.social,On Read SRL,ALSI-202508060-FI2,2025-08-29,2026-08-28,no,https://partybet.social/contact,,not contacted,,,yes,200,PartyBet — Bet With Friends in the Chat,,
PartyBet,partybet.win,https://partybet.win,On Read SRL,ALSI-202508060-FI2,2025-08-29,2026-08-28,no,https://partybet.win/contact,,not contacted,,,yes,200,PartyBet — Bet With Friends in the Chat,,
1xbetanj,1xbetanj.com,https://1xbetanj.com,PRAECUS LLC,ALSI-202508048-FI2,2025-08-29,2026-09-28,no,https://1xbetanj.com/contact,,not contacted,,,yes,203,,,
Questjack,questjack.com,https://questjack.com,QuestJack Ltd,ALSI-202508055-FI2,2025-08-29,2026-08-28,no,https://questjack.com/contact,,not contacted,,,yes,200,,,
Tibiablackjack,tibiablackjack.com,https://tibiablackjack.com,QuestJack Ltd,ALSI-202508055-FI2,2025-08-29,2026-08-28,no,https://tibiablackjack.com/contact,,not contacted,,,yes,200,,,
Tibia Dice,tibiadice.com,https://tibiadice.com,QuestJack Ltd,ALSI-202508055-FI2,2025-08-29,2026-08-28,no,https://tibiadice.com/contact,,not contacted,,,yes,200,Tibia Dice,,
Flush Crypto Casino,flush.com,https://flush.com,Fordegens Limitada,ALSI-202509008-FI1,2025-09-03,2026-09-02,no,https://flush.com/contact,,not contacted,,,yes,200,"Flush Crypto Casino | Sportsbook, Live Casino & Instant Withdrawals",,
Xypoker1,xypoker1.com,https://xypoker1.com,3-102-938312 SRL,ALSI-202509050-FI1,2025-09-12,2026-09-11,no,https://xypoker1.com/contact,,not contacted,,,yes,200,,,
CryptoBoss,cryptobosscasino.com,https://cryptobosscasino.com,3-102-937046 SRL,ALSI-202509033-FI1,2025-09-16,2026-09-15,no,https://cryptobosscasino.com/contact,,not contacted,,,yes,200,CryptoBoss,,
Unlim казино официальный сайт,unlimcasino.com,https://unlimcasino.com,3-102-937046 SRL,ALSI-202509033-FI1,2025-09-16,2026-09-15,no,https://unlimcasino.com/contact,,not contacted,,,yes,200,Unlim казино официальный сайт | Unlim,,
Hype казино официальный сайт,casinohype.com,https://casinohype.com,3-102-937046 SRL,ALSI-202509033-FI1,2025-09-16,2026-09-15,no,https://casinohype.com/contact,,not contacted,,,yes,200,Hype казино официальный сайт | Hype,,
Auf казино официальный сайт,aufcasino.com,https://aufcasino.com,3-102-937046 SRL,ALSI-202509033-FI1,2025-09-16,2026-09-15,no,https://aufcasino.com/contact,,not contacted,,,yes,200,Auf казино официальный сайт | Auf,,
Betitor,betitor.com,https://betitor.com,3-102-941073 SRL,ALSI-202509018-FI1,2025-09-16,2026-09-15,no,https://betitor.com/contact,,not contacted,,,yes,200,Betitor,,
casinityx,casinityx.com,https://casinityx.com,3-102-942477 SRL,ALSI-202509036-FI1,2025-09-16,2026-09-15,no,https://casinityx.com/contact,,not contacted,,,yes,200,casinityx,,
Slapperzz,slapperzz.com,https://slapperzz.com,3-102-942611 SRL,ALSI-202509041-FI1,2025-09-16,2026-09-15,no,https://slapperzz.com/contact,,not contacted,,,yes,200,Slapperzz,,
Kikabet,kikabet.com,https://kikabet.com,Blackwave Ltd.,ALSI-202509019-FI1,2025-09-16,2026-09-15,no,https://kikabet.com/contact,,not contacted,,,yes,200,Kikabet - Online Crypto Casino & Sport Betting Platform,,
CryptoGaming,cryptogaming.com,https://cryptogaming.com,Digital Chain Ventures SRL,ALSI-202509004-FI1,2025-09-16,2026-09-15,no,https://cryptogaming.com/contact,,not contacted,,,yes,200,CryptoGaming,,
Grbets Resmi Giriş Adresi,grbets.com,https://grbets.com,Eagle Nobility LTD,ALSI-202509017-FI1,2025-09-16,2026-09-15,no,https://grbets.com/contact,,not contacted,,,yes,200,Grbets Resmi Giriş Adresi - Grbets Güncel ve Yeni Link 2026,,
Acarbet Resmi Giriş Adresi,acarbet.com,https://acarbet.com,Eagle Nobility LTD,ALSI-202509017-FI1,2025-09-16,2026-09-15,no,https://acarbet.com/contact,,not contacted,,,yes,200,Acarbet Resmi Giriş Adresi - Acarbet Güncel ve Resmi Site,,
Gameside,gameside.io,https://gameside.io,Final Whistle Ltd,ALSI-202509022-FI1,2025-09-16,2026-09-15,no,https://gameside.io/contact,,not contacted,,,yes,200,Gameside | Sportsbook & Casino,,
Dadastake Casino,dadastake.com,https://dadastake.com,Fortaluna Ltd,ALSI-202509045-FI1,2025-09-16,2026-09-15,no,https://dadastake.com/contact,,not contacted,,,yes,200,"Dadastake Casino – Slots, Live Casino & Echtgeld Spiele",,
vexlbet,vexlbet.com,https://vexlbet.com,Global Score Ltd,ALSI-202509002-FI1,2025-09-16,2026-09-15,no,https://vexlbet.com/contact,,not contacted,,,yes,200,vexlbet - Играй без депозита! Бонус 100% на первый депозит!,,
AnuBet,anubet.com,https://anubet.com,Hexiro Ltd,ALSI-202509043-FI1,2025-09-16,2026-09-15,no,https://anubet.com/contact,,not contacted,,,yes,200,AnuBet,,
Betphoenix,betphoenix.ag,https://betphoenix.ag,International Radical Investment Ltd,ALSI-202509042-FI1,2025-09-16,2027-09-15,no,https://betphoenix.ag/contact,,not contacted,,,yes,200,"Live Sports Betting Odds, Online Sportsbook, Casino, Racebook, BetPhoenix",,
Bogart Casino,bogartcasino.ag,https://bogartcasino.ag,International Radical Investment Ltd,ALSI-202509042-FI1,2025-09-16,2027-09-15,no,https://bogartcasino.ag/contact,,not contacted,,,yes,200,Bogart Casino,,
Skybook,skybook.ag,https://skybook.ag,International Radical Investment Ltd,ALSI-202509042-FI1,2025-09-16,2027-09-15,no,https://skybook.ag/contact,,not contacted,,,yes,200,"Skybook Sportsbook, Sports Betting, Racebook, Online Casino, Live Casino",,
Betmania,betmania.ag,https://betmania.ag,International Radical Investment Ltd,ALSI-202509042-FI1,2025-09-16,2027-09-15,no,https://betmania.ag/contact,,not contacted,,,yes,200,Betmania,,
WildRoll Online Casino,wildroll.com,https://wildroll.com,Jackpot Junction Limited,ALSI-202509011-FI1,2025-09-16,2026-09-15,no,https://wildroll.com/contact,,not contacted,,,yes,200,"WildRoll Online Casino | Fast, Fair & Flawless Crypto Gaming",,
403 Forbidden,altaris.casino,https://altaris.casino,Mirella Ltd,ALSI-202509009-FI1,2025-09-16,2026-09-15,no,https://altaris.casino/contact,,not contacted,,,yes,200,403 Forbidden,,
Sierra,sierra.casino,https://sierra.casino,Mirella Ltd,ALSI-202509009-FI1,2025-09-16,2026-09-15,no,https://sierra.casino/contact,,not contacted,,,yes,200,Play & Win Big with Exclusive Bonuses at Sierra Casino,,
winbitcasino,winbitcasino.com,https://winbitcasino.com,MOONSEEKER SRL,ALSI-202509006-FI1,2025-09-16,2026-09-15,no,https://winbitcasino.com/contact,,not contacted,,,yes,200,winbitcasino,,
vegazcasino,vegazcasino.com,https://vegazcasino.com,MOONSEEKER SRL,ALSI-202509006-FI1,2025-09-16,2026-09-15,no,https://vegazcasino.com/contact,,not contacted,,,yes,200,vegazcasino,,
Mond Casino,mondcasino.com,https://mondcasino.com,MOONSEEKER SRL,ALSI-202509006-FI1,2025-09-16,2026-09-15,no,https://mondcasino.com/contact,,not contacted,,,yes,200,Mond Casino: Online Casino & Sports Betting,,
CasinoStars,casinostars.io,https://casinostars.io,MOONSEEKER SRL,ALSI-202509006-FI1,2025-09-16,2026-09-15,no,https://casinostars.io/contact,,not contacted,,,yes,200,CasinoStars: Premier Online Casino with Top Games & Bonuses,,
Meritwin,meritwin.com,https://meritwin.com,Nowplatform Ltd.,ALSI-202509021-Fll,2025-09-16,2026-09-15,no,https://meritwin.com/contact,,not contacted,,,yes,200,Meritwin,,
Yasalbahis,yasalbahis.com,https://yasalbahis.com,Nowplatform Ltd.,ALSI-202509021-Fll,2025-09-16,2026-09-15,no,https://yasalbahis.com/contact,,not contacted,,,yes,200,Yasalbahis,,
Vola Casino,volacasino.com,https://volacasino.com,Nowplatform Ltd.,ALSI-202509021-Fll,2025-09-16,2026-09-15,no,https://volacasino.com/contact,,not contacted,,,yes,200,Vola Casino,,
Haydicasino Giriş Adresi Güncellendi,haydicasino.com,https://haydicasino.com,Nowplatform Ltd.,ALSI-202509021-Fll,2025-09-16,2026-09-15,no,https://haydicasino.com/contact,,not contacted,,,yes,200,Haydicasino Giriş Adresi Güncellendi: Haydicasino316,,
Dustbit,dustbit.com,https://dustbit.com,Oxilium Limited,ALSI-202509012-FI1,2025-09-16,2026-09-15,no,https://dustbit.com/contact,,not contacted,,,yes,200,Dustbit – Crypto Casino & Sports Betting,,
Golden Clover Casino,goldenclovercasino.com,https://goldenclovercasino.com,PC Play365 Ltd,ALSI-202509016-FI1,2025-09-16,2026-09-15,no,https://goldenclovercasino.com/contact,,not contacted,,,yes,200,"Golden Clover Casino - Slots, Live Casino & Fast Payouts",,
7Red.com Online,7red.com,https://7red.com,Red Ace Limited,ALSI-202509030-FI1,2025-09-16,2026-09-15,no,https://7red.com/contact,,not contacted,,,yes,200,7Red.com Online | The Best Online Casino,,
Lucky Spy Casino,luckyspy.com,https://luckyspy.com,Solidplay Group Limitada,ALSI-202509039-FI1,2025-09-16,2026-09-15,no,https://luckyspy.com/contact,,not contacted,,,yes,200,Lucky Spy Casino,,
Spassino Casino,spassino.com,https://spassino.com,Total Unlimited Marketing Ltd,ALSI-202509001-FI1,2025-09-16,2026-09-15,no,https://spassino.com/contact,,not contacted,,,yes,200,Spassino Casino,,
Funbahis,funbahis.com,https://funbahis.com,Total Unlimited Marketing Ltd,ALSI-202509001-FI1,2025-09-16,2026-09-15,no,https://funbahis.com/contact,,not contacted,,,yes,200,,,
Forbidden,duffspin.com,https://duffspin.com,Win Top Ltd,ALSI-202509029-FI1,2025-09-16,2026-09-15,no,https://duffspin.com/contact,,not contacted,,,yes,200,Forbidden,,
403,zombillion.com,https://zombillion.com,Win Top Ltd,ALSI-202509029-FI1,2025-09-16,2026-09-15,no,https://zombillion.com/contact,,not contacted,,,yes,200,403 – Access Forbidden,,
Access Forbidden,garrisonbet.com,https://garrisonbet.com,Win Top Ltd,ALSI-202509029-FI1,2025-09-16,2026-09-15,no,https://garrisonbet.com/contact,,not contacted,,,yes,200,Access Forbidden - 403,,
Forbidden,unlimluck.com,https://unlimluck.com,Win Top Ltd,ALSI-202509029-FI1,2025-09-16,2026-09-15,no,https://unlimluck.com/contact,,not contacted,,,yes,200,Forbidden,,
Forbidden,spinathlon.com,https://spinathlon.com,Win Top Ltd,ALSI-202509029-FI1,2025-09-16,2026-09-15,no,https://spinathlon.com/contact,,not contacted,,,yes,200,Forbidden,,
Forbidden,daytonaspin.com,https://daytonaspin.com,Win Top Ltd,ALSI-202509029-FI1,2025-09-16,2026-09-15,no,https://daytonaspin.com/contact,,not contacted,,,yes,200,Forbidden,,
403,bananzia.com,https://bananzia.com,Win Top Ltd,ALSI-202509029-FI1,2025-09-16,2026-09-15,no,https://bananzia.com/contact,,not contacted,,,yes,200,403 – Access Forbidden,,
403,luckycrew.com,https://luckycrew.com,Win Top Ltd,ALSI-202509029-FI1,2025-09-16,2026-09-15,no,https://luckycrew.com/contact,,not contacted,,,yes,200,403 – Access Forbidden,,
403,hahaspin.com,https://hahaspin.com,Win Top Ltd,ALSI-202509029-FI1,2025-09-16,2026-09-15,no,https://hahaspin.com/contact,,not contacted,,,yes,200,403 – Access Forbidden,,
403,spinpolo.com,https://spinpolo.com,Win Top Ltd,ALSI-202509029-FI1,2025-09-16,2026-09-15,no,https://spinpolo.com/contact,,not contacted,,,yes,200,403 – Access Forbidden,,
403,winwinter.com,https://winwinter.com,Win Top Ltd,ALSI-202509029-FI1,2025-09-16,2026-09-15,no,https://winwinter.com/contact,,not contacted,,,yes,200,403 – Access Forbidden,,
403,heavybet.com,https://heavybet.com,Win Top Ltd,ALSI-202509029-FI1,2025-09-16,2026-09-15,no,https://heavybet.com/contact,,not contacted,,,yes,200,403 – Access Forbidden,,
403,woolbet.com,https://woolbet.com,Win Top Ltd,ALSI-202509029-FI1,2025-09-16,2026-09-15,no,https://woolbet.com/contact,,not contacted,,,yes,200,403 – Access Forbidden,,
Access Forbidden,spinformula.com,https://spinformula.com,Win Top Ltd,ALSI-202509029-FI1,2025-09-16,2026-09-15,no,https://spinformula.com/contact,,not contacted,,,yes,200,Access Forbidden - 403,,
403,nightluck.com,https://nightluck.com,Win Top Ltd,ALSI-202509029-FI1,2025-09-16,2026-09-15,no,https://nightluck.com/contact,,not contacted,,,yes,200,403 – Access Forbidden,,
403,villaspin.com,https://villaspin.com,Win Top Ltd,ALSI-202509029-FI1,2025-09-16,2026-09-15,no,https://villaspin.com/contact,,not contacted,,,yes,200,403 – Access Forbidden,,
403,betmica.com,https://betmica.com,Win Top Ltd,ALSI-202509029-FI1,2025-09-16,2026-09-15,no,https://betmica.com/contact,,not contacted,,,yes,200,403 – Access Forbidden,,
403,tweedbet.com,https://tweedbet.com,Win Top Ltd,ALSI-202509029-FI1,2025-09-16,2026-09-15,no,https://tweedbet.com/contact,,not contacted,,,yes,200,403 – Access Forbidden,,
Zenobet,zenobet.com,https://zenobet.com,Zenobet Ltd,ALSI-202509034-FI1,2025-09-16,2026-09-15,no,https://zenobet.com/contact,,not contacted,,,yes,200,Zenobet - Premium Online Casino & Sports Betting,,
Zenobet,zenobet.gg,https://zenobet.gg,Zenobet Ltd,ALSI-202509034-FI1,2025-09-16,2026-09-15,no,https://zenobet.gg/contact,,not contacted,,,yes,200,Zenobet - Premium Online Crypto Casino,,
Degen,degen.com,https://degen.com,Degen Legend Limitada,ALSI-202509061-FI2,2025-09-19,2026-09-18,no,https://degen.com/contact,,not contacted,,,yes,200,Degen,,
Betoranje,betoranje.com,https://betoranje.com,3-102-937541 SRL,ALSI-202509069-FI2,2025-09-30,2026-09-29,no,https://betoranje.com/contact,,not contacted,,,yes,200,,,
An error occurred,inky.bet,https://inky.bet,3-102-937541 SRL,ALSI-202509069-FI2,2025-09-30,2026-09-29,no,https://inky.bet/contact,,not contacted,,,yes,244,An error occurred,,
Warriorbet,warriorbet.io,https://warriorbet.io,3-102-938960 SRL,ALSI-202509057-FI2,2025-09-30,2026-09-29,no,https://warriorbet.io/contact,,not contacted,,,yes,200,,,
TucanBit,tucanbit.io,https://tucanbit.io,3-102-940901 SRL,ALSI-202509055-FI2,2025-09-30,2026-09-29,no,https://tucanbit.io/contact,,not contacted,,,yes,200,TucanBit: #1 Online Crypto Casino - Play & Win Online,,
Betbeto,betbeto.com,https://betbeto.com,Capitanos Games Ltd,ALSI-202509071-FI2,2025-09-30,2026-09-29,no,https://betbeto.com/contact,,not contacted,,,yes,200,,,
BhaiCasino,bhaicasino.com,https://bhaicasino.com,Capitanos Games Ltd,ALSI-202509071-FI2,2025-09-30,2026-09-29,no,https://bhaicasino.com/contact,,not contacted,,,yes,200,BhaiCasino,,
Cwinz Online Casino,cwinz.com,https://cwinz.com,Capitanos Games Ltd,ALSI-202509071-FI2,2025-09-30,2026-09-29,no,https://cwinz.com/contact,,not contacted,,,yes,200,"Cwinz Online Casino | Slots, Live Games & Sports Bets",,
Bluebetz,bluebetz.com,https://bluebetz.com,Capitanos Games Ltd,ALSI-202509071-FI2,2025-09-30,2026-09-29,no,https://bluebetz.com/contact,,not contacted,,,yes,200,Bluebetz,,
Yekbet,yekbet.com,https://yekbet.com,Fortuna Digital Solutions FDS Limitada,ALSI-202509068-FI2,2025-09-30,2026-09-29,no,https://yekbet.com/contact,,not contacted,,,yes,200,Yekbet,,
Ikasbet,ikasbet.com,https://ikasbet.com,Fortuna Digital Solutions FDS Limitada,ALSI-202509068-FI2,2025-09-30,2026-09-29,no,https://ikasbet.com/contact,,not contacted,,,yes,200,,,
Asyabahis,asyabahis.com,https://asyabahis.com,Fortuna Digital Solutions FDS Limitada,ALSI-202509068-FI2,2025-09-30,2026-09-29,no,https://asyabahis.com/contact,,not contacted,,,yes,200,Asyabahis - En İyi Spor Bahisleri ve Casino: Asyabahis giriş,,
Dumanbet,dumanbet.com,https://dumanbet.com,Fortuna Digital Solutions FDS Limitada,ALSI-202509068-FI2,2025-09-30,2026-09-29,no,https://dumanbet.com/contact,,not contacted,,,yes,200,Dumanbet - En İyi Spor Bahisleri ve Casino: Dumanbet giriş,,
MaltCasino,maltcasino.com,https://maltcasino.com,Fortuna Digital Solutions FDS Limitada,ALSI-202509068-FI2,2025-09-30,2026-09-29,no,https://maltcasino.com/contact,,not contacted,,,yes,200,MaltCasino | Milyonerler kulübüne hoş geldiniz,,
Olabahis,olabahis.com,https://olabahis.com,Fortuna Digital Solutions FDS Limitada,ALSI-202509068-FI2,2025-09-30,2026-09-29,no,https://olabahis.com/contact,,not contacted,,,yes,200,Olabahis - Bahsin OLA'y yerine hoş geldiniz: Olabahis giriş,,
Pinbahis,pinbahis.com,https://pinbahis.com,Fortuna Digital Solutions FDS Limitada,ALSI-202509068-FI2,2025-09-30,2026-09-29,no,https://pinbahis.com/contact,,not contacted,,,yes,200,Pinbahis | Kazancı zirveye pinlemeye hoş geldiniz,,
Spinman,spinman.com,https://spinman.com,Fortuna Digital Solutions FDS Limitada,ALSI-202509068-FI2,2025-09-30,2026-09-29,no,https://spinman.com/contact,,not contacted,,,yes,200,Spinman - Online Casino. Top 100 AAA+ Slots & Live Tables.,,
Lucky Elf Casino,luckyelfcasino.com,https://luckyelfcasino.com,Metlait SRL,ALSI-202509073-FI2,2025-09-30,2026-09-29,no,https://luckyelfcasino.com/contact,,not contacted,,,yes,200,Lucky Elf Casino,,
Arba777,arba777.com,https://arba777.com,Rtech LTD,ALSI-202509056-FI2,2025-09-30,2026-09-29,no,https://arba777.com/contact,,not contacted,,,yes,200,Arba777 - Online Sports Betting & Casino Platform,,
Megasino,megasino.win,https://megasino.win,Karthala Ventures Ltd,ALSI-202510014-FI1,2025-10-09,2026-10-08,no,https://megasino.win/contact,,not contacted,,,yes,200,Megasino - Gaming Platform,,
YEET,yeet.com,https://yeet.com,Pacific Edge Ltd.,ALSI-202510036-FI2,2025-10-13,2026-10-12,no,https://yeet.com/contact,,not contacted,,,yes,200,YEET,,
Mad Casino официальный сайт,mad.casino,https://mad.casino,3-102-938906 SRL,ALSI-202510009-FI1,2025-10-16,2026-10-15,no,https://mad.casino/contact,,not contacted,,,yes,200,Mad Casino официальный сайт: регистрация и вход 2026,,
Mad Casino официальный сайт,madcasino.org,https://madcasino.org,3-102-938906 SRL,ALSI-202510009-FI1,2025-10-16,2026-10-15,no,https://madcasino.org/contact,,not contacted,,,yes,200,Mad Casino официальный сайт: регистрация и вход 2026,,
IMPERIABET,imperia.bet,https://imperia.bet,3-102-939877 SRL,ALSI-202510024-FI1,2025-10-16,2026-10-15,no,https://imperia.bet/contact,,not contacted,,,yes,200,IMPERIABET - Online Casino & Sports Betting,,
Casino 007,casino007.com,https://casino007.com,3-102-942052 SRL,ALSI-202510008-FI1,2025-10-16,2026-10-15,no,https://casino007.com/contact,,not contacted,,,yes,200,Casino 007,,
Welvura,welvura1.com,https://welvura1.com,3-102-943707 SRL,ALSI-202510019-FI1,2025-10-16,2026-10-15,no,https://welvura1.com/contact,,not contacted,,,yes,200,Welvura | Вельвура - официальный сайт Велвура,,
Betting website,369wins.com,https://369wins.com,Anzal Ltd,ALSI-202510004-FI1,2025-10-16,2026-10-15,no,https://369wins.com/contact,,not contacted,,,yes,200,Betting website,,
Kira.Bet,kirabet.com,https://kirabet.com,Arkevia Group Ltd,ALSI-202510025-FI1,2025-10-16,2026-10-15,no,https://kirabet.com/contact,,not contacted,,,yes,200,Kira.Bet | Best Online Casino Maldives | Maldives Bet | Maldives Casino Kira.Bet | Best On,,
Mol.Casino,molcasino.com,https://molcasino.com,Arkevia Group Ltd,ALSI-202510025-FI1,2025-10-16,2026-10-15,no,https://molcasino.com/contact,,not contacted,,,yes,200,"Mol.Casino | Baccarat, Roulette, Slot Games ,Crypto Deposit",,
Tomi,tomi.club,https://tomi.club,Arkevia Group Ltd,ALSI-202510025-FI1,2025-10-16,2026-10-15,no,https://tomi.club/contact,,not contacted,,,yes,200,Tomi : Crypto Casino & Sports Betting Best Online Casino Maldives | Maldives Bet | Maldive,,
CasinoCrypto,casinocrypto.io,https://casinocrypto.io,BMGruppe Ltd,ALSI-202510020-FI1,2025-10-16,2026-10-15,no,https://casinocrypto.io/contact,,not contacted,,,yes,200,CasinoCrypto | Crypto Casino with Instant Withdrawals,,
Booty,booty.casino,https://booty.casino,BMGruppe Ltd,ALSI-202510020-FI1,2025-10-16,2026-10-15,no,https://booty.casino/contact,,not contacted,,,yes,200,,,
G4mbit,g4mbit.com,https://g4mbit.com,CONDOOR V.P. LIMITED,ALSI-202510026-FI1,2025-10-16,2026-10-15,no,https://g4mbit.com/contact,,not contacted,,,yes,200,G4mbit: Online Casino | Play Slots & Win Real Money | Gambit Casino,,
ElipsBet,elipsbet.com,https://elipsbet.com,Evoluxia Limitada,ALSI-202510013-FI1,2025-10-16,2026-10-15,no,https://elipsbet.com/contact,,not contacted,,,yes,200,"ElipsBet- Spor Bahisleri, Slot & Canlı Casino - Lisanslı Bahis Sitesi",,
Jupitercryptox,jupitercryptox.com,https://jupitercryptox.com,Evoluxia Limitada,ALSI-202510013-FI1,2025-10-16,2026-10-15,no,https://jupitercryptox.com/contact,,not contacted,,,yes,200,,URLError,
Olipsbet,olipsbet.com,https://olipsbet.com,Evoluxia Limitada,ALSI-202510013-FI1,2025-10-16,2026-10-15,no,https://olipsbet.com/contact,,not contacted,,,yes,200,"Avrupa'nın en kaliteli kadrosuyla sizlerin huzuruna çıkan Olipsbet, Bahis ve Casino dünyas",,
Sports Betting & Online Casino,betet77.com,https://betet77.com,GF CLUB Seven Seven Limitada,ALSI-202510016-FI1,2025-10-16,2026-10-15,no,https://betet77.com/contact,,not contacted,,,yes,200,Sports Betting & Online Casino | Betet77,,
LavBet,lavbet.co,https://lavbet.co,Lavbet Limitada,ALSI-202510027-FI1,2025-10-16,2026-10-15,no,https://lavbet.co/contact,,not contacted,,,yes,200,LavBet,,
LavBet,lavbet.com,https://lavbet.com,Lavbet Limitada,ALSI-202510027-FI1,2025-10-16,2026-10-15,no,https://lavbet.com/contact,,not contacted,,,yes,200,LavBet,,
Jogue America Loto,americaloto.com,https://americaloto.com,Lucky AML Ltd,ALSI-202510001-FI1,2025-10-16,2026-10-15,no,https://americaloto.com/contact,,not contacted,,,yes,200,Jogue America Loto: Powerball e Mega Millions online,,
Luckypari,luckypari.org,https://luckypari.org,Lunex LLC,ALSI-202510030-FI1,2025-10-16,2026-10-15,no,https://luckypari.org/contact,,not contacted,,,yes,203,,,
Luckypari,luckypari.com,https://luckypari.com,Lunex LLC,ALSI-202510030-FI1,2025-10-16,2026-10-15,no,https://luckypari.com/contact,,not contacted,,,yes,203,,,
Luckypari,luckypari.net,https://luckypari.net,Lunex LLC,ALSI-202510030-FI1,2025-10-16,2026-10-15,no,https://luckypari.net/contact,,not contacted,,,yes,203,,,
Case,case-battle.com,https://case-battle.com,MILLENNIUM LIMITED,ALSI-202510003-FI1,2025-10-16,2026-10-15,no,https://case-battle.com/contact,,not contacted,,,yes,200,Case-Battle :: Win epic CS2 skins here,,
Ebete,ebete.com,https://ebete.com,Pacific Odds SRL,ALSI-202510032-FI1,2025-10-16,2026-10-15,no,https://ebete.com/contact,,not contacted,,,yes,200,,HTTP 525,
Freespinz,freespinz.com,https://freespinz.com,Pacific Odds SRL,ALSI-202510032-FI1,2025-10-16,2026-10-15,no,https://freespinz.com/contact,,not contacted,,,yes,200,Freespinz | Online Casino & Sports Betting,,
freespinz.casino,freespinz.casino,https://freespinz.casino,Pacific Odds SRL,ALSI-202510032-FI1,2025-10-16,2026-10-15,no,https://freespinz.casino/contact,,not contacted,,,yes,200,freespinz.casino,URLError,
Exchange,maxxcric.com,https://maxxcric.com,Rich Able Developments Limited,ALSI-202510012-FI1,2025-10-16,2026-10-15,no,https://maxxcric.com/contact,,not contacted,,,yes,200,Exchange,,
Chance,chance.net,https://chance.net,Chance Ltd,ALSI-202510039-FI2,2025-10-27,2026-10-26,no,https://chance.net/contact,,not contacted,,,yes,200,Chance,,
Daily Luck Casino,dailyluck.com,https://dailyluck.com,3-102-940828 SRL,ALSI-202510060-FI2,2025-10-29,2026-10-28,no,https://dailyluck.com/contact,,not contacted,,,yes,200,Daily Luck Casino,,
Admiral Shark Casino,admiralshark.best,https://admiralshark.best,3-102-940828 SRL,ALSI-202510060-FI2,2025-10-29,2026-10-28,no,https://admiralshark.best/contact,,not contacted,,,yes,200,Admiral Shark Casino,,
Casigood Casino,casigood.best,https://casigood.best,3-102-940828 SRL,ALSI-202510060-FI2,2025-10-29,2026-10-28,no,https://casigood.best/contact,,not contacted,,,yes,200,Casigood Casino,,
Site unavailable,casiroom.best,https://casiroom.best,3-102-940828 SRL,ALSI-202510060-FI2,2025-10-29,2026-10-28,no,https://casiroom.best/contact,,not contacted,,,yes,200,Site unavailable,,
Chilli Reels Casino,chillireels.best,https://chillireels.best,3-102-940828 SRL,ALSI-202510060-FI2,2025-10-29,2026-10-28,no,https://chillireels.best/contact,,not contacted,,,yes,200,Chilli Reels Casino,,
FortuneClock Casino,clockfortune.best,https://clockfortune.best,3-102-940828 SRL,ALSI-202510060-FI2,2025-10-29,2026-10-28,no,https://clockfortune.best/contact,,not contacted,,,yes,200,FortuneClock Casino,,
Euphoria Wins Casino,euphoriawins.best,https://euphoriawins.best,3-102-940828 SRL,ALSI-202510060-FI2,2025-10-29,2026-10-28,no,https://euphoriawins.best/contact,,not contacted,,,yes,200,Euphoria Wins Casino,,
Fancy Reels Casino,fancyreels.best,https://fancyreels.best,3-102-940828 SRL,ALSI-202510060-FI2,2025-10-29,2026-10-28,no,https://fancyreels.best/contact,,not contacted,,,yes,200,Fancy Reels Casino,,
Restricted country,fruitychance.best,https://fruitychance.best,3-102-940828 SRL,ALSI-202510060-FI2,2025-10-29,2026-10-28,no,https://fruitychance.best/contact,,not contacted,,,yes,200,Restricted country,,
Jimmy Winner Casino,jimmywinner.best,https://jimmywinner.best,3-102-940828 SRL,ALSI-202510060-FI2,2025-10-29,2026-10-28,no,https://jimmywinner.best/contact,,not contacted,,,yes,200,Jimmy Winner Casino,,
LB Spins Casino,lbspins.best,https://lbspins.best,3-102-940828 SRL,ALSI-202510060-FI2,2025-10-29,2026-10-28,no,https://lbspins.best/contact,,not contacted,,,yes,200,LB Spins Casino,,
Magic Reels Casino,magicreels.best,https://magicreels.best,3-102-940828 SRL,ALSI-202510060-FI2,2025-10-29,2026-10-28,no,https://magicreels.best/contact,,not contacted,,,yes,200,Magic Reels Casino,,
Maximum Casino,maximumcasino.best,https://maximumcasino.best,3-102-940828 SRL,ALSI-202510060-FI2,2025-10-29,2026-10-28,no,https://maximumcasino.best/contact,,not contacted,,,yes,200,Maximum Casino,,
MisterX Casino,misterxcasino.best,https://misterxcasino.best,3-102-940828 SRL,ALSI-202510060-FI2,2025-10-29,2026-10-28,no,https://misterxcasino.best/contact,,not contacted,,,yes,200,MisterX Casino,,
Orion Spins Casino,orionspins.best,https://orionspins.best,3-102-940828 SRL,ALSI-202510060-FI2,2025-10-29,2026-10-28,no,https://orionspins.best/contact,,not contacted,,,yes,200,Orion Spins Casino,,
Papaya Wins,papayawins.best,https://papayawins.best,3-102-940828 SRL,ALSI-202510060-FI2,2025-10-29,2026-10-28,no,https://papayawins.best/contact,,not contacted,,,yes,200,Papaya Wins,,
Site unavailable,professorwins.best,https://professorwins.best,3-102-940828 SRL,ALSI-202510060-FI2,2025-10-29,2026-10-28,no,https://professorwins.best/contact,,not contacted,,,yes,200,Site unavailable,,
Shiny Joker Casino,shinyjoker.best,https://shinyjoker.best,3-102-940828 SRL,ALSI-202510060-FI2,2025-10-29,2026-10-28,no,https://shinyjoker.best/contact,,not contacted,,,yes,200,Shiny Joker Casino,,
SlotsShine Casino,slotsshine.best,https://slotsshine.best,3-102-940828 SRL,ALSI-202510060-FI2,2025-10-29,2026-10-28,no,https://slotsshine.best/contact,,not contacted,,,yes,200,SlotsShine Casino,,
SlotsMuse Casino,slotsmuse.best,https://slotsmuse.best,3-102-940828 SRL,ALSI-202510060-FI2,2025-10-29,2026-10-28,no,https://slotsmuse.best/contact,,not contacted,,,yes,200,SlotsMuse Casino,,
SpinMyWin Casino,spinmywin.best,https://spinmywin.best,3-102-940828 SRL,ALSI-202510060-FI2,2025-10-29,2026-10-28,no,https://spinmywin.best/contact,,not contacted,,,yes,200,SpinMyWin Casino,,
Restricted country,triumphcasino.best,https://triumphcasino.best,3-102-940828 SRL,ALSI-202510060-FI2,2025-10-29,2026-10-28,no,https://triumphcasino.best/contact,,not contacted,,,yes,200,Restricted country,,
Site unavailable,twinkywin.best,https://twinkywin.best,3-102-940828 SRL,ALSI-202510060-FI2,2025-10-29,2026-10-28,no,https://twinkywin.best/contact,,not contacted,,,yes,200,Site unavailable,,
Voodoo Wins Casino,voodoowins.best,https://voodoowins.best,3-102-940828 SRL,ALSI-202510060-FI2,2025-10-29,2026-10-28,no,https://voodoowins.best/contact,,not contacted,,,yes,200,Voodoo Wins Casino,,
Win Diggers Casino,windiggers.best,https://windiggers.best,3-102-940828 SRL,ALSI-202510060-FI2,2025-10-29,2026-10-28,no,https://windiggers.best/contact,,not contacted,,,yes,200,Win Diggers Casino,,
Yeti Win Casino,yetiwin.best,https://yetiwin.best,3-102-940828 SRL,ALSI-202510060-FI2,2025-10-29,2026-10-28,no,https://yetiwin.best/contact,,not contacted,,,yes,200,Yeti Win Casino,,
Gold Casino,gold24x7.com,https://gold24x7.com,3-102-944744 SRL,ALSI-202510061-FI2,2025-10-29,2026-10-28,no,https://gold24x7.com/contact,,not contacted,,,yes,200,Gold Casino,,
Gold Casino,gold.casino,https://gold.casino,3-102-944744 SRL,ALSI-202510061-FI2,2025-10-29,2026-10-28,no,https://gold.casino/contact,,not contacted,,,yes,200,Gold Casino,,
BUFFALO,buffalo-casino.com,https://buffalo-casino.com,3-102-945833 SRL,ALSI-202510062-FI2,2025-10-29,2026-10-28,no,https://buffalo-casino.com/contact,,not contacted,,,yes,200,BUFFALO,,
BkmWin,bkmwin.com,https://bkmwin.com,Asoftgame Limited,ALSI-202510043-FI2,2025-10-29,2026-10-28,no,https://bkmwin.com/contact,,not contacted,,,yes,200,BkmWin,,
Robobet,robobet.com,https://robobet.com,Aurevia Digital Ventures Ltd,ALSI-202510058-FI2,2025-10-29,2026-10-28,no,https://robobet.com/contact,,not contacted,,,yes,200,Robobet,,
Online Crypto Casino & Sportsbook,playbet.io,https://playbet.io,Aurevia Digital Ventures Ltd,ALSI-202510058-FI2,2025-10-29,2026-10-28,no,https://playbet.io/contact,,not contacted,,,yes,200,Online Crypto Casino & Sportsbook | Playbet,,
Loading,u.game,https://u.game,Aurora Soft Ltd,ALSI-202510044-FI2,2025-10-29,2026-10-28,no,https://u.game/contact,,not contacted,,,yes,200,Loading,,
Forza.Bet,forzabet.live,https://forzabet.live,BeLion International Holdings Ltd.,ALSI-202510053-FI2,2025-10-29,2026-10-28,no,https://forzabet.live/contact,,not contacted,,,yes,200,Forza.Bet - Online Casino,,
Dh,dh.casino,https://dh.casino,DH Entertainment Ltd.,ALSI-202510049-FI2,2025-10-29,2026-10-28,no,https://dh.casino/contact,,not contacted,,,yes,200,,URLError,
Dhcasino,dhcasino.games,https://dhcasino.games,DH Entertainment Ltd.,ALSI-202510049-FI2,2025-10-29,2026-10-28,no,https://dhcasino.games/contact,,not contacted,,,yes,200,,URLError,
Сoolt Casino Online,coolt.casino,https://coolt.casino,Nuveau Ltd,ALSI-202510045-FI2,2025-10-29,2026-10-28,no,https://coolt.casino/contact,,not contacted,,,yes,200,Сoolt Casino Online – Play Slots and Claim Bonuses,,
Linebet,linebetglobal.com,https://linebetglobal.com,Savoska LLC,ALSI-202510056-FI2,2025-10-29,2026-10-28,no,https://linebetglobal.com/contact,,not contacted,,,yes,200,Linebet,,
Zunabet.com,zunabet.com,https://zunabet.com,Strathvale Group Ltd,ALSI-202510047-FI2,2025-10-29,2026-10-28,no,https://zunabet.com/contact,,not contacted,,,yes,200,Zunabet.com - Online Casino,,
Mrcriptobet,mrcriptobet.com,https://mrcriptobet.com,OWG Group Limited,ALSI-202511003-FI1,2025-11-05,2026-11-04,no,https://mrcriptobet.com/contact,,not contacted,,,yes,200,,URLError,
Tikbet,tikbet.games,https://tikbet.games,OWG Group Limited,ALSI-202511003-FI1,2025-11-05,2026-11-04,no,https://tikbet.games/contact,,not contacted,,,yes,200,,URLError,
라스벳,lasbet486.com,https://lasbet486.com,Qos Entertainment Ltd,ALSI-202511007-FI1,2025-11-07,2026-11-06,no,https://lasbet486.com/contact,,not contacted,,,yes,200,라스벳 - 2000여가지의 배팅게임을 즐기세요! - LASBET - Lasbet,,
Play and win every day on Rumwin.com,rumwin.com,https://rumwin.com,3-102-939534 SRL,ALSI-202511010-FI1,2025-11-08,2026-11-07,no,https://rumwin.com/contact,,not contacted,,,yes,200,Play and win every day on Rumwin.com,,
Casino,tomcasino.net,https://tomcasino.net,3-102-941391 SRL,ALSI-202511019-FI1,2025-11-15,2026-11-14,no,https://tomcasino.net/contact,,not contacted,,,yes,200,Casino - Online Gaming Platform,,
MajorX,majorx.game,https://majorx.game,Ay Information Technology LTD,ALSI-202511017-FI1,2025-11-15,2026-11-14,no,https://majorx.game/contact,,not contacted,,,yes,200,MajorX: Online Casino,,
MinorX,minorx.game,https://minorx.game,Ay Information Technology LTD,ALSI-202511017-FI1,2025-11-15,2026-11-14,no,https://minorx.game/contact,,not contacted,,,yes,200,MinorX: Online Casino,,
GrandX,grandx.game,https://grandx.game,Ay Information Technology LTD,ALSI-202511017-FI1,2025-11-15,2026-11-14,no,https://grandx.game/contact,,not contacted,,,yes,200,GrandX: Online Casino,,
MiniX,minix.game,https://minix.game,Ay Information Technology LTD,ALSI-202511017-FI1,2025-11-15,2026-11-14,no,https://minix.game/contact,,not contacted,,,yes,200,MiniX: Online Casino,,
Angelspin,angelspin.com,https://angelspin.com,Fruitopia Limited,ALSI-202511011-FI1,2025-11-15,2026-11-14,no,https://angelspin.com/contact,,not contacted,,,yes,200,,,
Fuegos,fuegos.bet,https://fuegos.bet,Fuego Ltd,ALSI-202511005-FI1,2025-11-15,2026-11-14,no,https://fuegos.bet/contact,,not contacted,,,yes,200,Fuegos,,
ᐈ Casino Online and Mobile,rooksbet.com,https://rooksbet.com,Prontogabriela SRL,ALSI-202511020-FI1,2025-11-15,2026-11-14,no,https://rooksbet.com/contact,,not contacted,,,yes,200,ᐈ Casino Online and Mobile,,
porkbun.com,flex2bet.com,https://flex2bet.com,Bright Entertainment Inc,ALSI-202511026-FI2,2025-11-19,2026-11-18,no,https://flex2bet.com/contact,,not contacted,,,yes,200,porkbun.com | parked domain,,
Bolly Game,bollygame.com,https://bollygame.com,3-102-938908 SRL,ALSI-202511053-FI2,2025-11-30,2026-11-29,no,https://bollygame.com/contact,,not contacted,,,yes,200,Bolly Game,,
K1 Game,k1.game,https://k1.game,3-102-938908 SRL,ALSI-202511053-FI2,2025-11-30,2026-11-29,no,https://k1.game/contact,,not contacted,,,yes,200,K1 Game - Pakistan's #1 Online Casino | Free Spins & Real Money Wins,,
Play Casino Games with Bitcoin & Crypto,dicey.com,https://dicey.com,3-102-943011 SRL,ALSI-202511054-FI2,2025-11-30,2026-11-29,no,https://dicey.com/contact,,not contacted,,,yes,200,Play Casino Games with Bitcoin & Crypto | Dicey Casino,,
LV33,lv33.com,https://lv33.com,3-102-945737 SRL,ALSI-202511032-FI2,2025-11-30,2026-11-29,no,https://lv33.com/contact,,not contacted,,,yes,200,LV33 : Online Casino & Sports Betting - Play & Bet Online,,
LV33,lv33.io,https://lv33.io,3-102-945737 SRL,ALSI-202511032-FI2,2025-11-30,2026-11-29,no,https://lv33.io/contact,,not contacted,,,yes,200,LV33 : Online Casino & Sports Betting - Play & Bet Online,,
Getwin,getwin.online,https://getwin.online,3-102-945845 SRL,ALSI-202511035-FI2,2025-11-30,2026-11-29,no,https://getwin.online/contact,,not contacted,,,yes,200,,,
Fortislots,fortislots.com,https://fortislots.com,3-102-945845 SRL,ALSI-202511035-FI2,2025-11-30,2026-11-29,no,https://fortislots.com/contact,,not contacted,,,yes,200,,,
Huhubet,huhubet.com,https://huhubet.com,3-102-946540 SRL,ALSI-202511024-FI2,2025-11-30,2026-11-29,no,https://huhubet.com/contact,,not contacted,,,yes,200,"Huhubet Resmi ▷ Güncel Giriş Adresi 2025 - Canlı Spor Bahisleri, Canlı Casino ve Casino ba",,
8win,8win.com.my,https://8win.com.my,3-102-946565 SRL,ALSI-202511031-FI2,2025-11-30,2026-11-29,no,https://8win.com.my/contact,,not contacted,,,yes,200,8win | Malaysia Official Website,,
pro11play.com is parked,pro11play.com,https://pro11play.com,3-102-947393 SRL,ALSI-202511030-FI2,2025-11-30,2026-11-29,no,https://pro11play.com/contact,,not contacted,,,yes,200,pro11play.com is parked,URLError,
Pro11casino,pro11casino.com,https://pro11casino.com,3-102-947393 SRL,ALSI-202511030-FI2,2025-11-30,2026-11-29,no,https://pro11casino.com/contact,,not contacted,,,yes,200,Pro11casino,,
sureWin,surewin168.com,https://surewin168.com,3-102-948637 SRL,ALSI-202511046-FI2,2025-11-30,2026-11-29,no,https://surewin168.com/contact,,not contacted,,,yes,200,sureWin | World's Best Reviewed Online Casino,,
Bahis.com,bahis.com,https://bahis.com,Galactic Infinity Ltd,ALSI-202511048-FI2,2025-11-30,2026-11-29,no,https://bahis.com/contact,,not contacted,,,yes,200,Bahis.com,,
Tipobet,tipobet365.com,https://tipobet365.com,Galactic Infinity Ltd,ALSI-202511048-FI2,2025-11-30,2026-11-29,no,https://tipobet365.com/contact,,not contacted,,,yes,200,Tipobet - Tipobet Resmi Giriş - Tipobet Güncel,,
Sahabet,sahabet.com,https://sahabet.com,Galactic Infinity Ltd,ALSI-202511048-FI2,2025-11-30,2026-11-29,no,https://sahabet.com/contact,,not contacted,,,yes,200,Sahabet | Sahabet Giriş & Güncel Adres ile Güvenli Bahis,,
Betturkey,betturkey.com,https://betturkey.com,Galactic Infinity Ltd,ALSI-202511048-FI2,2025-11-30,2026-11-29,no,https://betturkey.com/contact,,not contacted,,,yes,200,Betturkey,,
Tipobet Güncel Giriş Adresi,tipobet.com,https://tipobet.com,Galactic Infinity Ltd,ALSI-202511048-FI2,2025-11-30,2026-11-29,no,https://tipobet.com/contact,,not contacted,,,yes,200,Tipobet Güncel Giriş Adresi,,
Bizbet Login,bizbet.io,https://bizbet.io,Gameway Global LLC,ALSI-202511025-FI2,2025-11-30,2026-11-29,no,https://bizbet.io/contact,,not contacted,,,yes,200,Bizbet Login – Official Sports Betting & Casino Website | Bet Online,,
BizBet Mongolia,mn-bizbet.io,https://mn-bizbet.io,Gameway Global LLC,ALSI-202511025-FI2,2025-11-30,2026-11-29,no,https://mn-bizbet.io/contact,,not contacted,,,yes,200,BizBet Mongolia — Sports Betting & Casino Online | Bet in MNT,,
BizBet,bizbet-au.com,https://bizbet-au.com,Gameway Global LLC,ALSI-202511025-FI2,2025-11-30,2026-11-29,no,https://bizbet-au.com/contact,,not contacted,,,yes,200,BizBet,,
Blockchain Poker,blockchain.poker,https://blockchain.poker,Highcard Software SRL,ALSI-202511029-FI2,2025-11-30,2026-11-29,no,https://blockchain.poker/contact,,not contacted,,,yes,200,Blockchain Poker,,
Bet502,bet502.com,https://bet502.com,Netsolution Holding Ltd.,ALSI-202511057-FI2,2025-11-30,2026-11-29,no,https://bet502.com/contact,,not contacted,,,yes,200,Bet502,,
riskiiit,riskiiit.com,https://riskiiit.com,Overcooked Entertainment Ltd.,ALSI-202511044-FI2,2025-11-30,2026-11-29,no,https://riskiiit.com/contact,,not contacted,,,yes,200,"riskiiit | Online Crypto Casino with Bitcoin, Ethereum, USDC",,
SSExchange,ssplaywin.club,https://ssplaywin.club,3-102-942786 SRL,ALSI-202512001-FI1,2025-12-01,2026-11-30,no,https://ssplaywin.club/contact,,not contacted,,,yes,200,SSExchange – Best Reliable Sports Betting Exchange Site 2025,,
SSExchange,ssexch.io,https://ssexch.io,3-102-942786 SRL,ALSI-202512001-FI1,2025-12-01,2026-11-30,no,https://ssexch.io/contact,,not contacted,,,yes,200,SSExchange – Best Reliable Sports Betting Exchange Site 2025,,
Sportsexch,satfair.in,https://satfair.in,3-102-942786 SRL,ALSI-202512001-FI1,2025-12-01,2026-11-30,no,https://satfair.in/contact,,not contacted,,,yes,200,Sportsexch,,
Stack.bet,stack.bet,https://stack.bet,3-102-936714 SRL,ALSI-202512010-FI1,2025-12-15,2026-12-14,no,https://stack.bet/contact,,not contacted,,,yes,200,Stack.bet — Skill-Based Crypto Stacking Game,,
Lebull,lebull.com,https://lebull.com,3-102-945060 SRL,ALSI-202512018-FI1,2025-12-15,2026-12-14,no,https://lebull.com/contact,,not contacted,,,yes,200,Lebull,,
Aryanbet,aryanbet.com,https://aryanbet.com,3-102-946386 SRL,ALSI-202512003-FI1,2025-12-15,2026-12-14,no,https://aryanbet.com/contact,,not contacted,,,yes,200,Aryanbet | Sports betting & Casino & Virtual Sports & Turbo Games,,
Xprobet,xprobet.com,https://xprobet.com,3-102-946386 SRL,ALSI-202512003-FI1,2025-12-15,2026-12-14,no,https://xprobet.com/contact,,not contacted,,,yes,200,Xprobet,,
Temporary Auth,1winbets.pro,https://1winbets.pro,3-102-947042 SRL,ALSI-202512008-FI1,2025-12-15,2026-12-14,no,https://1winbets.pro/contact,,not contacted,,,yes,200,Temporary Auth,,
Hyperwin,hyperwin.org,https://hyperwin.org,3-102-948725 SRL,ALSI-202512016-FI1,2025-12-15,2026-12-14,no,https://hyperwin.org/contact,,not contacted,,,yes,200,Hyperwin | Fuel The Game Feel The Win,,
LUKKLY Casino,lukkly.com,https://lukkly.com,Nexluck Ltd,ALSI-202512012-FI1,2025-12-15,2026-12-14,no,https://lukkly.com/contact,,not contacted,,,yes,200,LUKKLY Casino,,
Ana Sayfa,kktcbet.com,https://kktcbet.com,Nicosia Betting Ltd,ALSI-202512025-FI1,2025-12-15,2026-12-14,no,https://kktcbet.com/contact,,not contacted,,,yes,200,Ana Sayfa,,
GANGABET Apuestas y Casino Online,bufonbet.com,https://bufonbet.com,OW Internacional Ltd,ALSI-202512013-FI1,2025-12-15,2026-12-14,no,https://bufonbet.com/contact,,not contacted,,,yes,200,GANGABET Apuestas y Casino Online,,
GANGABET Apuestas y Casino Online,gangabet.mx,https://gangabet.mx,OW Internacional Ltd,ALSI-202512013-FI1,2025-12-15,2026-12-14,no,https://gangabet.mx/contact,,not contacted,,,yes,200,GANGABET Apuestas y Casino Online,,
VegaBro Casino,vegabro.com,https://vegabro.com,Vega Technologies Holding Limited,ALSI-202512019-FI1,2025-12-15,2026-12-14,no,https://vegabro.com/contact,,not contacted,,,yes,200,VegaBro Casino - космическое погружение в удачу! 🚀🔥🌌,,
Bolt Casino,bolt-casino.com,https://bolt-casino.com,3-102-946302 SRL,ALSI-202512028-FI1,2025-12-22,2026-12-21,no,https://bolt-casino.com/contact,,not contacted,,,yes,200,Bolt Casino – Instant Crypto Withdrawals | Play Now,,
CS2SKIN,cs2skin.com,https://cs2skin.com,3-102-946905 SRL,ALSI-202512033-FI1,2025-12-22,2026-12-21,no,https://cs2skin.com/contact,,not contacted,,,yes,200,"CS2SKIN - Built for players, by players",,
TuBetRD,tubetrd.com,https://tubetrd.com,3-102-948797 SRL,ALSI-202512037-FI1,2025-12-22,2026-12-21,no,https://tubetrd.com/contact,,not contacted,,,yes,200,TuBetRD,,
Drazze,drazzewin.com,https://drazzewin.com,Drazze Limited,ALSI-202512040-FI1,2025-12-22,2026-12-21,no,https://drazzewin.com/contact,,not contacted,,,yes,200,Drazze - Онлайн казино,,
Drazze,drazze.casino,https://drazze.casino,Drazze Limited,ALSI-202512040-FI1,2025-12-22,2026-12-21,no,https://drazze.casino/contact,,not contacted,,,yes,200,Drazze - Онлайн казино,,
Trc20play,trc20play.com,https://trc20play.com,Fortune HUB OÜ,ALSI-202512031-FI1,2025-12-22,2026-12-21,no,https://trc20play.com/contact,,not contacted,,,yes,200,,URLError,
Casino Platform,erc20play.com,https://erc20play.com,Fortune HUB OÜ,ALSI-202512031-FI1,2025-12-22,2026-12-21,no,https://erc20play.com/contact,,not contacted,,,yes,200,Casino Platform,,
Return to Player,returntoplayer.io,https://returntoplayer.io,Red Fisch Inc,ALSI-202512041-FI1,2025-12-22,2026-12-21,no,https://returntoplayer.io/contact,,not contacted,,,yes,200,Return to Player | The World's Most Innovative & Player Friendly Online Crypto Casino,,
SCATTR,scattr.com,https://scattr.com,Triglyph Technologies Ltd,ALSI-202512039-FI1,2025-12-22,2026-12-21,no,https://scattr.com/contact,,not contacted,,,yes,200,SCATTR – Kasino Terbukti Adil,,
Casino,wilderbet.com,https://wilderbet.com,VitaCore Limited,ALSI-202512038-FI1,2025-12-22,2026-12-21,no,https://wilderbet.com/contact,,not contacted,,,yes,200,Casino | WilderBet.com,,
Spin Betz,spin-betz.com,https://spin-betz.com,Diamante Tech Ltd,ALSI-202601003-FI1,2026-01-05,2027-01-04,no,https://spin-betz.com/contact,,not contacted,,,yes,200,,,
Theluckyspinz,theluckyspinz.com,https://theluckyspinz.com,Diamante Tech Ltd,ALSI-202601003-FI1,2026-01-05,2027-01-04,no,https://theluckyspinz.com/contact,,not contacted,,,yes,200,,,
Nuevo Alojamiento,ohmywin.com,https://ohmywin.com,Liberty Walk Ltd,ALSI-202601002-FI1,2026-01-05,2027-01-04,no,https://ohmywin.com/contact,,not contacted,,,yes,200,Nuevo Alojamiento,,
DegenCity Casino,degencity.com,https://degencity.com,3-102-939867 Limitada,ALSI-202601025-FI1,2026-01-15,2027-01-14,no,https://degencity.com/contact,,not contacted,,,yes,200,DegenCity Casino | Top Crypto Slots & Table Games,,
Redneckspins,redneckspins.com,https://redneckspins.com,3-102-940146 SRL,ALSI-202601018-FI1,2026-01-15,2027-01-14,no,https://redneckspins.com/contact,,not contacted,,,yes,200,"Redneck Spins, Premium Online Casino & Live Games",,
Jeevybet,jeevybet.com,https://jeevybet.com,3-102-947122 SRL,ALSI-202601034-FI1,2026-01-15,2027-01-14,no,https://jeevybet.com/contact,,not contacted,,,yes,200,Jeevybet,,
AZIZIStake,azizistake.com,https://azizistake.com,AZIZI GLOBAL GROUP INC,ALSI-202601008-FI1,2026-01-15,2027-01-14,no,https://azizistake.com/contact,,not contacted,,,yes,200,AZIZIStake - Official Member,,
air1bet,ibitplay.com,https://ibitplay.com,Coderstuff Ltd.,ALSI-202601029-FI1,2026-01-15,2027-01-14,no,https://ibitplay.com/contact,,not contacted,,,yes,200,"air1bet | Crypto Casino Games, Slot Games and Crypto Gambling",,
403,ilove.casino,https://ilove.casino,EXENTIA LTD,ALSI-202601007-FI1,2026-01-15,2027-01-14,no,https://ilove.casino/contact,,not contacted,,,yes,200,403 – Access Forbidden,,
SpinRain,spinrain.com,https://spinrain.com,IsleSoft Lab Ltd.,ALSI-202601011-FI1,2026-01-15,2027-01-14,no,https://spinrain.com/contact,,not contacted,,,yes,200,SpinRain,,
LeClubBet,leclubbet.com,https://leclubbet.com,LeClub Bet Ltd,ALSI-202601019-FI1,2026-01-15,2027-01-14,no,https://leclubbet.com/contact,,not contacted,,,yes,200,LeClubBet,,
Stradabet,stradabet.com,https://stradabet.com,Luxora Interactive Limited,ALSI-202601032-FI1,2026-01-15,2027-01-14,no,https://stradabet.com/contact,,not contacted,,,yes,200,Stradabet | Kazancın Adresi - Online Bahis ve Casino,,
Redirecting...,hojabet.com,https://hojabet.com,Luxora Interactive Limited,ALSI-202601032-FI1,2026-01-15,2027-01-14,no,https://hojabet.com/contact,,not contacted,,,yes,200,Redirecting...,,
Crash2x Casino,crash2x.com,https://crash2x.com,Meta Jack Inc.,ALSI-202601024-FI1,2026-01-15,2027-01-14,no,https://crash2x.com/contact,,not contacted,,,yes,200,Crash2x Casino,,
Betmarino,betmarino.com,https://betmarino.com,Real Tech Ltd,ALSI-202601013-FI1,2026-01-15,2027-01-14,no,https://betmarino.com/contact,,not contacted,,,yes,200,Betmarino | Canlı Bahis & Casino & Canlı Casino & Tombala,,
Avrupa’nın En Büyük Bahis Sitesi,avrupabet.com,https://avrupabet.com,Real Tech Ltd,ALSI-202601013-FI1,2026-01-15,2027-01-14,no,https://avrupabet.com/contact,,not contacted,,,yes,200,Avrupa’nın En Büyük Bahis Sitesi | Avrupabet,,
"Rekor Oranlar, Rekor Kazançlar",rekorbet.com,https://rekorbet.com,Real Tech Ltd,ALSI-202601013-FI1,2026-01-15,2027-01-14,no,https://rekorbet.com/contact,,not contacted,,,yes,200,"Rekor Oranlar, Rekor Kazançlar",URLError,
Betting website,betticket.com,https://betticket.com,Riotorto Digital LTD,ALSI-202601035-FI1,2026-01-15,2027-01-14,no,https://betticket.com/contact,,not contacted,,,yes,200,Betting website,,
Bet10bet,bet10bet.com,https://bet10bet.com,Riotorto Digital LTD,ALSI-202601035-FI1,2026-01-15,2027-01-14,no,https://bet10bet.com/contact,,not contacted,,,yes,200,Bet10bet | Avrupa Devi Bet10Bet Resmi Türkiye Partneri - Güvenli ve Hızlı Site,,
Grandbetting,grandbetting.com,https://grandbetting.com,Riotorto Digital LTD,ALSI-202601035-FI1,2026-01-15,2027-01-14,no,https://grandbetting.com/contact,,not contacted,,,yes,200,Grandbetting Online Casino ve Spor Bahisleri Sitesi,,
Queenbet,queenbet.com,https://queenbet.com,Riotorto Digital LTD,ALSI-202601035-FI1,2026-01-15,2027-01-14,no,https://queenbet.com/contact,,not contacted,,,yes,200,Queenbet Online Casino ve Spor Bahisleri Sitesi,,
Betting website,betlike.com,https://betlike.com,Riotorto Digital LTD,ALSI-202601035-FI1,2026-01-15,2027-01-14,no,https://betlike.com/contact,,not contacted,,,yes,200,Betting website,,
Betbanksy,betbanksy.com,https://betbanksy.com,SSA Technologies Ltd.,ALSI-202601017-FI1,2026-01-15,2027-01-14,no,https://betbanksy.com/contact,,not contacted,,,yes,200,,,
Artemisbet,artemisbet.com,https://artemisbet.com,Star Moss Ltd,ALSI-202601004-FI1,2026-01-15,2027-01-14,no,https://artemisbet.com/contact,,not contacted,,,yes,200,Artemisbet - Yüksek Oranlı Spor Bahisleri ve Casino - Artemisbet Giriş,,
SpinXtreme,spinxtreme.com,https://spinxtreme.com,Xtreme Platforms Limited,ALSI-202601022-FI1,2026-01-15,2027-01-14,no,https://spinxtreme.com/contact,,not contacted,,,yes,200,SpinXtreme,,
Hello There!,regal.casino,https://regal.casino,Zenorix Limited,ALSI-202601037-FI1,2026-01-22,2027-01-21,no,https://regal.casino/contact,,not contacted,,,yes,200,Hello There!,,
Winro,winro.io,https://winro.io,August Gaming Ltd,ALSI-202601039-FI2,2026-01-24,2027-01-23,no,https://winro.io/contact,,not contacted,,,yes,200,Winro,,
Under maintenance,jogpix.com,https://jogpix.com,Summer Spins Ltd,ALSI-202601038-FI1,2026-01-24,2027-01-23,no,https://jogpix.com/contact,,not contacted,,,yes,200,Under maintenance,,
Sweatbet,sweatbet.io,https://sweatbet.io,3-102-944260 SRL,ALSI-202601052-FI2,2026-01-31,2027-01-30,no,https://sweatbet.io/contact,,not contacted,,,yes,200,"Sweatbet | Reimagining esports with elevated, skill-based wagering",,
LikeCasino,like.casino,https://like.casino,3-102-948639 SRL,ALSI-202601050-FI2,2026-01-31,2027-01-30,no,https://like.casino/contact,,not contacted,,,yes,200,"LikeCasino – Top Online Casino Games, Live Dealers & Big Wins",,
Rugs,rugs.fun,https://rugs.fun,3-102-948660 SRL,ALSI-202601051-FI2,2026-01-31,2027-01-30,no,https://rugs.fun/contact,,not contacted,,,yes,200,Rugs,,
Hello There!,peakbet.io,https://peakbet.io,3-102-949997 SRL,ALSI-202601049-FI2,2026-01-31,2027-01-30,no,https://peakbet.io/contact,,not contacted,,,yes,200,Hello There!,,
Hello There!,wildwin.io,https://wildwin.io,3-102-950481 Limitada,ALSI-202601048-FI2,2026-01-31,2027-01-30,no,https://wildwin.io/contact,,not contacted,,,yes,200,Hello There!,,
Winup,winup.io,https://winup.io,3-102-952740 SRL,ALSI-202601062-FI2,2026-01-31,2027-01-30,no,https://winup.io/contact,,not contacted,,,yes,200,Winup,,
Plump,plump.com,https://plump.com,BTR Gaming LTD,ALSI-202601059-FI2,2026-01-31,2027-01-30,no,https://plump.com/contact,,not contacted,,,yes,200,Plump,,
Переход на новый сайт,fixa.casino,https://fixa.casino,FX Solutions Ltd,ALSI-202601058-FI2,2026-01-31,2027-01-30,no,https://fixa.casino/contact,,not contacted,,,yes,200,Переход на новый сайт,,
Quokkasino,quokkasino.com,https://quokkasino.com,GBO ASSETS LTD,ALSI-202601061-FI2,2026-01-31,2027-01-30,no,https://quokkasino.com/contact,,not contacted,,,yes,200,,,
Gold Ante,goldante.com,https://goldante.com,GBO ASSETS LTD,ALSI-202601061-FI2,2026-01-31,2027-01-30,no,https://goldante.com/contact,,not contacted,,,yes,200,Gold Ante — Free Sweepstakes Casino,,
Oyun Zamanı!,roketbahis.com,https://roketbahis.com,Laulani Investment Ltd,ALSI-202601057-FI2,2026-01-31,2027-01-30,no,https://roketbahis.com/contact,,not contacted,,,yes,200,Oyun Zamanı!,,
Moon,moon.com,https://moon.com,Moon International Ltd,ALSI-202601063-FI2,2026-01-31,2027-01-30,no,https://moon.com/contact,,not contacted,,,yes,200,Moon,,
Bahismosco9999,bahismosco9999.com,https://bahismosco9999.com,Sphynx Solutions Inc,ALSI-202601055-FI2,2026-01-31,2027-01-30,no,https://bahismosco9999.com/contact,,not contacted,,,yes,200,,URLError,
Bonitabet9999,bonitabet9999.com,https://bonitabet9999.com,Sphynx Solutions Inc,ALSI-202601055-FI2,2026-01-31,2027-01-30,no,https://bonitabet9999.com/contact,,not contacted,,,yes,200,,URLError,
Gangbahis9999,gangbahis9999.com,https://gangbahis9999.com,Sphynx Solutions Inc,ALSI-202601055-FI2,2026-01-31,2027-01-30,no,https://gangbahis9999.com/contact,,not contacted,,,yes,200,,URLError,
Kazanla9999,kazanla9999.com,https://kazanla9999.com,Sphynx Solutions Inc,ALSI-202601055-FI2,2026-01-31,2027-01-30,no,https://kazanla9999.com/contact,,not contacted,,,yes,200,,URLError,
Tronbet9999,tronbet9999.com,https://tronbet9999.com,Sphynx Solutions Inc,ALSI-202601055-FI2,2026-01-31,2027-01-30,no,https://tronbet9999.com/contact,,not contacted,,,yes,200,,URLError,
Ruletin9999,ruletin9999.com,https://ruletin9999.com,Sphynx Solutions Inc,ALSI-202601055-FI2,2026-01-31,2027-01-30,no,https://ruletin9999.com/contact,,not contacted,,,yes,200,,URLError,
1hitbet9999,1hitbet9999.com,https://1hitbet9999.com,Sphynx Solutions Inc,ALSI-202601055-FI2,2026-01-31,2027-01-30,no,https://1hitbet9999.com/contact,,not contacted,,,yes,200,,URLError,
Gbjp,gbjp.fun,https://gbjp.fun,U2IS Limited,ALSI-202601056-FI2,2026-01-31,2027-01-30,no,https://gbjp.fun/contact,,not contacted,,,yes,200,,,
Hana,hana.asia,https://hana.asia,U2IS Limited,ALSI-202601056-FI2,2026-01-31,2027-01-30,no,https://hana.asia/contact,,not contacted,,,yes,200,,,
LONG TIAN,longtian.bet,https://longtian.bet,U2IS Limited,ALSI-202601056-FI2,2026-01-31,2027-01-30,no,https://longtian.bet/contact,,not contacted,,,yes,200,LONG TIAN – ELITE PLAY. ELITE REWARDS,,
A1slot,a1slot.net,https://a1slot.net,U2IS Limited,ALSI-202601056-FI2,2026-01-31,2027-01-30,no,https://a1slot.net/contact,,not contacted,,,yes,200,,,
ONCASI 最新ゲーム搭載オンカジ,oncasi.com,https://oncasi.com,U2IS Limited,ALSI-202601056-FI2,2026-01-31,2027-01-30,no,https://oncasi.com/contact,,not contacted,,,yes,200,ONCASI 最新ゲーム搭載オンカジ,,
U2IS,u2is.tech,https://u2is.tech,U2IS Limited,ALSI-202601056-FI2,2026-01-31,2027-01-30,no,https://u2is.tech/contact,,not contacted,,,yes,200,U2IS - Ultimate Universal Integration System,,
Winpeso,winpeso.asia,https://winpeso.asia,U2IS Limited,ALSI-202601056-FI2,2026-01-31,2027-01-30,no,https://winpeso.asia/contact,,not contacted,,,yes,200,,,
ArtCasino.io,artcasino.io,https://artcasino.io,Wild Blackfin Limited SRL,ALSI-202601043-FI2,2026-01-31,2027-01-30,no,https://artcasino.io/contact,,not contacted,,,yes,200,ArtCasino.io - The Art of Winning!,,
Betcrush Casino,betcrush.com,https://betcrush.com,Wild Blackfin Limited SRL,ALSI-202601043-FI2,2026-01-31,2027-01-30,no,https://betcrush.com/contact,,not contacted,,,yes,200,Betcrush Casino,,
Casino Orca,casinoorca.com,https://casinoorca.com,Wild Blackfin Limited SRL,ALSI-202601043-FI2,2026-01-31,2027-01-30,no,https://casinoorca.com/contact,,not contacted,,,yes,200,Casino Orca - Play Top Online Casino Games & Win Big!,,
WETT BET,wett-bet.com,https://wett-bet.com,Wild Blackfin Limited SRL,ALSI-202601043-FI2,2026-01-31,2027-01-30,no,https://wett-bet.com/contact,,not contacted,,,yes,200,WETT BET,,
LumiBet,lumibet.com,https://lumibet.com,Wild Blackfin Limited SRL,ALSI-202601043-FI2,2026-01-31,2027-01-30,no,https://lumibet.com/contact,,not contacted,,,yes,200,LumiBet,,
WinSpin,winspin.ai,https://winspin.ai,Wild Blackfin Limited SRL,ALSI-202601043-FI2,2026-01-31,2027-01-30,no,https://winspin.ai/contact,,not contacted,,,yes,200,WinSpin: Online Casino & Sports Betting,,
GameSlots,gameslots.com,https://gameslots.com,Solid X Ltd,ALSI-202602002-FI1,2026-02-01,2027-01-31,no,https://gameslots.com/contact,,not contacted,,,yes,200,GameSlots,,
Nolimit,nolimit.com,https://nolimit.com,Fuego Mediatech Ltd,ALSI-202602003-FI1,2026-02-06,2027-02-05,no,https://nolimit.com/contact,,not contacted,,,yes,200,Nolimit,,
Betoriz lic,betoriz.com,https://betoriz.com,Kingslayer Entertainment Ltd,ALSI-202602006-FI1,2026-02-06,2027-02-05,no,https://betoriz.com/contact,,not contacted,,,yes,200,Betoriz lic,,
Kavbet,kavbet.com,https://kavbet.com,3-102-949697 SRL,ALSI-202602021-FI1,2026-02-16,2027-02-15,no,https://kavbet.com/contact,,not contacted,,,yes,200,Kavbet,,
Mavibet,mavibet.com,https://mavibet.com,3-102-949697 SRL,ALSI-202602021-FI1,2026-02-16,2027-02-15,no,https://mavibet.com/contact,,not contacted,,,yes,200,Mavibet,,
Nakitbahis,nakitbahis.com,https://nakitbahis.com,3-102-949697 SRL,ALSI-202602021-FI1,2026-02-16,2027-02-15,no,https://nakitbahis.com/contact,,not contacted,,,yes,200,Nakitbahis: Resmi Erişim Adresi - Nakitbahis Giriş,,
Ampm,ampm.casino,https://ampm.casino,3-102-950476 LIMITADA,ALSI-202602013-FI1,2026-02-16,2027-02-15,no,https://ampm.casino/contact,,not contacted,,,yes,200,"The best online casino, a large selection of slots, mobile casino",,
SpinGreen Casino,spingreen.casino,https://spingreen.casino,3-102-950476 LIMITADA,ALSI-202602013-FI1,2026-02-16,2027-02-15,no,https://spingreen.casino/contact,,not contacted,,,yes,200,SpinGreen Casino: Online Casino with Top Slots & Bonuses,,
Tycoon,tycoonwin.com,https://tycoonwin.com,3-102-950476 LIMITADA,ALSI-202602013-FI1,2026-02-16,2027-02-15,no,https://tycoonwin.com/contact,,not contacted,,,yes,200,Tycoon,,
Metawin,metawin.com,https://metawin.com,Rivolo Limited,ALSI-202602025-FI1,2026-02-16,2027-02-15,no,https://metawin.com/contact,,not contacted,,,yes,200,,,
HIT,hit.com,https://hit.com,Novarex Media Ltd,ALSI-202602026-FI1,2026-02-16,2027-02-15,no,https://hit.com/contact,,not contacted,,,yes,200,HIT - Coming Soon,,
Online Poker & Casino Thailand,pokerjoker.com,https://pokerjoker.com,PJK Trading Ltd,ALSI-202602001-FI1,2026-02-16,2027-02-15,no,https://pokerjoker.com/contact,,not contacted,,,yes,200,Online Poker & Casino Thailand – Play with THB & Real Cash | PokerJoker,,
Roulo,roulobets.com,https://roulobets.com,Roulo Interactive Games LLC,ALSI-202602053-FI2,2026-02-16,2027-02-15,no,https://roulobets.com/contact,,not contacted,,,yes,200,Roulo: Online Casino - Play & Bet Online,,
Roulo,roulo.gg,https://roulo.gg,Roulo Interactive Games LLC,ALSI-202602053-FI2,2026-02-16,2027-02-15,no,https://roulo.gg/contact,,not contacted,,,yes,200,Roulo: Online Casino - Play & Bet Online,,
Batcasino,batcasino.bet,https://batcasino.bet,3-102-953033 SRL,ALSI-202602037-FI2,2026-02-28,2027-02-27,no,https://batcasino.bet/contact,,not contacted,,,yes,200,Batcasino,,
Gamealotroyale,gamealotroyale.com,https://gamealotroyale.com,3-102-954988 SRL,ALSI-202602051-FI2,2026-02-28,2027-02-27,no,https://gamealotroyale.com/contact,,not contacted,,,yes,200,Gamealotroyale,,
AppleiCasino,appleicasino.com,https://appleicasino.com,AIC Enterprises LLC,ALSI-202602038-FI2,2026-02-28,2027-02-27,no,https://appleicasino.com/contact,,not contacted,,,yes,200,AppleiCasino | Crypto Casino,,
SportifPro,sportifpro.com,https://sportifpro.com,Ameriserv LLC,ALSI-202602034-FI2,2026-02-28,2027-02-27,no,https://sportifpro.com/contact,,not contacted,,,yes,200,SportifPro | Apuestas Deportivas y Casino Online en Chile,,
Castle,castle.com,https://castle.com,Broken Tentacle Ltd,ALSI-202602048-FI2,2026-02-28,2027-02-27,no,https://castle.com/contact,,not contacted,,,yes,200,"Castle | The most immersive, community-driven casino ever built",,
Cola.com,cola.com,https://cola.com,Desert Star Limited,ALSI-202602041-FI2,2026-02-28,2027-02-27,no,https://cola.com/contact,,not contacted,,,yes,200,Cola.com,,
Craze Casino,craze.casino,https://craze.casino,Gridline Limited,ALSI-202602036-FI2,2026-02-28,2027-02-27,no,https://craze.casino/contact,,not contacted,,,yes,200,Craze Casino,,
Kheli,kheli.bet,https://kheli.bet,Ingrex Tech LTD,ALSI-202602050-FI2,2026-02-28,2027-02-27,no,https://kheli.bet/contact,,not contacted,,,yes,200,,,
xBagh Casino,xbagh.casino,https://xbagh.casino,Ingrex Tech LTD,ALSI-202602050-FI2,2026-02-28,2027-02-27,no,https://xbagh.casino/contact,,not contacted,,,yes,200,xBagh Casino – Best Online Casino in Bangladesh (BDT),,
tengri.casino,tengri.casino,https://tengri.casino,Ingrex Tech LTD,ALSI-202602050-FI2,2026-02-28,2027-02-27,no,https://tengri.casino/contact,,not contacted,,,yes,200,tengri.casino,,
Otobet,otobet.com,https://otobet.com,Obsidian Titan Limited,ALSI-202602052-FI2,2026-02-28,2027-02-27,no,https://otobet.com/contact,,not contacted,,,yes,200,Otobet,,
Slotin,slotin.com,https://slotin.com,Obsidian Titan Limited,ALSI-202602052-FI2,2026-02-28,2027-02-27,no,https://slotin.com/contact,,not contacted,,,yes,200,Slotin,,
Betewin Güncel Giriş Adresi 2025,betewin.com,https://betewin.com,Obsidian Titan Limited,ALSI-202602052-FI2,2026-02-28,2027-02-27,no,https://betewin.com/contact,,not contacted,,,yes,200,Betewin Güncel Giriş Adresi 2025 | Yeni Betewin Linki ve Resmi Site,,
SoloBet AMP,betpublic.com,https://betpublic.com,Obsidian Titan Limited,ALSI-202602052-FI2,2026-02-28,2027-02-27,no,https://betpublic.com/contact,,not contacted,,,yes,200,SoloBet AMP,,
Starzbet,starzbet.com,https://starzbet.com,Obsidian Titan Limited,ALSI-202602052-FI2,2026-02-28,2027-02-27,no,https://starzbet.com/contact,,not contacted,,,yes,200,Starzbet,,
Baywin,baywin.com,https://baywin.com,Obsidian Titan Limited,ALSI-202602052-FI2,2026-02-28,2027-02-27,no,https://baywin.com/contact,,not contacted,,,yes,200,Baywin - Baywin Giriş,,
Bycasino,bycasino.com,https://bycasino.com,Obsidian Titan Limited,ALSI-202602052-FI2,2026-02-28,2027-02-27,no,https://bycasino.com/contact,,not contacted,,,yes,200,Bycasino – Bycasino Giriş – Bycasino Güncel Giriş,,
Luxslot lic,luxslot.com,https://luxslot.com,Obsidian Titan Limited,ALSI-202602052-FI2,2026-02-28,2027-02-27,no,https://luxslot.com/contact,,not contacted,,,yes,200,Luxslot lic,,
Betira lic,betira.com,https://betira.com,Obsidian Titan Limited,ALSI-202602052-FI2,2026-02-28,2027-02-27,no,https://betira.com/contact,,not contacted,,,yes,200,Betira lic,,
Northwin lic,northwin.com,https://northwin.com,Obsidian Titan Limited,ALSI-202602052-FI2,2026-02-28,2027-02-27,no,https://northwin.com/contact,,not contacted,,,yes,200,Northwin lic,,
Jasino,jasino.com,https://jasino.com,Obsidian Titan Limited,ALSI-202602052-FI2,2026-02-28,2027-02-27,no,https://jasino.com/contact,,not contacted,,,yes,200,Jasino,,
Ligobet,ligobet.com,https://ligobet.com,Obsidian Titan Limited,ALSI-202602052-FI2,2026-02-28,2027-02-27,no,https://ligobet.com/contact,,not contacted,,,yes,200,Ligobet,,
SoloBet AMP,solobet.com,https://solobet.com,Obsidian Titan Limited,ALSI-202602052-FI2,2026-02-28,2027-02-27,no,https://solobet.com/contact,,not contacted,,,yes,200,SoloBet AMP,,
Dodobet global,dodobet.com,https://dodobet.com,Obsidian Titan Limited,ALSI-202602052-FI2,2026-02-28,2027-02-27,no,https://dodobet.com/contact,,not contacted,,,yes,200,Dodobet global,,
Howzit.com,howzitcasino.com,https://howzitcasino.com,RegalTech Solutions Limitada,ALSI-202602046-FI2,2026-02-28,2027-02-27,no,https://howzitcasino.com/contact,,not contacted,,,yes,200,Howzit.com,,
Lt,lt.com,https://lt.com,RegalTech Solutions Limitada,ALSI-202602046-FI2,2026-02-28,2027-02-27,no,https://lt.com/contact,,not contacted,,,yes,200,,,
Letou,letou.com,https://letou.com,RegalTech Solutions Limitada,ALSI-202602046-FI2,2026-02-28,2027-02-27,no,https://letou.com/contact,,not contacted,,,yes,200,,,
Mrcat,mrcat.com,https://mrcat.com,RegalTech Solutions Limitada,ALSI-202602046-FI2,2026-02-28,2027-02-27,no,https://mrcat.com/contact,,not contacted,,,yes,200,,,
Vwin,vwin.com,https://vwin.com,RegalTech Solutions Limitada,ALSI-202602046-FI2,2026-02-28,2027-02-27,no,https://vwin.com/contact,,not contacted,,,yes,200,,,
🎰 Еномо Казино,enomocasino.com,https://enomocasino.com,3-102-944179 SRL,ALSI-202603016-FI1,2026-03-01,2027-02-28,no,https://enomocasino.com/contact,,not contacted,,,yes,200,"🎰 Еномо Казино | Enomo Casino — Официальный сайт, 12к+ игр, бонусы, регистрируйся на 🎯",,
Betting website,time4bets.com,https://time4bets.com,AWSLO Limited,ALSI-202603024-FI1,2026-03-03,2027-03-02,no,https://time4bets.com/contact,,not contacted,,,yes,200,Betting website,,
Gooobet,gooobet.com,https://gooobet.com,AWSLO Limited,ALSI-202603024-FI1,2026-03-03,2027-03-02,no,https://gooobet.com/contact,,not contacted,,,yes,203,,,
Online Casino ve Spor Bahisleri,maksibet.com,https://maksibet.com,3-102-939685 SRL,ALSI-202603030-FI1,2026-03-08,2027-03-07,no,https://maksibet.com/contact,,not contacted,,,yes,200,Online Casino ve Spor Bahisleri,,
Hotslot Resmi Site,hotslot.com,https://hotslot.com,3-102-947593 SRL,ALSI-202603005-FI1,2026-03-14,2027-03-13,no,https://hotslot.com/contact,,not contacted,,,yes,200,Hotslot Resmi Site | Hotslot Güncel Giriş,,
Egebet Resmi Web Sitesi,egebet.com,https://egebet.com,3-102-947593 SRL,ALSI-202603005-FI1,2026-03-14,2027-03-13,no,https://egebet.com/contact,,not contacted,,,yes,200,Egebet Resmi Web Sitesi | Güncel Giriş Adresi,,
Slotio,slotio.com,https://slotio.com,3-102-947593 SRL,ALSI-202603005-FI1,2026-03-14,2027-03-13,no,https://slotio.com/contact,,not contacted,,,yes,200,Slotio 🎰 Canlı Casino & Slot Oyunlarında Büyük Kazan!,,
LugarBet,lugarbet.com,https://lugarbet.com,3-102-951260 SRL,ALSI-202603001-FI1,2026-03-14,2027-03-13,no,https://lugarbet.com/contact,,not contacted,,,yes,200,LugarBet,,
Celtabet Türkiye,celtabet.com,https://celtabet.com,3-102-952681 SRL,ALSI-202603008-FI1,2026-03-14,2027-03-13,no,https://celtabet.com/contact,,not contacted,,,yes,200,Celtabet Türkiye | Canlı Bahis & Casino & Canlı Casino Sitesi,,
Casino,zumabet.com,https://zumabet.com,3-102-952681 SRL,ALSI-202603008-FI1,2026-03-14,2027-03-13,no,https://zumabet.com/contact,,not contacted,,,yes,200,Casino,,
Lord,lord.casino,https://lord.casino,3-102-952681 SRL,ALSI-202603008-FI1,2026-03-14,2027-03-13,no,https://lord.casino/contact,,not contacted,,,yes,200,,,
Parmabet,parmabet.com,https://parmabet.com,3-102-952681 SRL,ALSI-202603008-FI1,2026-03-14,2027-03-13,no,https://parmabet.com/contact,,not contacted,,,yes,200,Parmabet | Türkiyenin En Güvenilir Canlı Bahis & Canlı Casino & Slot Sitesi,,
Bettogames,bettogames.com,https://bettogames.com,3-102-954365 SRL,ALSI-202603002-FI1,2026-03-14,2027-03-13,no,https://bettogames.com/contact,,not contacted,,,yes,200,Bettogames,,
Betss,betss.com,https://betss.com,Ceylonite Ltd,ALSI-202603025-FI1,2026-03-14,2027-03-13,no,https://betss.com/contact,,not contacted,,,yes,200,Betss - Better Betss with Sporting Star,,
Bahizz,bahizz.com,https://bahizz.com,High Gaming IT Services Limited,ALSI-202603023-FI1,2026-03-14,2027-03-13,no,https://bahizz.com/contact,,not contacted,,,yes,200,,,
WePoker官网,wpk.com,https://wpk.com,High Gaming IT Services Limited,ALSI-202603023-FI1,2026-03-14,2027-03-13,no,https://wpk.com/contact,,not contacted,,,yes,200,WePoker官网,,
WePoker官网,wepoker.com,https://wepoker.com,High Gaming IT Services Limited,ALSI-202603023-FI1,2026-03-14,2027-03-13,no,https://wepoker.com/contact,,not contacted,,,yes,200,WePoker官网,,
Betixir,betixir.com,https://betixir.com,Maltech Ltd,ALSI-202603007-FI1,2026-03-14,2027-03-13,no,https://betixir.com/contact,,not contacted,,,yes,200,Betixir: Turkey's Most Reliable Betting and Casino Site,,
Capitolbet,capitolbet.com,https://capitolbet.com,Maltech Ltd,ALSI-202603007-FI1,2026-03-14,2027-03-13,no,https://capitolbet.com/contact,,not contacted,,,yes,200,Capitolbet: Turkey's Most Reliable Betting and Casino Site,,
Trendbet,trendbet.com,https://trendbet.com,Maltech Ltd,ALSI-202603007-FI1,2026-03-14,2027-03-13,no,https://trendbet.com/contact,,not contacted,,,yes,200,Trendbet | Türkiye'nin en güvenilir şans oyunları sitesi,,
Taksimbet,taksimbet.com,https://taksimbet.com,Maltech Ltd,ALSI-202603007-FI1,2026-03-14,2027-03-13,no,https://taksimbet.com/contact,,not contacted,,,yes,200,Taksimbet: Turkey's Most Reliable Betting and Casino Site,,
Parobet,parobet.com,https://parobet.com,Maltech Ltd,ALSI-202603007-FI1,2026-03-14,2027-03-13,no,https://parobet.com/contact,,not contacted,,,yes,200,Parobet,,
Flush.io,flush.io,https://flush.io,Purple Dragon Ltd.,ALSI-202603027-FI1,2026-03-14,2027-03-13,no,https://flush.io/contact,,not contacted,,,yes,200,Flush.io — The next classic starts here,,
QQPK,qqpk.com,https://qqpk.com,QQPOKER Technology Limited,ALSI-202603009-FI1,2026-03-14,2027-03-13,no,https://qqpk.com/contact,,not contacted,,,yes,200,QQPK,,
QQPK,qqpk.poker,https://qqpk.poker,QQPOKER Technology Limited,ALSI-202603009-FI1,2026-03-14,2027-03-13,no,https://qqpk.poker/contact,,not contacted,,,yes,200,QQPK,,
Slotzula,slotzula.com,https://slotzula.com,Rambo Corp Limited,ALSI-202603015-FI1,2026-03-14,2027-03-13,no,https://slotzula.com/contact,,not contacted,,,yes,200,Slotzula,,
pr1mebet.com,pr1mebet.com,https://pr1mebet.com,Prime Entertainment Ltd,ALSI-202603032-FI1,2026-03-16,2027-03-15,no,https://pr1mebet.com/contact,,not contacted,,,yes,200,pr1mebet.com,URLError,
dalercasino.com,dalercasino.com,https://dalercasino.com,3-102-950194 SRL,ALSI-202603035-FI2,2026-03-31,2027-03-30,no,https://dalercasino.com/contact,,not contacted,,,yes,200,dalercasino.com,URLError,
Jp88,jp88.io,https://jp88.io,3-102-950412 LIMITADA,ALSI-202603036-FI2,2026-03-31,2027-03-30,no,https://jp88.io/contact,,not contacted,,,yes,200,,,
Jackpot88,jackpot88.io,https://jackpot88.io,3-102-950412 LIMITADA,ALSI-202603036-FI2,2026-03-31,2027-03-30,no,https://jackpot88.io/contact,,not contacted,,,yes,200,,,
Normal Game,normal-game.com,https://normal-game.com,3-102-950813 LIMITADA,ALSI-202603038-FI2,2026-03-31,2027-03-30,no,https://normal-game.com/contact,,not contacted,,,yes,200,,,
Normal,normal.game,https://normal.game,3-102-950813 LIMITADA,ALSI-202603038-FI2,2026-03-31,2027-03-30,no,https://normal.game/contact,,not contacted,,,yes,200,,,
Betfuze,betfuze.com,https://betfuze.com,BET Fusion Ltd,ALSI-202603042-FI2,2026-03-31,2027-03-30,no,https://betfuze.com/contact,,not contacted,,,yes,200,Betfuze – Next-Gen Crypto Casino | Instant & No-Limit Deposits & Withdrawals,,
EZBET 이지벳,ezbet.com,https://ezbet.com,Brightshore Solutions Ltd,ALSI-202603044-FI2,2026-03-31,2027-03-30,no,https://ezbet.com/contact,,not contacted,,,yes,200,EZBET 이지벳 | 검증된 유럽형 라이브스포츠 · 라이브 카지노 · 슬롯 · 가상게임,,
LIQD,liqd.com,https://liqd.com,LIQD LTD,ALSI-202603048-FI2,2026-03-31,2027-03-30,no,https://liqd.com/contact,,not contacted,,,yes,200,LIQD - VIP waitlist,,
LIQD,liqd.gg,https://liqd.gg,LIQD LTD,ALSI-202603048-FI2,2026-03-31,2027-03-30,no,https://liqd.gg/contact,,not contacted,,,yes,200,LIQD,,
TEN by TEN BET / 10x10bet,10x10bet.com,https://10x10bet.com,Normanhouse LTD,ALSI-202603050-FI2,2026-03-31,2027-03-30,no,https://10x10bet.com/contact,,not contacted,,,yes,200,TEN by TEN BET / 10x10bet,,
Home,10x10.bet,https://10x10.bet,Normanhouse LTD,ALSI-202603050-FI2,2026-03-31,2027-03-30,no,https://10x10.bet/contact,,not contacted,,,yes,200,Home - 10x10-bet-crypto-18773316,,
Tau777,tau777.mx,https://tau777.mx,Novaspin Network Ltd,ALSI-202603051-FI2,2026-03-31,2027-03-30,no,https://tau777.mx/contact,,not contacted,,,yes,200,"Mejores juegos en línea , Juegos y apuestas tau777.mx",,
OKTOP.MX,oktop.mx,https://oktop.mx,Novaspin Network Ltd,ALSI-202603051-FI2,2026-03-31,2027-03-30,no,https://oktop.mx/contact,,not contacted,,,yes,200,OKTOP.MX,,
Azure Static Web Apps,maxxed.io,https://maxxed.io,Obsidian Ventures Limited,ALSI-202603052-FI2,2026-03-31,2027-03-30,no,https://maxxed.io/contact,,not contacted,,,yes,200,Azure Static Web Apps - Password Protected,,
Bet303,bet303.com,https://bet303.com,Play Fortune Entertainment Ltd,ALSI-202603053-FI2,2026-03-31,2027-03-30,no,https://bet303.com/contact,,not contacted,,,yes,200,سایت پیش بینی فوتبال معتبر بت ۳۰۳ Bet شرط بندی آنلاین,,
Betting website,bet808.com,https://bet808.com,Play Fortune Entertainment Ltd,ALSI-202603053-FI2,2026-03-31,2027-03-30,no,https://bet808.com/contact,,not contacted,,,yes,200,Betting website,,
알파벳/ALPHABET / Alphabet,alphabet79.com,https://alphabet79.com,Silverline Source Ltd,ALSI-202603064-FI2,2026-03-31,2027-03-30,no,https://alphabet79.com/contact,,not contacted,,,yes,200,알파벳/ALPHABET / Alphabet,,
Solstake.tv,solstake.tv,https://solstake.tv,SOLSTART LTD,ALSI-202603055-FI2,2026-03-31,2027-03-30,no,https://solstake.tv/contact,,not contacted,,,yes,200,Solstake.tv | Token-Gated Livestreaming on Solana,,
Home / 10xwin,10x.win,https://10x.win,Vantage Crest Ltd,ALSI-202603058-FI2,2026-03-31,2027-03-30,no,https://10x.win/contact,,not contacted,,,yes,200,Home / 10xwin,,
Play & Host Online Poker Clubs,pokerclubhub.com,https://pokerclubhub.com,3-102-953867 SRL,ALSI-202604005-FI1,2026-04-14,2027-04-13,no,https://pokerclubhub.com/contact,,not contacted,,,yes,200,Play & Host Online Poker Clubs | PokerClubHub – Licensed & Secure,,
Platform,rolly.info,https://rolly.info,3-102-954977 SRL,ALSI-202604001-FI1,2026-04-14,2027-04-13,no,https://rolly.info/contact,,not contacted,,,yes,200,Platform,,
Place.bet Partners,placebet.partners,https://placebet.partners,3-102-959375 SRL,ALSI-202604017-FI1,2026-04-14,2027-04-13,no,https://placebet.partners/contact,,not contacted,,,yes,200,Place.bet Partners - Home,,
MYBC Casino,mybc.game,https://mybc.game,AceQueen Limited,ALSI-202604006-FI1,2026-04-14,2027-04-13,no,https://mybc.game/contact,,not contacted,,,yes,200,"MYBC Casino — Crypto Casino & Sportsbook | Bitcoin, ETH, USDT",,
Playify,playify.com,https://playify.com,Calla Pulse Ltd,ALSI-202604007-FI1,2026-04-14,2027-04-13,no,https://playify.com/contact,,not contacted,,,yes,200,Playify,,
Default Landing Page,betlexo.com,https://betlexo.com,Fortuna Dynamics Ltd,ALSI-202604009-FI1,2026-04-14,2027-04-13,no,https://betlexo.com/contact,,not contacted,,,yes,200,Default Landing Page,,
Herkulbet,herkulbet.com,https://herkulbet.com,Golden Ridge Group Ltd,ALSI-202604010-FI1,2026-04-14,2027-04-13,no,https://herkulbet.com/contact,,not contacted,,,yes,200,,URLError,
LegendDrop,legenddrop.com,https://legenddrop.com,Legenddrop Ltd,ALSI-202604012-FI1,2026-04-14,2027-04-13,no,https://legenddrop.com/contact,,not contacted,,,yes,200,LegendDrop - Premium Mystery Boxes & Case Battles | Win Legendary Items,,
Your Domains,anklebone.io,https://anklebone.io,Anklebone Limited,ALSI-202507042-FI2,2026-04-22,2026-07-30,no,https://anklebone.io/contact,,not contacted,,,yes,200,Your Domains,URLError,
2KBet,2k.bet,https://2k.bet,2K Services Ltd,ALSI-202604019-FI2,2026-04-29,2027-04-28,no,https://2k.bet/contact,,not contacted,,,yes,200,2KBet,,
HelloCasino,hellocasino.io,https://hellocasino.io,3-102-940372 SRL,ALSI-202604020-FI2,2026-04-29,2027-04-28,no,https://hellocasino.io/contact,,not contacted,,,yes,200,"HelloCasino – Online Casino, Crypto Slots & Live Games 2025",,
Kranz Top,kranz.top,https://kranz.top,3-102-952153 SRL,ALSI-202604024-FI2,2026-04-29,2027-04-28,no,https://kranz.top/contact,,not contacted,,,yes,200,Kranz Top – Best casino in the World!,,
Pariland,pariland.com,https://pariland.com,3-102-952738 SRL,ALSI-202604025-FI2,2026-04-29,2027-04-28,no,https://pariland.com/contact,,not contacted,,,yes,203,,,
Reeljoy,reeljoy.com,https://reeljoy.com,3-102-952820 SRL,ALSI-202604026-FI2,2026-04-29,2027-04-28,no,https://reeljoy.com/contact,,not contacted,,,yes,200,Reeljoy,,
Loading...,casshiva.com,https://casshiva.com,3-102-952932 SRL,ALSI-202604027-FI2,2026-04-29,2027-04-28,no,https://casshiva.com/contact,,not contacted,,,yes,200,Loading...,,
Loading...,parolambet.com,https://parolambet.com,3-102-952932 SRL,ALSI-202604027-FI2,2026-04-29,2027-04-28,no,https://parolambet.com/contact,,not contacted,,,yes,200,Loading...,,
Loading...,donebets.com,https://donebets.com,3-102-952932 SRL,ALSI-202604027-FI2,2026-04-29,2027-04-28,no,https://donebets.com/contact,,not contacted,,,yes,200,Loading...,,
BUFF.gg,buff.gg,https://buff.gg,3-102-954785 LIMITADA,ALSI-202604028-FI2,2026-04-29,2027-04-28,no,https://buff.gg/contact,,not contacted,,,yes,200,BUFF.gg,,
Gamblit,gamblit.net,https://gamblit.net,3-102-954785 LIMITADA,ALSI-202604028-FI2,2026-04-29,2027-04-28,no,https://gamblit.net/contact,,not contacted,,,yes,200,,,
Cosmoracasinos,cosmoracasinos.com,https://cosmoracasinos.com,3-102-958311 SRL,ALSI-202604029-FI2,2026-04-29,2027-04-28,no,https://cosmoracasinos.com/contact,,not contacted,,,yes,200,Cosmoracasinos,,
Interwin,interwin.com,https://interwin.com,3-102-959230 SRL,ALSI-202604030-FI2,2026-04-29,2027-04-28,no,https://interwin.com/contact,,not contacted,,,yes,200,Interwin | Trusted Online Casino Malaysia - Mega888 Slot Partner,,
Ganare,ganare.com,https://ganare.com,Born Champion Entertainment Ltd,ALSI-202604031-FI2,2026-04-29,2027-04-28,no,https://ganare.com/contact,,not contacted,,,yes,200,Ganare,,
Stepsino,stepsino.com,https://stepsino.com,Dexbay Ltd,ALSI-202604033-FI2,2026-04-29,2027-04-28,no,https://stepsino.com/contact,,not contacted,,,yes,200,Stepsino,,
Keyzino,keyzino.com,https://keyzino.com,Dexbay Ltd,ALSI-202604033-FI2,2026-04-29,2027-04-28,no,https://keyzino.com/contact,,not contacted,,,yes,200,Keyzino,,
Sinbet,sinbet.co.com,https://sinbet.co.com,GK INTERACTIVE LTD,ALSI-202604035-FI2,2026-04-29,2027-04-28,no,https://sinbet.co.com/contact,,not contacted,,,yes,200,,,
Gorilla Casino,gorillacasinos.com,https://gorillacasinos.com,Luminous Interactive Solutions Ltd,ALSI-202604040-FI2,2026-04-29,2027-04-28,no,https://gorillacasinos.com/contact,,not contacted,,,yes,200,Gorilla Casino,,
Hype247,hype247.bet,https://hype247.bet,One Crane Studio Ltd,ALSI-202604043-FI2,2026-04-29,2027-04-28,no,https://hype247.bet/contact,,not contacted,,,yes,200,Hype247 | Online Casino,,
Coming Soon,stakevegas.net,https://stakevegas.net,PlayTrust Ltd,ALSI-202604044-FI2,2026-04-29,2027-04-28,no,https://stakevegas.net/contact,,not contacted,,,yes,200,Coming Soon,,
Stake Vegas,stakevegas.com,https://stakevegas.com,PlayTrust Ltd,ALSI-202604044-FI2,2026-04-29,2027-04-28,no,https://stakevegas.com/contact,,not contacted,,,yes,200,"Stake Vegas | Online Crypto Casino, Sports Betting & Instant Payouts",,
Matbet,matbet.com,https://matbet.com,Vesaro Limited,ALSI-202604046-FI2,2026-04-29,2027-04-28,no,https://matbet.com/contact,,not contacted,,,yes,200,Matbet: Resmi Giriş Adresi - Matbet Giriş,,
Elitcasino,elitcasino.com,https://elitcasino.com,Vesaro Limited,ALSI-202604046-FI2,2026-04-29,2027-04-28,no,https://elitcasino.com/contact,,not contacted,,,yes,200,Elitcasino,,
Play and Predict,playandpredict.io,https://playandpredict.io,Blackmere Ltd,ALSI-202605032-FI1,2026-05-11,2027-05-10,no,https://playandpredict.io/contact,,not contacted,,,yes,200,Play and Predict — Licensed casino and sportsbook inside Binance,,
Degenta,degenta.com,https://degenta.com,Thornwick Ltd,ALSI-202605028-FI1,2026-05-11,2027-05-10,no,https://degenta.com/contact,,not contacted,,,yes,200,Degenta,,
Mollydice,mollydice.com,https://mollydice.com,Satoshi Labs Ltd,ALSI-202605020-FI1,2026-05-15,2027-05-14,no,https://mollydice.com/contact,,not contacted,,,yes,200,MollyDice Best No KYC Crypto Casino & Sportsbook Platform 2026,,
STAR.GG,star.gg,https://star.gg,Skyborn Limited,ALSI-202605021-FI1,2026-05-15,2027-05-14,no,https://star.gg/contact,,not contacted,,,yes,200,STAR.GG,,
