operator,brands,contact_email,reachable,flagship_brand,flagship_site,newest_licence,name_is_reg_number,all_domains,status,contacted_on,notes
3-102-940828 SRL,27,support@wgcasino.email,yes,WG Casino,https://wgcasino.best,2025-10-29,yes,wgcasino.best dailyluck.com admiralshark.best casigood.best casiroom.best chillireels.best clockfortune.best euphoriawins.best fancyreels.best fruitychance.best jimmywinner.best lbspins.best magicreels.best maximumcasino.best misterxcasino.best orionspins.best papayawins.best professorwins.best shinyjoker.best slotsshine.best slotsmuse.best spinmywin.best triumphcasino.best twinkywin.best voodoowins.best windiggers.best yetiwin.best,not contacted,,
Win Top Ltd,18,,no,Forbidden,https://duffspin.com,2025-09-16,no,duffspin.com zombillion.com garrisonbet.com unlimluck.com spinathlon.com daytonaspin.com bananzia.com luckycrew.com hahaspin.com spinpolo.com winwinter.com heavybet.com woolbet.com spinformula.com nightluck.com villaspin.com betmica.com tweedbet.com,not contacted,,
Obsidian Titan Limited,15,marketing@zlot.com,yes,Zlot,https://zlot.com,2026-02-28,no,zlot.com otobet.com slotin.com betewin.com betpublic.com starzbet.com baywin.com bycasino.com luxslot.com betira.com northwin.com jasino.com ligobet.com solobet.com dodobet.com,not contacted,,
Galactic Infinity Ltd,8,destek@matadorbet.com,yes,Matadorbet ⚡️ Matadorbet Giriş 2026 ⚡️,https://matadorbet.com,2025-11-30,no,matadorbet.com zbahis.com fixbet.com bahis.com tipobet365.com sahabet.com betturkey.com tipobet.com,not contacted,,
Fortuna Digital Solutions FDS Limitada,8,,no,Yekbet,https://yekbet.com,2025-09-30,no,yekbet.com ikasbet.com asyabahis.com dumanbet.com maltcasino.com olabahis.com pinbahis.com spinman.com,not contacted,,
On Read SRL,7,,no,PartyBet,https://partybet.ai,2025-08-29,no,partybet.ai partybet.app partybet.bot partybet.casino partybet.fun partybet.social partybet.win,not contacted,,
Sphynx Solutions Inc,7,,no,Bahismosco9999,https://bahismosco9999.com,2026-01-31,no,bahismosco9999.com bonitabet9999.com gangbahis9999.com kazanla9999.com tronbet9999.com ruletin9999.com 1hitbet9999.com,not contacted,,
U2IS Limited,7,,no,Gbjp,https://gbjp.fun,2026-01-31,no,gbjp.fun hana.asia longtian.bet a1slot.net oncasi.com u2is.tech winpeso.asia,not contacted,,
Gameway Global LLC,6,support-en@africa-bizbet.com,yes,BizBet Africa Official Website,https://africa-bizbet.com,2025-11-30,no,africa-bizbet.com bizbet.mobi bizbet-biz.com bizbet.io mn-bizbet.io bizbet-au.com,not contacted,,
Wild Blackfin Limited SRL,6,,no,ArtCasino.io,https://artcasino.io,2026-01-31,no,artcasino.io betcrush.com casinoorca.com wett-bet.com lumibet.com winspin.ai,not contacted,,
Novatrix SRL,5,support@levelupcasino.com,yes,LevelUp Casino,https://levelupcasino.com,2025-08-25,no,levelupcasino.com spinsamurai.com betibet.com voodoo.casino 21bit.com,not contacted,,
Mistletoe Ltd,5,affiliate@levabet.com,yes,LevaBet,https://levabet.com,2025-08-29,no,levabet.com matixbet.com betpir.com kuzeycasino.com evetabi.com,not contacted,,
Riotorto Digital LTD,5,,no,Betting website,https://betticket.com,2026-01-15,no,betticket.com bet10bet.com grandbetting.com queenbet.com betlike.com,not contacted,,
RegalTech Solutions Limitada,5,,no,Howzit.com,https://howzitcasino.com,2026-02-28,no,howzitcasino.com lt.com letou.com mrcat.com vwin.com,not contacted,,
Maltech Ltd,5,,no,Betixir,https://betixir.com,2026-03-14,no,betixir.com capitolbet.com trendbet.com taksimbet.com parobet.com,not contacted,,
Juicecraft Limited,4,abuse@gbetplay.net,yes,Gbet Casino,https://gbetplay.net,2025-11-15,no,gbetplay.net afrislots.net elvisluck.net ganamega.net,not contacted,,
Real Tech Ltd,4,support@ustabet.com,yes,...,https://ustabet.com,2026-01-15,no,ustabet.com betmarino.com avrupabet.com rekorbet.com,not contacted,,
High Gaming IT Services Limited,4,rakesh.sharma@a5labs.co,yes,Poker King,https://pk8.com,2026-03-14,no,pk8.com bahizz.com wpk.com wepoker.com,not contacted,,
3-102-937046 SRL,4,,no,CryptoBoss,https://cryptobosscasino.com,2025-09-16,yes,cryptobosscasino.com unlimcasino.com casinohype.com aufcasino.com,not contacted,,
International Radical Investment Ltd,4,,no,Betphoenix,https://betphoenix.ag,2025-09-16,no,betphoenix.ag bogartcasino.ag skybook.ag betmania.ag,not contacted,,
MOONSEEKER SRL,4,,no,winbitcasino,https://winbitcasino.com,2025-09-16,no,winbitcasino.com vegazcasino.com mondcasino.com casinostars.io,not contacted,,
Nowplatform Ltd.,4,,no,Meritwin,https://meritwin.com,2025-09-16,no,meritwin.com yasalbahis.com volacasino.com haydicasino.com,not contacted,,
Capitanos Games Ltd,4,,no,Betbeto,https://betbeto.com,2025-09-30,no,betbeto.com bhaicasino.com cwinz.com bluebetz.com,not contacted,,
Ay Information Technology LTD,4,,no,MajorX,https://majorx.game,2025-11-15,no,majorx.game minorx.game grandx.game minix.game,not contacted,,
3-102-952681 SRL,4,,no,Celtabet Türkiye,https://celtabet.com,2026-03-14,yes,celtabet.com zumabet.com lord.casino parmabet.com,not contacted,,
Mirella Ltd,3,support@jokertipp.com,yes,Joker Tipp Casino,https://jokertipp.com,2025-09-16,no,jokertipp.com altaris.casino sierra.casino,not contacted,,
Narnium Solutions Ltd,3,support@narniumcasino.com,yes,NarniumCasino,https://narniumcasino.com,2025-11-30,no,narniumcasino.com narniaslots.com narniumslots.com,not contacted,,
Fortune HUB OÜ,3,support@fortunehub.io,yes,Fortune HUB,https://fortunehub.io,2025-12-22,no,fortunehub.io trc20play.com erc20play.com,not contacted,,
Vesaro Limited,3,support@betsmove.com,yes,Betsmove,https://betsmove.com,2026-04-29,no,betsmove.com matbet.com elitcasino.com,not contacted,,
Kitsilano Limitada,3,,no,Games,https://betanic.com,2025-08-29,no,betanic.com sportsduel.com squadduel.com,not contacted,,
QuestJack Ltd,3,,no,Questjack,https://questjack.com,2025-08-29,no,questjack.com tibiablackjack.com tibiadice.com,not contacted,,
Arkevia Group Ltd,3,,no,Kira.Bet,https://kirabet.com,2025-10-16,no,kirabet.com molcasino.com tomi.club,not contacted,,
Evoluxia Limitada,3,,no,ElipsBet,https://elipsbet.com,2025-10-16,no,elipsbet.com jupitercryptox.com olipsbet.com,not contacted,,
Lunex LLC,3,,no,Luckypari,https://luckypari.org,2025-10-16,no,luckypari.org luckypari.com luckypari.net,not contacted,,
Pacific Odds SRL,3,,no,Ebete,https://ebete.com,2025-10-16,no,ebete.com freespinz.com freespinz.casino,not contacted,,
3-102-942786 SRL,3,,no,SSExchange,https://ssplaywin.club,2025-12-01,yes,ssplaywin.club ssexch.io satfair.in,not contacted,,
3-102-949697 SRL,3,,no,Kavbet,https://kavbet.com,2026-02-16,yes,kavbet.com mavibet.com nakitbahis.com,not contacted,,
3-102-950476 LIMITADA,3,,no,Ampm,https://ampm.casino,2026-02-16,no,ampm.casino spingreen.casino tycoonwin.com,not contacted,,
Ingrex Tech LTD,3,,no,Kheli,https://kheli.bet,2026-02-28,no,kheli.bet xbagh.casino tengri.casino,not contacted,,
3-102-947593 SRL,3,,no,Hotslot Resmi Site,https://hotslot.com,2026-03-14,yes,hotslot.com egebet.com slotio.com,not contacted,,
3-102-952932 SRL,3,,no,Loading...,https://casshiva.com,2026-04-29,yes,casshiva.com parolambet.com donebets.com,not contacted,,
Digital Chain Ventures SRL,2,support@cooked.com,yes,Cooked Casino,https://cooked.com,2025-09-16,no,cooked.com cryptogaming.com,not contacted,,
Global Score Ltd,2,privacy@twixos.com,yes,Twixos,https://twixos.com,2025-09-16,no,twixos.com vexlbet.com,not contacted,,
Anzal Ltd,2,info@betfal.com,yes,Home,https://betfal.com,2025-10-16,no,betfal.com 369wins.com,not contacted,,
CONDOOR V.P. LIMITED,2,support@mangodorado.com,yes,...,https://caposino.com,2025-10-16,no,caposino.com g4mbit.com,not contacted,,
3-102-937610 SRL,2,support@j8de.io,yes,J8DE,https://j8de.io,2025-10-29,yes,j8de.io kush.casino,not contacted,,
3-102-946540 SRL,2,complaints@blockdag.co,yes,BlockDAG,https://blockdag.co,2025-11-30,yes,blockdag.co huhubet.com,not contacted,,
IsleSoft Lab Ltd.,2,info@slotbaba.com,yes,Slotbaba Official,https://slotbaba.com,2026-01-15,no,slotbaba.com spinrain.com,not contacted,,
Prime Entertainment Ltd,2,info@luckyclash.info,yes,Early Access,https://luckyclash.io,2026-03-16,no,luckyclash.io pr1mebet.com,not contacted,,
Spiritus Limited,2,support@oxy.casino,yes,OXY,https://oxy.casino,2026-03-31,no,oxy.casino fenixbet.online,not contacted,,
Anklebone Limited,2,service@dustbet.io,yes,DustBet<!,https://dustbet.io,2026-04-22,no,dustbet.io anklebone.io,not contacted,,
Win Vision N.V.,2,support@orowin.bet,yes,Orowin Casino,https://orowin.bet,2026-05-08,no,orowin.bet sikkaro.bet,not contacted,,
88gaming B.V.,2,,no,80벳,https://80bet.com,2025-08-20,no,80bet.com bet16.com,not contacted,,
3-102-938581 Limitada,2,,no,Funbet,https://funbet888.me,2025-08-29,no,funbet888.me funbet.me,not contacted,,
Flashpot Ltd,2,,no,Hello There!,https://acespinz.com,2025-08-29,no,acespinz.com slash.bet,not contacted,,
FunGame LLC,2,,no,BetBeast,https://betbeast.com,2025-08-29,no,betbeast.com spin.io,not contacted,,
Galaxy Byte Lab SRL,2,,no,Tonplay,https://tonplay.com,2025-08-29,no,tonplay.com godsgame.casino,not contacted,,
GC Service Group Ltd,2,,no,Casino Grizzly,https://grizzly.online,2025-08-29,no,grizzly.online grizzly.win,not contacted,,
Nova Code Limitada,2,,no,TuCasino,https://tucasino.lat,2025-08-29,no,tucasino.lat juegojoker.com,not contacted,,
Eagle Nobility LTD,2,,no,Grbets Resmi Giriş Adresi,https://grbets.com,2025-09-16,no,grbets.com acarbet.com,not contacted,,
Total Unlimited Marketing Ltd,2,,no,Spassino Casino,https://spassino.com,2025-09-16,no,spassino.com funbahis.com,not contacted,,
Zenobet Ltd,2,,no,Zenobet,https://zenobet.com,2025-09-16,no,zenobet.com zenobet.gg,not contacted,,
3-102-937541 SRL,2,,no,Betoranje,https://betoranje.com,2025-09-30,yes,betoranje.com inky.bet,not contacted,,
3-102-938906 SRL,2,,no,Mad Casino официальный сайт,https://mad.casino,2025-10-16,yes,mad.casino madcasino.org,not contacted,,
BMGruppe Ltd,2,,no,CasinoCrypto,https://casinocrypto.io,2025-10-16,no,casinocrypto.io booty.casino,not contacted,,
Lavbet Limitada,2,,no,LavBet,https://lavbet.co,2025-10-16,no,lavbet.co lavbet.com,not contacted,,
3-102-944744 SRL,2,,no,Gold Casino,https://gold24x7.com,2025-10-29,yes,gold24x7.com gold.casino,not contacted,,
Aurevia Digital Ventures Ltd,2,,no,Robobet,https://robobet.com,2025-10-29,no,robobet.com playbet.io,not contacted,,
DH Entertainment Ltd.,2,,no,Dh,https://dh.casino,2025-10-29,no,dh.casino dhcasino.games,not contacted,,
OWG Group Limited,2,,no,Mrcriptobet,https://mrcriptobet.com,2025-11-05,no,mrcriptobet.com tikbet.games,not contacted,,
3-102-938908 SRL,2,,no,Bolly Game,https://bollygame.com,2025-11-30,yes,bollygame.com k1.game,not contacted,,
3-102-945737 SRL,2,,no,LV33,https://lv33.com,2025-11-30,yes,lv33.com lv33.io,not contacted,,
3-102-945845 SRL,2,,no,Getwin,https://getwin.online,2025-11-30,yes,getwin.online fortislots.com,not contacted,,
3-102-947393 SRL,2,,no,pro11play.com is parked,https://pro11play.com,2025-11-30,yes,pro11play.com pro11casino.com,not contacted,,
3-102-946386 SRL,2,,no,Aryanbet,https://aryanbet.com,2025-12-15,yes,aryanbet.com xprobet.com,not contacted,,
OW Internacional Ltd,2,,no,GANGABET Apuestas y Casino Online,https://bufonbet.com,2025-12-15,no,bufonbet.com gangabet.mx,not contacted,,
Drazze Limited,2,,no,Drazze,https://drazzewin.com,2025-12-22,no,drazzewin.com drazze.casino,not contacted,,
Diamante Tech Ltd,2,,no,Spin Betz,https://spin-betz.com,2026-01-05,no,spin-betz.com theluckyspinz.com,not contacted,,
Luxora Interactive Limited,2,,no,Stradabet,https://stradabet.com,2026-01-15,no,stradabet.com hojabet.com,not contacted,,
GBO ASSETS LTD,2,,no,Quokkasino,https://quokkasino.com,2026-01-31,no,quokkasino.com goldante.com,not contacted,,
Roulo Interactive Games LLC,2,,no,Roulo,https://roulobets.com,2026-02-16,no,roulobets.com roulo.gg,not contacted,,
AWSLO Limited,2,,no,Betting website,https://time4bets.com,2026-03-03,no,time4bets.com gooobet.com,not contacted,,
QQPOKER Technology Limited,2,,no,QQPK,https://qqpk.com,2026-03-14,no,qqpk.com qqpk.poker,not contacted,,
3-102-950412 LIMITADA,2,,no,Jp88,https://jp88.io,2026-03-31,no,jp88.io jackpot88.io,not contacted,,
3-102-950813 LIMITADA,2,,no,Normal Game,https://normal-game.com,2026-03-31,no,normal-game.com normal.game,not contacted,,
LIQD LTD,2,,no,LIQD,https://liqd.com,2026-03-31,no,liqd.com liqd.gg,not contacted,,
Normanhouse LTD,2,,no,TEN by TEN BET / 10x10bet,https://10x10bet.com,2026-03-31,no,10x10bet.com 10x10.bet,not contacted,,
Novaspin Network Ltd,2,,no,Tau777,https://tau777.mx,2026-03-31,no,tau777.mx oktop.mx,not contacted,,
Play Fortune Entertainment Ltd,2,,no,Bet303,https://bet303.com,2026-03-31,no,bet303.com bet808.com,not contacted,,
3-102-954785 LIMITADA,2,,no,BUFF.gg,https://buff.gg,2026-04-29,no,buff.gg gamblit.net,not contacted,,
Dexbay Ltd,2,,no,Stepsino,https://stepsino.com,2026-04-29,no,stepsino.com keyzino.com,not contacted,,
PlayTrust Ltd,2,,no,Coming Soon,https://stakevegas.net,2026-04-29,no,stakevegas.net stakevegas.com,not contacted,,
Fatbets Ltd,1,support@gamdom.com,yes,Gamdom,https://fatbets.com,2025-08-29,no,fatbets.com,not contacted,,
EZCS Solutions Ltd,1,support@ezcash.casino,yes,EZCASH,https://ezcash.casino,2025-09-03,no,ezcash.casino,not contacted,,
Kingside Push Ltd,1,info@loonieplay.com,yes,loonieplay.com,https://loonieplay.com,2025-09-16,no,loonieplay.com,not contacted,,
Nuvorich Limited,1,support@game.com,yes,RICHEVO SLOT,https://richevoslot.com,2025-09-30,no,richevoslot.com,not contacted,,
3-102-939892 SRL,1,help@phonix.casino,yes,Phonix Casino,https://phonix.casino,2025-10-16,yes,phonix.casino,not contacted,,
Megapot Inc,1,support@megapot.io,yes,Megapot,https://megapot.io,2025-10-16,no,megapot.io,not contacted,,
3-102-942955 SRL,1,partners@whalebet.gg,yes,WhaleBet Online Casino & Sports Betting,https://whalebet.gg,2025-11-04,yes,whalebet.gg,not contacted,,
3-102-942828 SRL,1,support@slot.win,yes,Slot.win,https://slot.win,2025-11-15,yes,slot.win,not contacted,,
3-102-943085 SRL,1,hey@raize.poker,yes,RAIZE,https://raize.poker,2025-11-30,yes,raize.poker,not contacted,,
3-102-947775 Limitada,1,support@stakeboss.com,yes,Stakeboss Home,https://stakeboss.com,2025-11-30,no,stakeboss.com,not contacted,,
3-102-940062 SRL,1,example@email.com,yes,Sign in ・ Cloudflare Access,https://frogbet.com,2025-12-15,yes,frogbet.com,not contacted,,
Betida Entertainment Ltd,1,support@betida.com,yes,BETIDA,https://betida.com,2025-12-15,no,betida.com,not contacted,,
Grail Technologies Ltd.,1,you@email.com,yes,GrailDraw,https://graildraw.com,2025-12-15,no,graildraw.com,not contacted,,
Aldex Win Ltd,1,support@aldex.com,yes,Aldex Win,https://aldex.win,2025-12-22,no,aldex.win,not contacted,,
LuminousCompany Ltd.,1,support@luminous.casino,yes,Luminous,https://luminous.casino,2026-01-05,no,luminous.casino,not contacted,,
Oranox Ltd,1,support@spinay.com,yes,...,https://spinay.com,2026-01-15,no,spinay.com,not contacted,,
3-102-952781 SRL,1,support@betabc.io,yes,betabc,https://betabc.io,2026-02-16,yes,betabc.io,not contacted,,
Aymora Group Ltd,1,support@betamina.com,yes,"Online Casino, Sports Betting and Poker",https://betamina.com,2026-02-16,no,betamina.com,not contacted,,
Gamwiz Inc,1,marketing@gamwiz.com,yes,Gamwiz,https://gamwiz.com,2026-02-28,no,gamwiz.com,not contacted,,
Quantum House Ltd,1,contact@hyperoll.com,yes,Hyperoll Crypto Casino,https://hyperoll.com,2026-02-28,no,hyperoll.com,not contacted,,
Terravista Entertainment Ltd,1,sac@cat2bet.com,yes,Cat2Bet,https://cat2bet.com,2026-03-09,no,cat2bet.com,not contacted,,
Pulsiora Ltd,1,support@betum.com,yes,Mobile Casino & Sports Betting,https://betum.com,2026-03-14,no,betum.com,not contacted,,
3-102-953088 SRL,1,support@redslot.com,yes,Access Restricted,https://redslot.com,2026-03-31,yes,redslot.com,not contacted,,
Dragonfruit Limited,1,support@sansli.io,yes,Sansli,https://sansli.io,2026-03-31,no,sansli.io,not contacted,,
Royal Edge Holdings Limited,1,support@dragoon.dev,yes,Online Casino & Slots,https://vegasking.io,2026-04-14,no,vegasking.io,not contacted,,
Lock In Capital Ltd,1,support@trenchbet.com,yes,Trench Bet,https://trenchbet.com,2026-04-29,no,trenchbet.com,not contacted,,
3-102-938326 SRL,1,,no,Vamo Play,https://vamoplay.com,2025-08-29,yes,vamoplay.com,not contacted,,
BrightSky Ltd,1,,no,Great Slot,https://greatslots.com,2025-08-29,no,greatslots.com,not contacted,,
Gamerly Holding Ltd,1,,no,Betmonks,https://betmonks.com,2025-08-29,no,betmonks.com,not contacted,,
PRAECUS LLC,1,,no,1xbetanj,https://1xbetanj.com,2025-08-29,no,1xbetanj.com,not contacted,,
Fordegens Limitada,1,,no,Flush Crypto Casino,https://flush.com,2025-09-03,no,flush.com,not contacted,,
3-102-938312 SRL,1,,no,Xypoker1,https://xypoker1.com,2025-09-12,yes,xypoker1.com,not contacted,,
3-102-941073 SRL,1,,no,Betitor,https://betitor.com,2025-09-16,yes,betitor.com,not contacted,,
3-102-942477 SRL,1,,no,casinityx,https://casinityx.com,2025-09-16,yes,casinityx.com,not contacted,,
3-102-942611 SRL,1,,no,Slapperzz,https://slapperzz.com,2025-09-16,yes,slapperzz.com,not contacted,,
Blackwave Ltd.,1,,no,Kikabet,https://kikabet.com,2025-09-16,no,kikabet.com,not contacted,,
Final Whistle Ltd,1,,no,Gameside,https://gameside.io,2025-09-16,no,gameside.io,not contacted,,
Fortaluna Ltd,1,,no,Dadastake Casino,https://dadastake.com,2025-09-16,no,dadastake.com,not contacted,,
Hexiro Ltd,1,,no,AnuBet,https://anubet.com,2025-09-16,no,anubet.com,not contacted,,
Jackpot Junction Limited,1,,no,WildRoll Online Casino,https://wildroll.com,2025-09-16,no,wildroll.com,not contacted,,
Oxilium Limited,1,,no,Dustbit,https://dustbit.com,2025-09-16,no,dustbit.com,not contacted,,
PC Play365 Ltd,1,,no,Golden Clover Casino,https://goldenclovercasino.com,2025-09-16,no,goldenclovercasino.com,not contacted,,
Red Ace Limited,1,,no,7Red.com Online,https://7red.com,2025-09-16,no,7red.com,not contacted,,
Solidplay Group Limitada,1,,no,Lucky Spy Casino,https://luckyspy.com,2025-09-16,no,luckyspy.com,not contacted,,
Degen Legend Limitada,1,,no,Degen,https://degen.com,2025-09-19,no,degen.com,not contacted,,
3-102-938960 SRL,1,,no,Warriorbet,https://warriorbet.io,2025-09-30,yes,warriorbet.io,not contacted,,
3-102-940901 SRL,1,,no,TucanBit,https://tucanbit.io,2025-09-30,yes,tucanbit.io,not contacted,,
Metlait SRL,1,,no,Lucky Elf Casino,https://luckyelfcasino.com,2025-09-30,no,luckyelfcasino.com,not contacted,,
Rtech LTD,1,,no,Arba777,https://arba777.com,2025-09-30,no,arba777.com,not contacted,,
Karthala Ventures Ltd,1,,no,Megasino,https://megasino.win,2025-10-09,no,megasino.win,not contacted,,
Pacific Edge Ltd.,1,,no,YEET,https://yeet.com,2025-10-13,no,yeet.com,not contacted,,
3-102-939877 SRL,1,,no,IMPERIABET,https://imperia.bet,2025-10-16,yes,imperia.bet,not contacted,,
3-102-942052 SRL,1,,no,Casino 007,https://casino007.com,2025-10-16,yes,casino007.com,not contacted,,
3-102-943707 SRL,1,,no,Welvura,https://welvura1.com,2025-10-16,yes,welvura1.com,not contacted,,
GF CLUB Seven Seven Limitada,1,,no,Sports Betting & Online Casino,https://betet77.com,2025-10-16,no,betet77.com,not contacted,,
Lucky AML Ltd,1,,no,Jogue America Loto,https://americaloto.com,2025-10-16,no,americaloto.com,not contacted,,
MILLENNIUM LIMITED,1,,no,Case,https://case-battle.com,2025-10-16,no,case-battle.com,not contacted,,
Rich Able Developments Limited,1,,no,Exchange,https://maxxcric.com,2025-10-16,no,maxxcric.com,not contacted,,
Chance Ltd,1,,no,Chance,https://chance.net,2025-10-27,no,chance.net,not contacted,,
3-102-945833 SRL,1,,no,BUFFALO,https://buffalo-casino.com,2025-10-29,yes,buffalo-casino.com,not contacted,,
Asoftgame Limited,1,,no,BkmWin,https://bkmwin.com,2025-10-29,no,bkmwin.com,not contacted,,
Aurora Soft Ltd,1,,no,Loading,https://u.game,2025-10-29,no,u.game,not contacted,,
BeLion International Holdings Ltd.,1,,no,Forza.Bet,https://forzabet.live,2025-10-29,no,forzabet.live,not contacted,,
Nuveau Ltd,1,,no,Сoolt Casino Online,https://coolt.casino,2025-10-29,no,coolt.casino,not contacted,,
Savoska LLC,1,,no,Linebet,https://linebetglobal.com,2025-10-29,no,linebetglobal.com,not contacted,,
Strathvale Group Ltd,1,,no,Zunabet.com,https://zunabet.com,2025-10-29,no,zunabet.com,not contacted,,
Qos Entertainment Ltd,1,,no,라스벳,https://lasbet486.com,2025-11-07,no,lasbet486.com,not contacted,,
3-102-939534 SRL,1,,no,Play and win every day on Rumwin.com,https://rumwin.com,2025-11-08,yes,rumwin.com,not contacted,,
3-102-941391 SRL,1,,no,Casino,https://tomcasino.net,2025-11-15,yes,tomcasino.net,not contacted,,
Fruitopia Limited,1,,no,Angelspin,https://angelspin.com,2025-11-15,no,angelspin.com,not contacted,,
Fuego Ltd,1,,no,Fuegos,https://fuegos.bet,2025-11-15,no,fuegos.bet,not contacted,,
Prontogabriela SRL,1,,no,ᐈ Casino Online and Mobile,https://rooksbet.com,2025-11-15,no,rooksbet.com,not contacted,,
Bright Entertainment Inc,1,,no,porkbun.com,https://flex2bet.com,2025-11-19,no,flex2bet.com,not contacted,,
3-102-943011 SRL,1,,no,Play Casino Games with Bitcoin & Crypto,https://dicey.com,2025-11-30,yes,dicey.com,not contacted,,
3-102-946565 SRL,1,,no,8win,https://8win.com.my,2025-11-30,yes,8win.com.my,not contacted,,
3-102-948637 SRL,1,,no,sureWin,https://surewin168.com,2025-11-30,yes,surewin168.com,not contacted,,
Highcard Software SRL,1,,no,Blockchain Poker,https://blockchain.poker,2025-11-30,no,blockchain.poker,not contacted,,
Netsolution Holding Ltd.,1,,no,Bet502,https://bet502.com,2025-11-30,no,bet502.com,not contacted,,
Overcooked Entertainment Ltd.,1,,no,riskiiit,https://riskiiit.com,2025-11-30,no,riskiiit.com,not contacted,,
3-102-936714 SRL,1,,no,Stack.bet,https://stack.bet,2025-12-15,yes,stack.bet,not contacted,,
3-102-945060 SRL,1,,no,Lebull,https://lebull.com,2025-12-15,yes,lebull.com,not contacted,,
3-102-947042 SRL,1,,no,Temporary Auth,https://1winbets.pro,2025-12-15,yes,1winbets.pro,not contacted,,
3-102-948725 SRL,1,,no,Hyperwin,https://hyperwin.org,2025-12-15,yes,hyperwin.org,not contacted,,
Nexluck Ltd,1,,no,LUKKLY Casino,https://lukkly.com,2025-12-15,no,lukkly.com,not contacted,,
Nicosia Betting Ltd,1,,no,Ana Sayfa,https://kktcbet.com,2025-12-15,no,kktcbet.com,not contacted,,
Vega Technologies Holding Limited,1,,no,VegaBro Casino,https://vegabro.com,2025-12-15,no,vegabro.com,not contacted,,
3-102-946302 SRL,1,,no,Bolt Casino,https://bolt-casino.com,2025-12-22,yes,bolt-casino.com,not contacted,,
3-102-946905 SRL,1,,no,CS2SKIN,https://cs2skin.com,2025-12-22,yes,cs2skin.com,not contacted,,
3-102-948797 SRL,1,,no,TuBetRD,https://tubetrd.com,2025-12-22,yes,tubetrd.com,not contacted,,
Red Fisch Inc,1,,no,Return to Player,https://returntoplayer.io,2025-12-22,no,returntoplayer.io,not contacted,,
Triglyph Technologies Ltd,1,,no,SCATTR,https://scattr.com,2025-12-22,no,scattr.com,not contacted,,
VitaCore Limited,1,,no,Casino,https://wilderbet.com,2025-12-22,no,wilderbet.com,not contacted,,
Liberty Walk Ltd,1,,no,Nuevo Alojamiento,https://ohmywin.com,2026-01-05,no,ohmywin.com,not contacted,,
3-102-939867 Limitada,1,,no,DegenCity Casino,https://degencity.com,2026-01-15,no,degencity.com,not contacted,,
3-102-940146 SRL,1,,no,Redneckspins,https://redneckspins.com,2026-01-15,yes,redneckspins.com,not contacted,,
3-102-947122 SRL,1,,no,Jeevybet,https://jeevybet.com,2026-01-15,yes,jeevybet.com,not contacted,,
AZIZI GLOBAL GROUP INC,1,,no,AZIZIStake,https://azizistake.com,2026-01-15,no,azizistake.com,not contacted,,
Coderstuff Ltd.,1,,no,air1bet,https://ibitplay.com,2026-01-15,no,ibitplay.com,not contacted,,
EXENTIA LTD,1,,no,403,https://ilove.casino,2026-01-15,no,ilove.casino,not contacted,,
LeClub Bet Ltd,1,,no,LeClubBet,https://leclubbet.com,2026-01-15,no,leclubbet.com,not contacted,,
Meta Jack Inc.,1,,no,Crash2x Casino,https://crash2x.com,2026-01-15,no,crash2x.com,not contacted,,
SSA Technologies Ltd.,1,,no,Betbanksy,https://betbanksy.com,2026-01-15,no,betbanksy.com,not contacted,,
Star Moss Ltd,1,,no,Artemisbet,https://artemisbet.com,2026-01-15,no,artemisbet.com,not contacted,,
Xtreme Platforms Limited,1,,no,SpinXtreme,https://spinxtreme.com,2026-01-15,no,spinxtreme.com,not contacted,,
Zenorix Limited,1,,no,Hello There!,https://regal.casino,2026-01-22,no,regal.casino,not contacted,,
August Gaming Ltd,1,,no,Winro,https://winro.io,2026-01-24,no,winro.io,not contacted,,
Summer Spins Ltd,1,,no,Under maintenance,https://jogpix.com,2026-01-24,no,jogpix.com,not contacted,,
3-102-944260 SRL,1,,no,Sweatbet,https://sweatbet.io,2026-01-31,yes,sweatbet.io,not contacted,,
3-102-948639 SRL,1,,no,LikeCasino,https://like.casino,2026-01-31,yes,like.casino,not contacted,,
3-102-948660 SRL,1,,no,Rugs,https://rugs.fun,2026-01-31,yes,rugs.fun,not contacted,,
3-102-949997 SRL,1,,no,Hello There!,https://peakbet.io,2026-01-31,yes,peakbet.io,not contacted,,
3-102-950481 Limitada,1,,no,Hello There!,https://wildwin.io,2026-01-31,no,wildwin.io,not contacted,,
3-102-952740 SRL,1,,no,Winup,https://winup.io,2026-01-31,yes,winup.io,not contacted,,
BTR Gaming LTD,1,,no,Plump,https://plump.com,2026-01-31,no,plump.com,not contacted,,
FX Solutions Ltd,1,,no,Переход на новый сайт,https://fixa.casino,2026-01-31,no,fixa.casino,not contacted,,
Laulani Investment Ltd,1,,no,Oyun Zamanı!,https://roketbahis.com,2026-01-31,no,roketbahis.com,not contacted,,
Moon International Ltd,1,,no,Moon,https://moon.com,2026-01-31,no,moon.com,not contacted,,
Solid X Ltd,1,,no,GameSlots,https://gameslots.com,2026-02-01,no,gameslots.com,not contacted,,
Fuego Mediatech Ltd,1,,no,Nolimit,https://nolimit.com,2026-02-06,no,nolimit.com,not contacted,,
Kingslayer Entertainment Ltd,1,,no,Betoriz lic,https://betoriz.com,2026-02-06,no,betoriz.com,not contacted,,
Rivolo Limited,1,,no,Metawin,https://metawin.com,2026-02-16,no,metawin.com,not contacted,,
Novarex Media Ltd,1,,no,HIT,https://hit.com,2026-02-16,no,hit.com,not contacted,,
PJK Trading Ltd,1,,no,Online Poker & Casino Thailand,https://pokerjoker.com,2026-02-16,no,pokerjoker.com,not contacted,,
3-102-953033 SRL,1,,no,Batcasino,https://batcasino.bet,2026-02-28,yes,batcasino.bet,not contacted,,
3-102-954988 SRL,1,,no,Gamealotroyale,https://gamealotroyale.com,2026-02-28,yes,gamealotroyale.com,not contacted,,
AIC Enterprises LLC,1,,no,AppleiCasino,https://appleicasino.com,2026-02-28,no,appleicasino.com,not contacted,,
Ameriserv LLC,1,,no,SportifPro,https://sportifpro.com,2026-02-28,no,sportifpro.com,not contacted,,
Broken Tentacle Ltd,1,,no,Castle,https://castle.com,2026-02-28,no,castle.com,not contacted,,
Desert Star Limited,1,,no,Cola.com,https://cola.com,2026-02-28,no,cola.com,not contacted,,
Gridline Limited,1,,no,Craze Casino,https://craze.casino,2026-02-28,no,craze.casino,not contacted,,
3-102-944179 SRL,1,,no,🎰 Еномо Казино,https://enomocasino.com,2026-03-01,yes,enomocasino.com,not contacted,,
3-102-939685 SRL,1,,no,Online Casino ve Spor Bahisleri,https://maksibet.com,2026-03-08,yes,maksibet.com,not contacted,,
3-102-951260 SRL,1,,no,LugarBet,https://lugarbet.com,2026-03-14,yes,lugarbet.com,not contacted,,
3-102-954365 SRL,1,,no,Bettogames,https://bettogames.com,2026-03-14,yes,bettogames.com,not contacted,,
Ceylonite Ltd,1,,no,Betss,https://betss.com,2026-03-14,no,betss.com,not contacted,,
Purple Dragon Ltd.,1,,no,Flush.io,https://flush.io,2026-03-14,no,flush.io,not contacted,,
Rambo Corp Limited,1,,no,Slotzula,https://slotzula.com,2026-03-14,no,slotzula.com,not contacted,,
3-102-950194 SRL,1,,no,dalercasino.com,https://dalercasino.com,2026-03-31,yes,dalercasino.com,not contacted,,
BET Fusion Ltd,1,,no,Betfuze,https://betfuze.com,2026-03-31,no,betfuze.com,not contacted,,
Brightshore Solutions Ltd,1,,no,EZBET 이지벳,https://ezbet.com,2026-03-31,no,ezbet.com,not contacted,,
Obsidian Ventures Limited,1,,no,Azure Static Web Apps,https://maxxed.io,2026-03-31,no,maxxed.io,not contacted,,
Silverline Source Ltd,1,,no,알파벳/ALPHABET / Alphabet,https://alphabet79.com,2026-03-31,no,alphabet79.com,not contacted,,
SOLSTART LTD,1,,no,Solstake.tv,https://solstake.tv,2026-03-31,no,solstake.tv,not contacted,,
Vantage Crest Ltd,1,,no,Home / 10xwin,https://10x.win,2026-03-31,no,10x.win,not contacted,,
3-102-953867 SRL,1,,no,Play & Host Online Poker Clubs,https://pokerclubhub.com,2026-04-14,yes,pokerclubhub.com,not contacted,,
3-102-954977 SRL,1,,no,Platform,https://rolly.info,2026-04-14,yes,rolly.info,not contacted,,
3-102-959375 SRL,1,,no,Place.bet Partners,https://placebet.partners,2026-04-14,yes,placebet.partners,not contacted,,
AceQueen Limited,1,,no,MYBC Casino,https://mybc.game,2026-04-14,no,mybc.game,not contacted,,
Calla Pulse Ltd,1,,no,Playify,https://playify.com,2026-04-14,no,playify.com,not contacted,,
Fortuna Dynamics Ltd,1,,no,Default Landing Page,https://betlexo.com,2026-04-14,no,betlexo.com,not contacted,,
Golden Ridge Group Ltd,1,,no,Herkulbet,https://herkulbet.com,2026-04-14,no,herkulbet.com,not contacted,,
Legenddrop Ltd,1,,no,LegendDrop,https://legenddrop.com,2026-04-14,no,legenddrop.com,not contacted,,
2K Services Ltd,1,,no,2KBet,https://2k.bet,2026-04-29,no,2k.bet,not contacted,,
3-102-940372 SRL,1,,no,HelloCasino,https://hellocasino.io,2026-04-29,yes,hellocasino.io,not contacted,,
3-102-952153 SRL,1,,no,Kranz Top,https://kranz.top,2026-04-29,yes,kranz.top,not contacted,,
3-102-952738 SRL,1,,no,Pariland,https://pariland.com,2026-04-29,yes,pariland.com,not contacted,,
3-102-952820 SRL,1,,no,Reeljoy,https://reeljoy.com,2026-04-29,yes,reeljoy.com,not contacted,,
3-102-958311 SRL,1,,no,Cosmoracasinos,https://cosmoracasinos.com,2026-04-29,yes,cosmoracasinos.com,not contacted,,
3-102-959230 SRL,1,,no,Interwin,https://interwin.com,2026-04-29,yes,interwin.com,not contacted,,
Born Champion Entertainment Ltd,1,,no,Ganare,https://ganare.com,2026-04-29,no,ganare.com,not contacted,,
GK INTERACTIVE LTD,1,,no,Sinbet,https://sinbet.co.com,2026-04-29,no,sinbet.co.com,not contacted,,
Luminous Interactive Solutions Ltd,1,,no,Gorilla Casino,https://gorillacasinos.com,2026-04-29,no,gorillacasinos.com,not contacted,,
One Crane Studio Ltd,1,,no,Hype247,https://hype247.bet,2026-04-29,no,hype247.bet,not contacted,,
Blackmere Ltd,1,,no,Play and Predict,https://playandpredict.io,2026-05-11,no,playandpredict.io,not contacted,,
Thornwick Ltd,1,,no,Degenta,https://degenta.com,2026-05-11,no,degenta.com,not contacted,,
Satoshi Labs Ltd,1,,no,Mollydice,https://mollydice.com,2026-05-15,no,mollydice.com,not contacted,,
Skyborn Limited,1,,no,STAR.GG,https://star.gg,2026-05-15,no,star.gg,not contacted,,
